url,judul,tanggal,isi,image
https://www.iainpare.ac.id/blog/berita-1,Berita,3 Okt 2026,"Berita

Kegiatan dan Aktivitas terbaru dari Kampus

Humas IAIN Parepare

Dosen HTN IAIN Parepare Jadi Narasumber Pelatihan Relawan Penegakan Hukum Pemilu Bawaslu Sulsel

Humas IAIN Parepare — Dosen Hukum Tata Negara (HTN) IAIN Parepare, Dirga Achmad, S.H., M.H., menjadi narasumber dalam kegiatan Volunteer of Election Law Enforcement Training (V-ELEcT) yang diselenggar...

3 Okt 2026

Humas IAIN Parepare

325 Mahasiswa Ikuti GENCAR, Ma’had Al-Jami’ah IAIN Parepare Masuki Tahap Akhir Pembinaan

Humas IAIN Parepare - Gerakan Pembelajaran Baca Al-Qur’an (GENCAR) Ma’had Al-Jami’ah IAIN Parepare memasuki tahap akhir pembinaan bagi mahasiswa baru Tahun Akademik 2026/2027. Tahap ini ditandai denga...

2 Okt 2026

Humas IAIN Parepare

Keluarga Besar IAIN Parepare Tunjukkan Kepedulian, Hadir untuk Setiap Keluarga yang Berduka

Humas IAIN Parepare --- Kepergian Saripuddin, pegawai yang selama ini bertugas sebagai cleaning service di IAIN Parepare, menyisakan duka bagi keluarga besar kampus. Saripuddin yang akrab disapa Pak P...

2 Okt 2026

Humas IAIN Parepare

LP2M IAIN Parepare Perkuat Arah Riset dan Pengabdian, Roadmap Disusun hingga Tingkat Program Studi

Humas IAIN Parepare – Lembaga Penelitian dan Pengabdian kepada Masyarakat (LP2M) IAIN Parepare memperkuat arah pengembangan riset dan pengabdian kepada masyarakat melalui kegiatan Penyusunan dan Pengu...

2 Okt 2026

Humas IAIN Parepare

Humas IAIN Parepare — IAIN Parepare melaksanakan tes wawancara calon penerima Kartu Indonesia Pintar (KIP) Kuliah sebagai bagian dari rangkaian seleksi untuk memastikan bantuan pendidikan diberikan ke...

2 Okt 2026

Humas IAIN Parepare

Humas IAIN Parepare — Lembaga Penelitian dan Pengabdian kepada Masyarakat (LP2M) IAIN Parepare menggelar Penyusunan dan Penguatan Roadmap Penelitian dan Pengabdian kepada Masyarakat Tingkat Institut d...

2 Okt 2026

Humas IAIN Parepare

English Education Ranking One Competition, Prodi Pendidikan Bahasa Inggris Asah Daya Saing Mahasiswa

Humas IAIN Parepare - Program Studi Pendidikan Bahasa Inggris IAIN Parepare menggelar English Education Ranking One Competition sebagai wadah untuk mengasah kemampuan akademik sekaligus meningkatkan s...

1 Okt 2026

Humas IAIN Parepare

Kuliah Umum, Fakultas Tarbiyah Dorong Mahasiswa Berpikir Kritis dan Hadirkan Riset Berdampak

Humas IAIN Parepare - Fakultas Tarbiyah Institut Agama Islam Negeri (IAIN) Parepare menggelar Kuliah Umum bertema “Transformasi Pendidikan Islam dalam Indonesia Berkelanjutan: Literasi Kritis, Akultur...

1 Okt 2026

Humas IAIN Parepare

Persiapan Akreditasi Program Studi SPI, FUAD Perkuat Koordinasi Tim

Humas IAIN Parepare - Fakultas Ushuluddin, Adab dan Dakwah (FUAD) IAIN Parepare menggelar rapat teknis persiapan akreditasi Program Studi Sejarah Peradaban Islam (SPI), Kamis, 1 Oktober 2026, di Ruang...

1 Okt 2026

Humas IAIN Parepare

Humas IAIN Parepare — Institut Agama Islam Negeri (IAIN) Parepare menggelar upacara peringatan Hari Kesaktian Pancasila di Lapangan Moderasi Beragama, Kamis (1/10/2026). Mengusung tema “Pancasila Peme...

1 Okt 2026

Humas IAIN Parepare

Dorong Budaya Apresiasi, Kepala Biro AUAK Bahas Penghargaan Tendik

Humas IAIN Parepare --- Penguatan budaya kerja di lingkungan IAIN Parepare terus diarahkan pada terciptanya tata kelola yang profesional, produktif, dan berorientasi pada peningkatan kualitas layanan....

1 Okt 2026

Humas IAIN Parepare

60 ASN IAIN Parepare Ikuti Profiling Manajemen Talenta, Pemetaan Potensi untuk Pengembangan SDM

Humas IAIN Parepare - Sebanyak 60 Aparatur Sipil Negara (ASN) Institut Agama Islam Negeri (IAIN) Parepare mengikuti _Profiling_ Manajemen Talenta ASN yang dilaksanakan di Laboratorium Komputer, Gedung...

30 Sep 2026",https://ppid.iainpare.ac.id/web/image/9153-426f4a8e/700x0/gedung-rektorat.png
https://www.iainpare.ac.id/blog/media-highlights-28,Media Highlights,19 Des 2025,"Media Highlights

Sorotan Media

Humas IAIN Parepare

detik.com : Pakar IAIN Parepare: Disharmoni Pemkot-DPRD Ancam Iklim Investasi.

Menanggapi polemik penetapan APBD 2026 dan ketidakhadiran Pemkot dalam rapat paripurna, Pakar Hukum Tata Negara IAIN Parepare, Rusdianto Sudirman, memberikan analisis tajam. Ia memperingatkan bahwa in...

19 Des 2025

Humas IAIN Parepare

pijarnews.com : IAIN Parepare Masuk PTKIN Top 10 Nasional KIP 2025

Tembus Top 10 Nasional! IAIN Parepare sukses mengukir sejarah baru dengan meraih predikat ""Badan Publik Informatif"" pada Anugerah Keterbukaan Informasi Publik (KIP) 2025. Dengan skor 93,39 , IAIN Pare...

19 Des 2025",https://ppid.iainpare.ac.id/web/image/9153-426f4a8e/700x0/gedung-rektorat.png
https://www.iainpare.ac.id/blog/kisah-inspiratif-30,Kisah Inspiratif,19 Des 2025,"Kisah Inspiratif

Humas IAIN Parepare

Inspiratif, Mahasiswa IAIN Parepare Aktif Kuliah, Jadi Aktivis dan Bekerja Sekaligus

Humas IAIN Parepare --- Di tengah padatnya aktivitas perkuliahan, Muhammad Ehkzan Kamaruddin, mahasiswa Program Studi Hukum Tata Negara, Fakultas Syariah dan Ilmu Hukum Islam (FSIHI) IAIN Parepare, ta...

19 Des 2025

1130

Humas IAIN Parepare

Inspirational, IAIN Parepare Students Actively Attend Classes, Become Activists and Work Simultaneously

Public Relations IAIN Parepare --- Amidst the busy academic activities, Muhammad Ehkzan Kamaruddin, a student of the Constitutional Law Study Program, Faculty of Sharia and Islamic Law (FSIHI) IAIN Pa...

19 Des 2025",https://ppid.iainpare.ac.id/web/image/9153-426f4a8e/700x0/gedung-rektorat.png
https://www.iainpare.ac.id/blog/essai-34/perisai-digital-perlindungan-konsumen-digital-terhadap-penipuan-online-pinjol-ilegal-dan-kebocoran-data-konsumen-6705,"“PERISAI DIGITAL”: PERLINDUNGAN KONSUMEN DIGITAL TERHADAP PENIPUAN ONLINE, PINJOL ILEGAL, DAN KEBOCORAN DATA KONSUMEN","1 Oktober, 2026","“PERISAI DIGITAL”: PERLINDUNGAN KONSUMEN DIGITAL TERHADAP PENIPUAN ONLINE, PINJOL ILEGAL, DAN KEBOCORAN DATA KONSUMEN

OLEH: DR. ZAINAL SAID.,MH  (DOSEN FAKULTAS SYARIAH DAN ILMU HUKUM IAIN PAREPARE)

1 Oktober, 2026

oleh

Humas IAIN Parepare

Perlindungan konsumen

digital dapat dianalogikan

seperti

perisai

. Dalam medan perang klasik,

perisai dipakai untuk melindungi

tubuh dari serangan

yang datang tiba-tiba.

Dalam

medan

digital, perisai itu

diperlukan untuk melindungi konsumen

dari

serangan

yang

tidak selalu terlihat: pesan palsu, tautan

berbahaya, toko daring fiktif,

pinjaman online ilegal, penyalahgunaan data pribadi,

pencurian

identitas, dan

kebocoran data. Konsumen

digital hari

tidak lagi hanya berhadapan dengan

penjual di pasar

fisik, tetapi dengan

aplikasi,

algoritma,

sistem pembayaran, iklan

digital, media sosial,

pinjol,

marketplace, dan

pengendali data.

Karena itu, semakin luas ruang

digital, semakin besar pula kebutuhan terhadap perisai

hukum

yang mampu menjaga konsumen

dari kerugian

ekonomi, pelanggaran

privasi,

manipulasi informasi,

dan penyalahgunaan data.

Masalah perlindungan konsumen digital menjadi semakin

penting karena transaksi masyarakat telah berpindah secara cepat ke ruang

online. Belanja, pembayaran,

pinjaman, investasi, pendidikan, transportasi, layanan kesehatan, hingga komunikasi sosial kini banyak

dilakukan melalui platform digital. Pada satu sisi, digitalisasi memberikan kemudahan, efisiensi, dan

perluasan

akses ekonomi. Namun

pada sisi lain, ruang

digital juga membuka

peluang

baru bagi pelaku kejahatan. Dalam metafora perisai,

teknologi memberi manusia

kendaraan

yang

cepat, tetapi tidak selalu memberi pelindung yang

cukup kuat. Akibatnya, konsumen sering

masuk

ke ruang digital dengan kepercayaan

tinggi, tetapi dengan

perlindungan hukum, literasi,

kewaspadaan

yang belum memadai.

Fenomena pertama yang menjadi ancaman serius adalah penipuan online. Bentuknya beragam,

seperti toko fiktif,

investasi bodong,

pesan hadiah palsu,

phishing, social

engineering, penipuan transfer, akun

palsu, tautan

palsu, hingga penyamaran sebagai lembaga resmi.

Kementerian

Komunikasi dan Digital pada 2026

menyoroti meningkatnya ancaman

penipuan digital di Indonesia, dengan estimasi kerugian scam sekitar Rp7,5 triliun

berdasarkan

laporan Global Anti-Scam Alliance (Komdigi,

2026). Angka tersebut menunjukkan

bahwa penipuan

digital bukan lagi masalah

kecil atau

kasuistis, tetapi telah

menjadi persoalan struktural dalam ekosistem ekonomi digital.

Dalam konteks ini, konsumen

membutuhkan perisai berupa literasi digital, sistem pelaporan cepat, pemblokiran rekening, pengawasan platform, dan

penegakan hukum lintas sektor.

Fenomena kedua adalah pinjaman online ilega

atau pinjol ilegal. Pinjol ilegal bekerja seperti jebakan

yang

tampak sebagai pertolongan cepat, tetapi sering berubah menjadi tekanan

psikologis,

bunga tidak wajar, penyalahgunaan kontak

pribadi,

intimidasi,

penyebaran

data,

teror penagihan. OJK mencatat bahwa sejak 1 Januari sampai 23

Mei 2025 terdapat 5.287

pengaduan terkait entitas ilegal,

terdiri atas 4.344 pengaduan

pinjaman online ilegal dan 943 pengaduan investasi ilegal (Otoritas Jasa Keuangan,

2025). Bahkan pada periode Januari sampai 30 September

2025, OJK menerima 17.531

pengaduan

terkait

entitas ilegal,

dengan 13.999 pengaduan mengenai pinjaman online ilegal dan 3.532 pengaduan

investasi ilegal (Otoritas Jasa Keuangan, 2025).

Data ini memperlihatkan bahwa pinjol ilegal bukan sekadar

pelanggaran administrasi, melainkan ancaman

nyata terhadap

martabat,

keamanan ekonomi,

privasi konsumen.

Dalam metafora perisai, pinjol ilegal menyerang pada titik paling

rentan konsumen, yaitu kebutuhan

ekonomi yang mendesak.

Orang

yang

membutuhkan

uang

cepat sering tidak

sempat membaca syarat, memeriksa legalitas,

atau

memahami risiko akses data pribadi. Di

sinilah pelaku pinjol ilegal memanfaatkan

celah: menawarkan proses cepat, tanpa verifikasi

ketat, tetapi kemudian mengenakan

bunga tinggi, denda berlapis,

dan penagihan intimidatif. OJK melalui Satgas PASTI menyatakan telah

menghentikan ribuan

entitas ilegal; hingga 31 Mei 2025, Satgas PASTI telah menghentikan 13.228 entitas keuangan ilegal, termasuk 11.166 entitas pinjaman

online ilegal/pinpri (Otoritas Jasa Keuangan,

2025). Perisai hukum

dalam hal ini tidak

cukup hanya berupa pemblokiran aplikasi, tetapi juga perlindungan

data

pribadi, edukasi keuangan,

penindakan terhadap penyebaran

data, dan

pemulihan korban.

Fenomena ketiga adalah kebocoran data konsumen.

Dalam ekonomi digital, data pribadi

adalah

kunci akses menuju layanan. Konsumen

sering

menyerahkan nama, alamat,

nomor

telepon, NIK, foto KTP,

rekening,

riwayat transaksi, lokasi,

bahkan

kontak

pribadi.

Jika data ini bocor,

maka konsumen dapat menjadi sasaran

penipuan, pinjol ilegal,

pencurian identitas,

spam,

pemerasan, atau

profiling

komersial.

Komdigi dalam publikasi statistik aplikasi

informatika mencatat bahwa menurut data Surfshark, Indonesia berada pada urutan

ke-21 negara dengan

jumlah kasus kebocoran data terbanyak

di dunia, dengan

13,90 juta akun/data

yang mengalami kebocoran

sepanjang 2023 hingga 29 Januari 2024 (Komdigi, 2024).

Fakta ini menunjukkan

bahwa perlindungan konsumen digital tidak

dapat dipisahkan

dari pelindungan data pribadi.

Secara hukum, konsumen digital dilindungi oleh

beberapa instrumen utama. Pertama, UU No. 8 Tahun 1999 tentang Perlindungan Konsumen memberikan

hak kepada konsumen atas kenyamanan, keamanan, keselamatan,

serta hak atas informasi yang

benar, jelas, dan

jujur

mengenai kondisi dan

jaminan

barang

dan/atau jasa (Republik

Indonesia, 1999). Kedua, UU No.

27 Tahun 2022 tentang Pelindungan Data Pribadi menegaskan

bahwa

pelindungan data pribadi merupakan bagian

dari hak asasi manusia dan memberikan dasar hukum

bagi perlindungan subjek

data pribadi (Republik

Indonesia, 2022). Ketiga, POJK No.22

Tahun 2023 memperkuat pelindungan konsumen dan

masyarakat di sektor

jasa keuangan,termasuk karena digitalisasi produk

dan layanan

keuangan semakin kompleks dan

dinamis (Otoritas Jasa Keuangan,

2023). Dengan demikian,

perisai hukum konsumen

digital telah tersedia, tetapi efektivitasnya bergantung pada implementasi, pengawasan,

literasi, dan penegakan.

Perlindungan konsumen

digital juga harus dipahami sebagai perlindungan terhadap

ketimpangan posisi tawar. Dalam transaksi digital, konsumen

sering berada pada posisi

lemah. Mereka hanya menekan tombol “setuju”,

menerima syarat layanan yang

panjang, mengisi data pribadi,

mengikuti mekanisme platform tanpa benar-benar memahami konsekuensinya. Pelaku usaha digital,

platform, penyelenggara jasa keuangan,

dan pengendali data memiliki informasi, teknologi, dan

kekuasaan sistem yang

jauh

lebih

besar.

Oleh

karena itu,

hukum perlindungan

konsumen harus menjadi perisai yang

menyeimbangkan

relasi tersebut.

Tanpa perisai hukum, konsumen hanya menjadi objek pasar: datanya diambil, perilakunya dianalisis,

pilihannya diarahkan,

dan kerugiannya sering dibebankan kepada dirinya sendiri.

Penipuan online

menunjukkan

bahwa informasi digital dapat dipalsukan

dengan

mudah. Logo

lembaga resmi dapat ditiru, akun

media sosial dapat dipalsukan,

testimoni dapat

direkayasa,

tautan dapat dibuat menyerupai situs asli.

Dalam konteks ini, hak

konsumen atas informasi benar, jelas,

jujur menjadi sangat penting.

Konsumen tidak

hanya

membutuhkan informasi tentang

harga dan kualitas barang,

tetapi juga keaslian

penjual,

keamanan pembayaran, mekanisme pengaduan,

status legalitas platform, serta perlindungan apabila terjadi penipuan. Jika pelaku

usaha atau

platform membiarkan

penipuan

berlangsung

tanpa sistem pencegahan

yang

memadai, maka perisai konsumen

menjadi berlubang.

Pinjol ilegal memperlihatkan bentuk

lain dari kegagalan

perlindungan

konsumen digital,

yaitu ketika kebutuhan ekonomi masyarakat bertemu dengan literasi hukum dan

keuangan

yang rendah. Banyak konsumen tidak

mampu membedakan

pinjol legal dan

ilegal. Padahal, perbedaan itu

sangat penting.

Pinjol legal tunduk

pada pengawasan OJK,

memiliki kewajiban transparansi,

batasan

perilaku penagihan,

mekanisme pengaduan.

Pinjol ilegal beroperasi di luar pengawasan

dan sering

menggunakan

data pribadi sebagai alat tekanan.

bersama Satgas PASTI bahkan mengajukan pemblokiran

ribuan

nomor kontak penagih pinjol ilegal

kepada Kementerian

Komunikasi dan

Digital (Otoritas Jasa Keuangan, 2025). Artinya, serangan pinjol ilegal tidak hanya melalui aplikasi, tetapi juga melalui jaringan komunikasi

yang menekan

psikologi korban.

Kebocoran data konsumen menjadi persoalan yang lebih

mendasar karena data adalah pintu masuk bagi banyak

kejahatan

digital. Sekali data bocor,

konsumen dapat terus menjadi sasaran

berulang.

Nomor telepon

yang

bocor dapat dipakai untuk spam dan scam; NIK dan

KTP dapat disalahgunakan untuk pendaftaran

layanan; foto

pribadi dapat dipakai untuk intimidasi; data transaksi dapat dipakai untuk

profiling.

PDP hadir untuk

menegaskan

bahwa data pribadi bukan

sekadar informasi teknis, melainkan bagian

dari

hak pribadi yang

wajib

dilindungi (Republik Indonesia, 2022). Dalam metafora perisai, pelindungan

data

adalah lapisan terdalam.

Jika lapisan ini pecah, maka serangan

berikutnya akan lebih mudah

masuk.

Secara praktis, perlindungan konsumen digital tidak boleh

hanya dibebankan kepada konsumen. Memang konsumen harus berhati-hati, memeriksa legalitas, tidak mudah

membagikan OTP,

tidak mengklik tautan mencurigakan,

dan menggunakan kanal resmi. Namun, tanggung

jawab

terbesar tetap

berada pada negara,

pelaku

usaha, platform digital, penyelenggara sistem elektronik, lembaga keuangan, dan

pengendali data. Negara wajib

menyediakan regulasi,

pengawasan,

penegakan,

mekanisme pemulihan korban. Platform wajib membangun sistem deteksi penipuan.

Lembaga keuangan

wajib menindaklanjuti laporan transaksi mencurigakan. Pengendali data wajib menjaga keamanan

data.

Pelaku usaha wajib

memberi informasi yang benar. Perisai konsumen harus dibangun bersama, bukan

hanya diserahkan kepada konsumen yang

sering

menjadi pihak

paling lemah.

Secara akademik, isu

perlindungan

konsumen digital penting

karena memperluas kajian

hukum perlindungan

konsumen dari transaksi konvensional menuju

transaksi berbasis data, platform, dan algoritma.

Hukum perlindungan konsumen tidak

lagi cukup membahas cacat barang, klausula baku,

atau

informasi harga, tetapi juga harus membahas penipuan digital,

tanggung jawab platform, pinjol ilegal, kebocoran data, pemrosesan

data pribadi, keamanan siber,

dan pemulihan

korban.

Kajian ini juga penting untuk

mempertemukan hukum perlindungan

konsumen, hukum data pribadi,

hukum siber, hukum

jasa keuangan, dan

hukum pidana ekonomi dalam satu

kerangka perlindungan

konsumen digital.

Secara praktis, isu ini penting

karena kerugian konsumen

digital bersifat cepat, masif,

dan lintas wilayah. Dalam transaksi konvensional,

kerugian

sering terjadi antara satu penjual dan satu pembeli di lokasi tertentu. Dalam ruang

digital, satu

tautan palsu dapat menipu

ribuan

orang; satu aplikasi pinjol ilegal dapat mengakses ribuan

kontak; satu

kebocoran

data

dapat berdampak

pada jutaan konsumen. Oleh

karena itu, model perlindungan juga harus cepat,

terintegrasi, dan

berbasis teknologi.

telah membentuk Indonesia

Anti-Scam Centre/IASC

sebagai pusat penanganan

penipuan

transaksi keuangan,

yang

sejak

November 2024 berfungsi untuk memperkuat penanganan laporan

penipuan keuangan (Otoritas Jasa Keuangan,

2024). Kehadiran pusat semacam ini menunjukkan

bahwa perisai perlindungan

konsumen digital harus berbentuk sistem, bukan

hanya norma tertulis.

Namun, masih ada kesenjangan

antara aturan dan

realitas. Konsumen

sering tidak tahu

ke mana harus melapor. Proses pemulihan dana tidak

selalu mudah.

Pelaku

penipuan cepat mengganti akun, nomor,

rekening,

aplikasi. Kebocoran

data sulit ditelusuri sumbernya. Pinjol ilegal dapat muncul kembali dengan

nama baru.

Platform kadang

lambat merespons

laporan. Aparat penegak

hukum menghadapi keterbatasan

teknis dan yurisdiksi.

Kondisi ini menunjukkan

bahwa hukum yang

baik

harus didukung oleh

teknologi pengawasan, koordinasi antar-lembaga,

edukasi publik,

mekanisme kompensasi yang efektif.

Dalam perspektif

keadilan

konsumen, perlindungan digital harus berorientasi pada korban. Konsumen

yang tertipu atau

datanya bocor tidak

boleh

hanya diberi nasihat agar “lebih

berhati-hati”.

Mereka membutuhkan mekanisme pengaduan yang

mudah, pembekuan rekening cepat, investigasi,

pemulihan kerugian,

penghapusan data yang disalahgunakan,

dan sanksi bagi pelaku.

Perisai yang

baik bukan hanya menahan

serangan, tetapi juga membantu korban

berdiri kembali setelah

terkena serangan. Karena itu,

perlindungan konsumen

digital

harus menggabungkan

pencegahan,

pengawasan,

penindakan, dan

pemulihan.

Dalam metafora perisai,

konsumen digital berada di medan

yang

terus berubah. Serangan

tidak

lagi selalu datang dalam bentuk pedagang curang di pasar, tetapi dalam bentuk pesan

WhatsApp, aplikasi palsu, tautan

phishing,

pinjol ilegal,

kebocoran

data, dan iklan manipulatif. Perisai hukumnya harus lebih

kuat

dari sekadar

aturan

lama. Ia harus lentur menghadapi teknologi, tajam dalam menindak pelanggaran,

dan cukup

dekat dengan masyarakat agar

mudah digunakan. Perisai itu

harus terdiri dari regulasi,

literasi, pengawasan, tanggung jawab

platform,

keamanan

data,

dan akses pemulihan

korban.

Kesimpulannya, perlindungan

konsumen digital merupakan kebutuhan mendesak

karena

masih tingginya kasus penipuan

online, pinjol ilegal, dan kebocoran

data konsumen. UU

Perlindungan

Konsumen, UU PDP, POJK Perlindungan

Konsumen, Satgas PASTI,

dan IASC adalah bagian

dari

perisai hukum yang

telah dibangun. Namun, perisai itu

harus terus diperkuat karena pola serangan

digital semakin cepat, tersembunyi, dan kompleks. Konsumen

digital tidak

cukup hanya diberi akses pasar, tetapi juga harus diberi rasa aman. Sebab dalam ekonomi digital yang sehat, konsumen bukan mangsa dari teknologi, melainkan subjek hukum

yang hak, data, martabat,

dan keamanan ekonominya wajib dilindungi.

Editor / Layout : Tasrif

Referensi

Kementerian Komunikasi dan Digital Republik Indonesia. (2026).

Angka kerugian

scam di Indonesia

capai Rp7,5 triliun: Wamen Nezar dorong

pelindungan konsumen

digital

Komdigi.

Kementerian Komunikasi dan

Informatika Republik Indonesia.

(2024).

Data statistik aplikasi informatika 2023: Kondisi pelindungan data pribadi

. Kementerian

Komunikasi dan

Informatika.

Otoritas Jasa Keuangan.

(2023).

Peraturan Otoritas Jasa

Keuangan Nomor 22 Tahun 2023 tentang Pelindungan

Konsumen dan Masyarakat di Sektor Jasa Keuangan

. OJK.

Otoritas Jasa Keuangan.

(2024).

Satgas PASTI

blokir 796 entitas ilegal di Oktober sampai

dengan Desember 2024

OJK.

Otoritas Jasa Keuangan.

(2025).

Siaran pers: Sektor jasa keuangan

stabil dan

berdaya

tahan turut mendukung

peningkatan pertumbuhan ekonomi nasional

OJK.

Otoritas Jasa Keuangan.

(2025).

Siaran pers: Sektor jasa keuangan

yang stabil dan

adaptif mendukung

pertumbuhan

ekonomi nasional

. OJK.

Otoritas Jasa Keuangan.

(2025).

Satgas PASTI

blokir 507 aktivitas dan entitas keuangan

ilegal, minta masyarakat waspadai penipuan yang semakin marak

OJK.

Republik

Indonesia. (1999).

Undang-Undang Nomor 8 Tahun

1999 tentang Perlindungan

Konsumen

. Lembaran

Negara Republik

Indonesia Tahun 1999 Nomor 42.

Republik

Indonesia. (2022).

Undang-Undang Nomor 27 Tahun

2022 tentang Pelindungan

Data Pribadi

. Lembaran

Negara Republik

Indonesia Tahun

2022 Nomor 196.

Susanto, H.

(2022). Perlindungan konsumen digital dalam transaksi elektronik

di Indonesia.

Jurnal Hukum dan

Pembangunan

Ekonomi

Wahyuni, S.

(2024). Pinjaman

onlineilegaldan

perlindungan hukumkonsumen dalam ekosistemkeuangan digital.

Jurnal Hukum Ekonomi Syariah

dan Teknologi Keuangan

di dalam

Essai

Humas IAIN Parepare

1 Oktober 2026

blog kami

Riset

Opini

Kerja sama

Zona Integitasme

Berita

Pengumuman

Podcast

Media Highlights

Kisah Inspiratif

Essai

Arsip

Semua tanggal

Juni

2026

Juli

2026

Agustus

2026

September

2026

Oktober

2026

Masuk

untuk meninggalkan komentar

Baca Berikutnya

“ CAHAYA YG DISANGKA MILIK SEMUA”: KESADARAN HUKUM YG RENDAH TERHADAP KONTEN INTERNET DAN KEKELIRUAN MEMAHAMI PUBLIC DOMAIN.

OLEH: DR. ZAINAL SAID.,MH (DOSEN FAKULTAS SYARIAH DAN ILMU HUKUM IAIN PAREPARE",https://ppid.iainpare.ac.id/web/image/9153-426f4a8e/700x0/gedung-rektorat.png
https://www.iainpare.ac.id/blog/opini-5,Opini,1 Okt 2026,"Opini

Opini

Humas IAIN Parepare

Dari Memori Sejarah ke Kompas Masa Depan: Memaknai Kesaktian Pancasila di Perguruan Tinggi

Setiap 1 Oktober, bangsa Indonesia diajak kembali menengok sejarah. Namun, sejarah akan kehilangan maknanya apabila hanya dikenang sebagai rangkaian peristiwa masa lalu. Hari Kesaktian Pancasila sehar...

1 Okt 2026

Humas IAIN Parepare

Politik Viral dan Krisis Kepercayaan Publik

Ada satu hukum tak tertulis dalam politik digital hari ini yaitu kecepatan mengalahkan kebenaran, dan kegaduhan mengalahkan substansi. Sebuah pernyataan pejabat, potongan pidato belasan detik, atau sa...

29 Agu 2026

Humas IAIN Parepare

Filosofi Bura' dan Sokko: Membumikan Nilai Maulid Nabi  Demi Ketahanan SDM di Era Gejolak

Bulan Rabiul Awal menyapa tanah Bugis dan sekitarnya, akan terlihat pelataran masjid hingga aula desa mendadak riuh oleh pemandangan warna-warni batang pohon pisang yang dihias kertas minyak dan ditan...

27 Agu 2026

Humas IAIN Parepare

Dari Panggung Wisuda, ""Alama Sea-Sea"" Mengingatkan: Jangan Pernah Berhenti Belajar

Mendengar lantunan elong Alama Sea-Sea untuk pertama kalinya, sekilas saya sudah dapat menangkap pesan yang disampaikan. Ada sesuatu yang terasa menyentuh dan lirih dari lantunannya yang sederhana, da...

22 Agu 2026

Humas IAIN Parepare

Terperangkap di Atas Treadmill Ekonomi, Sisi Gelap di Balik Gurihnya Bisnis Gorengan

Setiap sore menjelang magrib, pemandangan di pinggir jalan Kota Parepare selalu sama, kepulan asap dari wajan aluminium besar, aroma tajam bumbu penyedap sering kita hirup sebagai pertanda jajanan ini...

5 Agu 2026

1087

Humas IAIN Parepare

Palu dan Pelajaran tentang Cara Bangkit

Ada kota yang dikenang karena kemegahan bangunannya. Ada yang diingat karena keindahan bentang alamnya. Namun, ada pula kota yang melekat di hati karena kemampuannya bangkit setelah dihantam duka. Pal...

15 Jul 2026

Humas IAIN Parepare

Hijrah Financial: Buah Tangan Rakernas AFEBIS di Jogjakarta

Humas IAIN Parepare --- Rapat Kerja Nasional (Rakernas) Asosiasi Fakultas Ekonomi dan Bisnis Islam (AFEBIS) yang berlangsung di Jogjakarta 14-16 Juni 2026 ini bukan sekadar agenda tahunan seremonial. ...

16 Jun 2026

Humas IAIN Parepare

Menuntaskan Amanah, Memudahkan Sesama

Humas IAIN Parepare --- Ada satu hal sederhana yang sering luput dari perhatian kita dalam dunia kerja. Kita mengira bahwa menyelesaikan tugas hanyalah urusan pribadi, sesuatu yang harus dituntaskan k...

8 Jun 2026

Humas IAIN Parepare

Kalau Uang Negara Tidak Ada, Kenapa Harus Lawatan ke Luar Negeri?

Baru-baru ini ada pernyataan yang menarik ketika Sekretaris Kabinet Teddy Indra Wijaya membuat video meluruskan argumentasi yang menyinggung soal diplomasi yang memakai kas negara dan dompet pribadi. ...

4 Jun 2026

Humas IAIN Parepare

Membumikan Pancasila melalui Paradigma Al-Fikr Al-Mu‘asir dan Eksistensi Ideologi Negara

Pancasila tidak lahir dari ruang hampa. Ia tumbuh dari pergulatan panjang sejarah bangsa yang dihuni oleh beragam suku, budaya, bahasa, dan keyakinan. Karena itu, Pancasila bukan sekadar teks konstitu...

1 Jun 2026

Humas IAIN Parepare

Pancasila dan Perguruan Tinggi: Merawat Nilai di Tengah Perubahan Zaman

Setiap tanggal 1 Juni, bangsa ini kembali diingatkan pada satu hal yang sederhana, tetapi sangat mendasar, yaitu tentang dasar bersama yang mempersatukan Indonesia. Namun, lebih dari sekadar peringata...

1 Jun 2026

Humas IAIN Parepare

Pancasila Pemersatu Bangsa, Fondasi Perdamaian Dunia

Pancasila merupakan dasar negara, pandangan hidup, dan sumber nilai yang mempersatukan seluruh elemen bangsa Indonesia. Dalam kehidupan kebangsaan yang majemuk, Pancasila hadir sebagai titik temu yang...

1 Jun 2026

2633",https://ppid.iainpare.ac.id/web/image/9153-426f4a8e/700x0/gedung-rektorat.png
https://www.iainpare.ac.id/blog/essai-34,Essai,1 Okt 2026,"Essai

Humas IAIN Parepare

“PERISAI DIGITAL”: PERLINDUNGAN KONSUMEN DIGITAL TERHADAP PENIPUAN ONLINE, PINJOL ILEGAL, DAN KEBOCORAN DATA KONSUMEN

Perlindungan konsumen digital dapat dianalogikan seperti perisai . Dalam medan perang klasik, perisai dipakai untuk melindungi tubuh dari serangan yang datang tiba-tiba. Dalam medan digital, perisai i...

1 Okt 2026

Humas IAIN Parepare

“ CAHAYA YG DISANGKA MILIK SEMUA”: KESADARAN HUKUM YG RENDAH TERHADAP KONTEN INTERNET DAN KEKELIRUAN MEMAHAMI PUBLIC DOMAIN.

Internet dapat dianalogikan seperti ruang besar yang dipenuhi cahaya. Setiap hari, jutaan foto, video, musik, tulisan, desain, ilustrasi, poster, dan karya digital menyala di layar ponsel dan komputer...

28 Sep 2026

Humas IAIN Parepare

“BINGKAI LABA YG TERTUTUP”: PENAHANAN LABA YG BERLEBIHAN, RETAINED EARNINGS, DAN HAK PEMEGANG SAHAM ATAS DEVIDEN”.

Laba perusahaan dapat dianalogikan seperti lukisan. Ia adalah hasil kerja, modal, risiko, strategi, dan kepercayaan para pemegang saham. Agar lukisan itu bernilai, ia membutuhkan bingkai. Bingkai berf...

24 Sep 2026

Humas IAIN Parepare

“BENDERA REPUTASI YG DICURI”: PRAKTIK PENDAFTARAN MEREK DAGANG MILIK PIHAK LAIN DALAM SISTEM FIRST-TO-FILE

Merek dagang dapat dianalogikan seperti bendera. Bendera bukan sekadar kain yang dikibarkan di atas tiang, melainkan tanda identitas, kehormatan, reputasi, dan pengakuan. Ketika sebuah bendera berkiba...

22 Sep 2026

Humas IAIN Parepare

“GORDEN DIGITAL” PREDATORY PRICING, AKUISISI TERSELUBUNG, DAN MONOPOLI RANTAI PASOK DIGITAL YG MERUGIKAN UMKM.

Dalam dunia usaha digital, persaingan pasar dapat dianalogikan seperti gorden di sebuah rumah. Gorden berfungsi mengatur cahaya: ia dapat dibuka agar ruangan terang, atau ditutup agar bagian dalam rum...

17 Sep 2026

Humas IAIN Parepare

“TEMBOK” KONTRAK YG RETAK: RENDAHNYA EFISIENSI PENEGAKAN KONTRAK KETIKA TERJADI WANPRESTASI.

Kontrak dalam dunia bisnis dapat diibaratkan sebagai tembok. Ia dibangun untuk memberi batas, perlindungan, kepastian, dan rasa aman bagi para pihak yang bersepakat. Seperti tembok rumah yang memisahk...

14 Sep 2026

Humas IAIN Parepare

“LAMPU” DAN INFORMASI PRODUK YANG TIDAK TRANSPARAN: PERLINDUNGAN KONSUMEN DALAM HUKUM EKONOMI INDONESIA

Pendahuluan Informasi produk ibarat lampu dalam ruang transaksi. Tanpa lampu, konsumen masuk ke pasar dalam keadaan remang-remang: melihat barang, tetapi tidak mengetahui mutunya; membaca harga, tetap...

6 Agu 2026

Humas IAIN Parepare

“BOTOL” DAN KEWAJIBAN MENGGUNAKAN SISTEM PEMBAYARAN TERTENTU: ANTARA EFISIENSI DIGITAL, KEBEBASAN KONSUMEN, DAN KEADILAN PASAR

Pendahuluan Sistem pembayaran dalam ekonomi digital ibarat botol. Ia adalah wadah yang menampung aliran transaksi: uang masuk, uang keluar, nilai berpindah, barang dibeli, jasa dibayar, dan hubungan e...

30 Jul 2026

Humas IAIN Parepare

“KERETA” DAN PERSAINGAN USAHA TIDAK SEHAT DI INDONESIA

Pendahuluan Persaingan usaha dalam ekonomi ibarat perjalanan sebuah kereta. Relnya adalah hukum, lokomotifnya adalah pelaku usaha, gerbongnya adalah konsumen, pekerja, UMKM, pemasok, investor, dan mas...

27 Jul 2026

Humas IAIN Parepare

“BAMBU” DAN ETIKA BISNIS DIGITAL DI INDONESIA

Pendahuluan Bisnis digital di Indonesia ibarat bambu yang tumbuh di tepi kampung. Ia cepat menjulang, lentur ditiup angin, kuat meskipun tampak sederhana, dan akarnya menyebar ke banyak arah. Dari bat...

23 Jul 2026

Humas IAIN Parepare

“Tiang Bendera” Dan Pasar Tradisional Dalam Persaingan Ekonomi Digital Dan Keadilan Sosial

Pendahuluan Pasar tradisional ibarat tiang bendera di halaman ekonomi rakyat. Ia mungkin tidak semewah gedung pusat perbelanjaan, tidak seterang layar aplikasi digital, dan tidak secepat algoritma mar...

16 Jul 2026

Humas IAIN Parepare

“PINTU” DAN PERLINDUNGAN HUKUM PEMEGANG SAHAM MINORITAS

Pendahuluan Perseroan terbatas ibarat sebuah rumah besar bernama korporasi. Di dalam rumah itu terdapat banyak ruang: ruang modal, ruang keputusan, ruang keuntungan, ruang risiko, ruang tanggung jawab...

13 Jul 2026",https://ppid.iainpare.ac.id/web/image/9153-426f4a8e/700x0/gedung-rektorat.png
https://www.iainpare.ac.id/blog/berita-1/dosen-htn-iain-parepare-jadi-narasumber-pelatihan-relawan-penegakan-hukum-pemilu-bawaslu-sulsel-6716,Dosen HTN IAIN Parepare Jadi Narasumber Pelatihan Relawan Penegakan Hukum Pemilu Bawaslu Sulsel,"3 Oktober, 2026","Dosen HTN IAIN Parepare Jadi Narasumber Pelatihan Relawan Penegakan Hukum Pemilu Bawaslu Sulsel

3 Oktober, 2026

oleh

Humas IAIN Parepare

Humas IAIN Parepare — Dosen Hukum Tata Negara (HTN) IAIN Parepare, Dirga Achmad, S.H., M.H., menjadi narasumber dalam kegiatan

Volunteer of Election Law Enforcement Training (V-ELEcT)

yang diselenggarakan Bawaslu Provinsi Sulawesi Selatan, Jumat-Sabtu (02-03/10/26). Kegiatan tersebut digelar secara hybrid dan diikuti 100 peserta yang terdiri atas mahasiswa, pegiat, serta aktivis pemilu.

Sebanyak 40 peserta mengikuti kegiatan secara luring di Pascasarjana Fakultas Hukum Universitas Muslim Indonesia (UMI), sedangkan 60 peserta lainnya mengikuti pelatihan secara daring melalui Zoom.

Dalam kegiatan tersebut, Dirga membawakan materi bertajuk

“Pelanggaran Kampanye Berbasis Digital, Hoaks, dan Disinformasi Digital”

. Materi tersebut menyoroti pentingnya pemahaman relawan dalam mengenali dan menangani dugaan pelanggaran di ruang digital sebagai bagian dari upaya mewujudkan electoral justice atau keadilan pemilu.

Menurut Dirga, derasnya arus informasi di ruang digital membuat relawan perlu memiliki kemampuan untuk memilah informasi dan memahami perbedaan antara informasi yang keliru dengan informasi yang sengaja dibuat untuk menyesatkan.

“Misinformasi itu bisa saja terjadi karena orang menyampaikan informasi yang salah tanpa ada niat untuk menipu. Sementara disinformasi ada unsur kesengajaan untuk menyesatkan. Karena itu, kita tidak cukup hanya melihat apakah informasinya salah, tetapi juga perlu melihat konteks dan bagaimana informasi itu dibuat atau disebarkan,” jelas Dirga.

Sebelum

Next

Ia menguraikan, misinformasi merupakan informasi yang salah tetapi disebarkan tanpa adanya niat untuk menipu. Salah satu contohnya ketika seseorang meneruskan informasi keliru mengenai jadwal pemungutan suara karena menganggap informasi tersebut benar.

Sementara itu, disinformasi berkaitan dengan pembuatan atau penyebaran informasi palsu yang dilakukan secara sengaja untuk menyesatkan. Kesalahan suatu informasi dapat diperiksa melalui proses cek fakta, sedangkan unsur kesengajaan dari pihak yang membuat atau menyebarkannya membutuhkan pembuktian lebih lanjut.

Dalam pelatihan tersebut, Dirga juga menjelaskan pembagian peran antara relawan dan Bawaslu. Relawan dapat melakukan pemantauan terhadap konten, menyimpan tautan maupun bukti digital, melakukan pemeriksaan melalui sumber resmi, serta menyusun kronologi apabila menemukan dugaan pelanggaran.

Selanjutnya, dugaan tersebut dapat disampaikan kepada Bawaslu untuk dikaji berdasarkan kewenangan dan prosedur yang berlaku. Dalam proses tersebut, sejumlah aspek perlu diperhatikan, mulai dari pihak yang terlibat, konteks kampanye, bukti yang tersedia, hingga unsur aturan yang diduga dilanggar.

Sebelum

Next

“Relawan tidak harus mengambil kesimpulan bahwa sebuah konten pasti merupakan pelanggaran. Yang paling penting adalah mengamati, mengamankan bukti digital, melakukan verifikasi, kemudian menyampaikan kronologi dan temuannya. Selanjutnya, Bawaslu yang melakukan kajian sesuai kewenangannya,” terang Dirga.

Sesi diskusi berlangsung interaktif. Salah satu hal yang menjadi perhatian peserta adalah bagaimana membedakan kritik politik dengan kampanye digital yang dilakukan secara terorganisir melalui akun-akun pendengung atau

buzzer

Menanggapi hal tersebut, Dirga menjelaskan bahwa kritik terhadap kandidat maupun kebijakan merupakan bagian dari kebebasan berpendapat. Namun, apabila ditemukan pola unggahan yang serupa dan dilakukan secara serentak, kondisi tersebut dapat menjadi petunjuk awal untuk ditelusuri lebih lanjut.

Meski demikian, pola tersebut belum dapat menjadi dasar untuk langsung menyimpulkan adanya pelanggaran. Keterkaitan antaraktor, bentuk koordinasi, isi pesan, serta pemenuhan unsur hukum tetap perlu diuji berdasarkan bukti yang tersedia.

Keterlibatan Dirga Achmad sebagai narasumber dalam

V-ELEcT

menjadi bagian dari kontribusi keilmuan Hukum Tata Negara IAIN Parepare dalam mendukung penguatan pengawasan partisipatif dalam pemilu.

Melalui kegiatan tersebut, para relawan diharapkan memiliki pemahaman yang lebih baik dalam mengenali informasi bermasalah di ruang digital, mendokumentasikan dugaan pelanggaran secara tepat, serta mendukung proses pengawasan pemilu yang berbasis bukti dan sesuai dengan ketentuan hukum.

Penulis : Nur Aeni K

Editor   : Hayana

di dalam

Berita

Humas IAIN Parepare

3 Oktober 2026

blog kami

Riset

Opini

Kerja sama

Zona Integitasme

Berita

Pengumuman

Podcast

Media Highlights

Kisah Inspiratif

Essai

Arsip

Semua tanggal

Desember

2013

2014

Juni

2014

Desember

2015

Januari

2016

Februari

2016

Maret

2016

April

2016

2016

Juni

2016

Juli

2016

Agustus

2016

September

2016

Oktober

2016

November

2016

Desember

2016

Januari

2017

Februari

2017

Maret

2017

April

2017

2017

Juni

2017

Juli

2017

Agustus

2017

Oktober

2017

November

2017

Desember

2017

Januari

2018

Februari

2018

Maret

2018

April

2018

2018

Juni

2018

Juli

2018

Agustus

2018

September

2018

Oktober

2018

November

2018

Desember

2018

Januari

2019

Februari

2019

Maret

2019

April

2019

2019

Juli

2019

Januari

2020

Februari

2020

Maret

2020

April

2020

2020

September

2020

Oktober

2020

November

2020

Desember

2020

Januari

2021

Februari

2021

Maret

2021

April

2021

2021

Juni

2021

Juli

2021

Agustus

2021

September

2021

Oktober

2021

November

2021

Desember

2021

Januari

2022

Februari

2022

Maret

2022

April

2022

2022

Juni

2022

Juli

2022

Agustus

2022

September

2022

Oktober

2022

November

2022

Desember

2022

Januari

2023

Februari

2023

Maret

2023

April

2023

2023

Juni

2023

Juli

2023

Agustus

2023

September

2023

Oktober

2023

November

2023

Desember

2023

Januari

2024

Februari

2024

Maret

2024

April

2024

2024

Juni

2024

Juli

2024

Agustus

2024

September

2024

Oktober

2024

November

2024

Desember

2024

Januari

2025

Februari

2025

Maret

2025

April

2025

2025

Juni

2025

Juli

2025

Agustus

2025

September

2025

Oktober

2025

November

2025

Desember

2025

Januari

2026

Februari

2026

Maret

2026

April

2026

2026

Juni

2026

Juli

2026

Agustus

2026

September

2026

Oktober

2026

Masuk

untuk meninggalkan komentar

Baca Berikutnya

325 Mahasiswa Ikuti GENCAR, Ma’had Al-Jami’ah IAIN Parepare Masuki Tahap Akhir Pembinaan",https://ppid.iainpare.ac.id/web/image/9153-426f4a8e/700x0/gedung-rektorat.png
https://www.iainpare.ac.id/blog/essai-34/cahaya-yg-disangka-milik-semua-kesadaran-hukum-yg-rendah-terhadap-konten-internet-dan-kekeliruan-memahami-public-domain-6698,“ CAHAYA YG DISANGKA MILIK SEMUA”: KESADARAN HUKUM YG RENDAH TERHADAP KONTEN INTERNET DAN KEKELIRUAN MEMAHAMI PUBLIC DOMAIN.,"28 September, 2026","“ CAHAYA YG DISANGKA MILIK SEMUA”: KESADARAN HUKUM YG RENDAH TERHADAP KONTEN INTERNET DAN KEKELIRUAN MEMAHAMI PUBLIC DOMAIN.

OLEH: DR. ZAINAL SAID.,MH (DOSEN FAKULTAS SYARIAH DAN ILMU HUKUM IAIN PAREPARE

28 September, 2026

oleh

Humas IAIN Parepare

Internet dapat dianalogikan seperti ruang besar yang

dipenuhi cahaya. Setiap hari, jutaan foto, video, musik, tulisan,

desain, ilustrasi, poster, dan karya digital menyala di layar ponsel dan

komputer manusia. Cahaya itu tampak begitu terang dan mudah dijangkau. Siapa

pun dapat melihatnya, menyimpannya, mengunduhnya, menyalinnya, bahkan

membagikannya kembali hanya dengan satu sentuhan. Akan tetapi, kesalahan besar

muncul ketika masyarakat mengira bahwa karena suatu konten terlihat terang di

ruang internet, maka konten itu otomatis menjadi milik semua orang. Padahal,

cahaya yang terlihat tidak selalu berarti cahaya itu bebas diambil. Dalam hukum

hak cipta, karya yang diunggah ke internet tetap dapat memiliki pemilik,

pencipta, hak moral, hak ekonomi, dan batas penggunaan. Karena itu, rendahnya

kesadaran hukum masyarakat terhadap konten digital membuat banyak orang

menganggap internet sebagai gudang bebas pakai, padahal sebenarnya ia adalah

ruang publik yang tetap dilindungi hukum.

Masalah utama dalam rendahnya kesadaran hukum ini adalah

adanya anggapan keliru bahwa semua konten yang dapat diakses secara terbuka di

internet telah masuk ke dalam public domain. Dalam pemahaman

yang benar,

public domain

berarti karya yang bebas digunakan oleh

siapa pun karena tidak lagi dilindungi hak cipta, masa perlindungannya telah

berakhir, tidak memenuhi syarat perlindungan hak cipta, atau secara sah

dilepaskan oleh pemegang haknya. Creative Commons menjelaskan bahwa karya dalam

public domain

dapat digunakan oleh siapa pun untuk tujuan apa pun

tanpa pembatasan hak cipta, tetapi status tersebut tidak otomatis muncul hanya

karena karya tersedia di internet (Creative Commons, n.d.). Dengan demikian,

karya digital yang muncul di Google, Instagram, TikTok, YouTube, marketplace,

blog, atau situs berita tidak otomatis menjadi

public domain

. Ia hanya

“terlihat”, bukan berarti “bebas dimiliki”.

Dalam metafora cahaya, internet membuat karya tampak seperti

lampu jalan yang dapat dinikmati banyak orang. Orang dapat melihat cahaya itu,

mengambil manfaat visualnya, dan menjadikannya inspirasi. Tetapi menikmati

cahaya berbeda dengan mencabut lampunya. Melihat foto seseorang di internet

berbeda dengan mengambil foto itu untuk iklan komersial. Membaca tulisan di

blog berbeda dengan menyalin tulisan itu ke buku ajar atau promosi bisnis.

Mendengar musik di media sosial berbeda dengan menggunakannya untuk iklan

produk tanpa izin. Kesadaran hukum yang rendah membuat batas antara melihat,

menikmati, mengutip, menyalin, memodifikasi, dan memanfaatkan secara komersial

menjadi kabur. Padahal, dalam hukum hak cipta, batas tersebut sangat penting.

Secara normatif, UU No. 28 Tahun 2014 tentang Hak

Cipta menegaskan bahwa hak cipta merupakan hak eksklusif yang terdiri

atas hak moral dan hak ekonomi. Hak ekonomi

memberikan kewenangan kepada pencipta atau pemegang hak cipta untuk memperoleh

manfaat ekonomi dari ciptaannya, termasuk atas penggandaan, pendistribusian,

pengumuman, komunikasi, dan penggunaan ciptaan secara komersial (Republik

Indonesia, 2014). Dengan demikian, apabila seseorang mengambil konten dari

internet lalu menggunakannya untuk promosi produk, desain kemasan, iklan,

konten monetisasi, bahan kursus berbayar, merchandise, atau kepentingan bisnis,

maka tindakan tersebut berhubungan langsung dengan hak ekonomi pencipta.

Penggunaan seperti itu tidak cukup dibenarkan hanya dengan alasan “kontennya

ada di internet”.

Rendahnya kesadaran hukum terlihat dari beberapa pola

perilaku. Pertama, orang mengunduh gambar dari internet lalu mencetaknya pada

produk komersial seperti kaos, mug, spanduk, poster, atau kemasan. Kedua,

pelaku usaha mengambil foto produk orang lain untuk promosi barangnya sendiri.

Ketiga, kreator konten memakai musik, potongan video, atau ilustrasi milik

orang lain untuk konten monetisasi tanpa izin. Keempat, materi presentasi,

modul pelatihan, dan konten pembelajaran berbayar sering menggunakan gambar,

tabel, tulisan, atau desain dari internet tanpa mencantumkan sumber dan tanpa

memperhatikan lisensi. Kelima, sebagian orang mengira bahwa cukup dengan

menulis “sumber: Google” maka penggunaan karya menjadi sah. Padahal, Google

hanyalah mesin pencari, bukan pemilik hak cipta atas semua konten yang

ditampilkannya.

Dalam konteks ini, istilah “bebas akses” sering disalahpahami

sebagai “bebas pakai”. Padahal, keduanya berbeda. Bebas akses

berarti publik dapat melihat atau membuka konten tersebut. Bebas pakai

berarti pengguna memiliki dasar hukum untuk menggunakan karya itu, misalnya

karena memperoleh izin, menggunakan karya berlisensi terbuka, menggunakan karya

public domain

, atau memenuhi pengecualian hak cipta yang sah. Creative

Commons menegaskan bahwa lisensi terbuka memberi izin penggunaan tertentu

kepada publik, tetapi setiap jenis lisensi memiliki syarat yang berbeda,

termasuk syarat atribusi, larangan penggunaan komersial, atau larangan perubahan

karya (Creative Commons, n.d.). Artinya, meskipun sebuah karya memakai lisensi

Creative Commons, pengguna tetap harus membaca syarat lisensinya. Tidak semua

lisensi Creative Commons membolehkan penggunaan komersial.

Kesalahan memahami

public domain

semakin serius

ketika konten digunakan untuk kepentingan bisnis. JDIH Kementerian Keuangan

menjelaskan bahwa penggunaan secara komersial adalah

pemanfaatan ciptaan dan/atau produk hak terkait dengan tujuan memperoleh

keuntungan ekonomi dari berbagai sumber atau berbayar (Kementerian Keuangan RI,

n.d.). Dengan pengertian ini, penggunaan gambar untuk iklan online shop, musik

untuk promosi produk, desain untuk kemasan, atau video untuk konten monetisasi

dapat termasuk penggunaan komersial. Karena itu, dalih “hanya mengambil dari

internet” tidak menghapus kewajiban hukum untuk menghormati hak pencipta.

Metafora cahaya juga menjelaskan bahwa hak cipta bukan

bertujuan memadamkan terang internet. Hak cipta justru menjaga agar cahaya

kreativitas tetap hidup. Jika pencipta merasa karyanya mudah diambil, dijual,

dan dimanfaatkan orang lain tanpa izin, maka semangat berkarya dapat melemah.

Fotografer, ilustrator, penulis, musisi, desainer, videografer, dan kreator

digital hidup dari pengakuan dan manfaat ekonomi atas karyanya. Ketika

masyarakat menganggap karya digital sebagai barang bebas, maka yang padam bukan

hanya satu lampu, tetapi ekosistem kreativitas. Hak cipta adalah kaca pelindung

agar cahaya karya tidak dicuri, bukan tembok untuk menghalangi masyarakat menikmati

ilmu dan seni.

Rendahnya kesadaran hukum juga berkaitan dengan budaya digital

yang serba cepat. Internet membentuk kebiasaan “salin-tempel” tanpa refleksi

hukum. Orang sering berpikir bahwa jika suatu gambar tidak diberi tanda air,

tidak diberi larangan tertulis, atau dapat diunduh, maka gambar itu boleh

digunakan. Padahal, dalam prinsip hak cipta, perlindungan muncul secara

otomatis setelah ciptaan diwujudkan dalam bentuk nyata, tanpa harus selalu

disertai tulisan “dilarang menyalin”. Karena itu, ketiadaan watermark bukan

berarti ketiadaan hak. Tidak adanya peringatan bukan berarti tidak ada pemilik.

Cahaya yang tidak diberi pagar tetap bukan berarti boleh dibawa pulang.

Dari sisi moral, penggunaan konten internet tanpa izin juga

melanggar prinsip penghormatan terhadap pencipta. Hak moral melekat pada

pencipta dan berkaitan dengan pencantuman nama, keutuhan ciptaan, serta

penghormatan terhadap identitas pencipta. Dalam banyak kasus, pelanggaran bukan

hanya terjadi karena karya dipakai untuk mencari keuntungan, tetapi juga karena

nama pencipta dihapus, karya dimodifikasi secara merugikan, atau karya

ditempatkan dalam konteks yang tidak sesuai. Dengan demikian, kesadaran hukum

tidak cukup hanya bertanya, “bolehkah saya memakai karya ini?”, tetapi juga

harus bertanya, “apakah saya telah menghormati penciptanya?”

Dalam dunia pendidikan, bisnis, dan media sosial, persoalan

ini perlu mendapat perhatian lebih serius. Sering kali pelajar, mahasiswa,

guru, dosen, pelaku UMKM, dan kreator konten tidak bermaksud melanggar hukum,

tetapi tidak memahami perbedaan antara karya berhak cipta, karya berlisensi

terbuka, karya bebas royalti, dan

public domain

. Akibatnya,

pelanggaran terjadi bukan semata karena niat jahat, tetapi karena minimnya

literasi hukum digital. Namun, ketidaktahuan hukum tidak selalu menghapus

tanggung jawab. Karena itu, pendidikan hukum hak cipta harus menjadi bagian

dari literasi digital masyarakat.

Dalam konteks bisnis, pelaku UMKM perlu lebih berhati-hati.

Banyak UMKM menggunakan foto, logo, ilustrasi, musik, template, atau desain

dari internet untuk promosi. Di satu sisi, hal ini membantu mereka beradaptasi

dengan pasar digital. Namun di sisi lain, penggunaan tanpa izin dapat

menimbulkan risiko hukum, reputasi, dan ekonomi. Jika karya yang digunakan ternyata

dimiliki pihak lain, pelaku usaha dapat menghadapi teguran, somasi, penghapusan

konten, klaim royalti, sengketa perdata, bahkan potensi pidana dalam kondisi

tertentu. Dengan demikian, literasi hak cipta bukan hanya kepentingan akademik,

tetapi juga kebutuhan praktis dunia usaha.

Penting pula dibedakan antara mengutip secara wajar

dan mengambil untuk kepentingan komersial. Dalam kegiatan

pendidikan, penelitian, penulisan ilmiah, atau kritik, penggunaan sebagian

karya dapat dimungkinkan sepanjang memenuhi batas kewajaran, mencantumkan

sumber, tidak merugikan kepentingan wajar pencipta, dan sesuai ketentuan hukum.

Namun, penggunaan untuk iklan, produk dagang, promosi berbayar, atau konten

monetisasi memiliki standar kehati-hatian yang lebih tinggi. Di sinilah letak

persoalannya: banyak orang mengira bahwa mencantumkan nama sumber selalu cukup.

Padahal, atribusi tidak selalu menggantikan izin, terutama jika lisensi atau

hak ekonomi mensyaratkan persetujuan pemilik hak.

Untuk membangun kesadaran hukum, masyarakat perlu memiliki

pedoman sederhana sebelum menggunakan konten internet. Pertama, tanyakan siapa

penciptanya. Kedua, periksa apakah konten tersebut memiliki lisensi. Ketiga,

pastikan apakah lisensi membolehkan penggunaan komersial. Keempat, cantumkan atribusi

jika diwajibkan. Kelima, gunakan sumber resmi yang menyediakan konten legal,

seperti bank gambar berlisensi, karya CC0, karya

public domain

, atau

karya yang dibuat sendiri. Keenam, jika ragu, mintalah izin tertulis kepada

pemilik hak. Langkah-langkah ini adalah cara menyalakan cahaya digital secara

benar, bukan mencuri lampu dari rumah orang lain.

Dalam perspektif hukum progresif, hukum tidak hanya berfungsi

menghukum setelah pelanggaran terjadi, tetapi juga membangun kesadaran agar

masyarakat memahami batas etis dan legal dalam ruang digital. Satjipto Rahardjo

menekankan bahwa hukum harus bekerja untuk manusia dan menciptakan ketertiban

yang bermakna, bukan sekadar aturan formal (Rahardjo, 2009). Jika diterapkan

pada isu hak cipta digital, hukum harus membantu masyarakat memahami bahwa

kebebasan internet tidak boleh berubah menjadi kebebasan mengambil hak orang

lain. Kebebasan berkreasi harus berjalan bersama tanggung jawab menghormati

karya.

Dengan demikian, rendahnya kesadaran hukum mengenai konten

internet dan

public domain

merupakan persoalan serius dalam masyarakat

digital. Masalahnya bukan hanya karena orang tidak tahu hukum, tetapi karena

ruang internet menciptakan ilusi bahwa semua yang terlihat terang berarti bebas

digunakan. Padahal, cahaya digital tetap memiliki sumber. Ada pencipta di balik

foto, ada penulis di balik artikel, ada musisi di balik lagu, ada desainer di

balik ilustrasi, dan ada videografer di balik rekaman. Hukum hak cipta hadir

untuk memastikan bahwa cahaya itu tidak padam karena diambil tanpa izin.

Kesimpulannya, konten yang diunggah ke internet tidak otomatis

menjadi public domain dan tidak otomatis bebas digunakan untuk

kepentingan komersial. Internet hanyalah ruang tampilnya karya, bukan bukti

hilangnya hak pencipta. Dalam metafora cahaya, karya digital

memang menerangi ruang publik, tetapi sumber cahayanya tetap harus dihormati.

Masyarakat boleh belajar dari cahaya itu, menikmati cahayanya, bahkan

menggunakannya apabila memiliki izin atau dasar hukum yang sah. Namun, menggunakan

konten tanpa izin untuk kepentingan komersial sama dengan mengambil cahaya dari

rumah orang lain untuk menerangi toko sendiri. Karena itu, peningkatan

kesadaran hukum hak cipta digital menjadi penting agar masyarakat tidak hanya

cerdas menggunakan internet, tetapi juga adil dalam menghormati karya orang

lain.

editor / Layout : Tasrif

Referensi

Model APA/Mendeley

Creative Commons. (n.d.).

Public domain

. Creative

Commons Wiki.

https://wiki.creativecommons.org/wiki/Public_domain

Creative Commons. (n.d.).

Creative Commons licenses

Creative Commons.

https://creativecommons.org/share-your-work/use-remix/cc-licenses/

Creative Commons. (n.d.).

CC0 FAQ

. Creative Commons

Wiki.

https://wiki.creativecommons.org/wiki/CC0_FAQ

Kementerian Keuangan Republik Indonesia. (n.d.).

Definisi

penggunaan secara komersial

. JDIH Kementerian Keuangan.

https://jdih.kemenkeu.go.id/kamus-hukum/penggunaan-secara-komersial?id=15ea941cb03c169a17722fa86c84e639

Osterberg, E. C., & Schlesinger, E. C. (2019).

Substantial

similarity in copyright law

. Practising Law Institute.

Rahardjo, S. (2009).

Hukum progresif: Sebuah sintesa hukum

Indonesia

. Genta Publishing.

Republik Indonesia. (2014).

Undang-Undang Nomor 28 Tahun

2014 tentang Hak Cipta

. Lembaran Negara Republik Indonesia Tahun 2014

Nomor 266.

Samuelson, P. (2016). Freedom to tinker.

Theoretical

Inquiries in Law, 17

(2), 563–600.

World Intellectual Property Organization. (2016).

Understanding

. WIPO.

di dalam

Essai

Humas IAIN Parepare

28 September 2026

blog kami

Riset

Opini

Kerja sama

Zona Integitasme

Berita

Pengumuman

Podcast

Media Highlights

Kisah Inspiratif

Essai

Arsip

Semua tanggal

Juni

2026

Juli

2026

Agustus

2026

September

2026

Oktober

2026

Masuk

untuk meninggalkan komentar

Baca Berikutnya

“BINGKAI LABA YG TERTUTUP”: PENAHANAN LABA YG BERLEBIHAN, RETAINED EARNINGS, DAN HAK PEMEGANG SAHAM ATAS DEVIDEN”.

OLEH: DR ZAINAL SAID.,MH ( DOSEN IAIN FAKULTAS SYARIAH DAN ILMU HUKUM IAIN PAREPARE )",https://ppid.iainpare.ac.id/web/image/9153-426f4a8e/700x0/gedung-rektorat.png
https://www.iainpare.ac.id/blog/berita-1/tiga-dosen-htn-iain-parepare-hadiri-konferensi-internasional-aphutari-2026-di-pekalongan-6694,Tiga Dosen HTN IAIN Parepare Hadiri Konferensi Internasional APHUTARI 2026 di Pekalongan,"27 September, 2026","Tiga Dosen HTN IAIN Parepare Hadiri Konferensi Internasional APHUTARI 2026 di Pekalongan

27 September, 2026

oleh

Humas IAIN Parepare

Humas IAIN Parepare

- Tiga dosen Hukum Tata Negara (HTN) IAIN Parepare, Dirga Achmad, Indah Fitriani Sukri, dan Hasanuddin Hasim, menghadiri International Conference and Call for Papers & Musyawarah Nasional (Munas) APHUTARI 2026 di Pekalongan, Jawa Tengah. Kegiatan tersebut berlangsung pada, Senin-Jumat (21–25/09/2026) di Hotel Dafam Pekalongan.

Konferensi tahun ini mengusung tema “Reconstructing Indonesia’s Legal Politics: Law Enforcement and Sustainable Environmental Democracy.” Forum tersebut mempertemukan sekitar 30 perwakilan dari berbagai Perguruan Tinggi Keagamaan Islam Negeri (PTKIN), khususnya Fakultas Syariah dan Program Studi Hukum Tata Negara.

Kegiatan APHUTARI 2026 dirancang dalam tiga agenda utama, yakni seminar internasional, call for papers, dan Munas APHUTARI.

Seminar internasional menghadirkan sejumlah pembicara dari dalam dan luar negeri. Salah satunya Associate Professor Mohd Norhusairi Bin Mat Hussin dari Malaysia. Pembicara lainnya adalah Muhammad Farhan dari Komisi Yudisial Republik Indonesia, Achmad Muchsin dari UIN Pekalongan, serta M. Wildan Humaidi dari pengurus APHUTARI

Agenda kedua berupa call for papers yang dilaksanakan secara daring. Para peserta mempresentasikan hasil penelitian dan gagasan akademiknya dalam forum tersebut. Makalah yang dipresentasikan selanjutnya diarahkan untuk dikembangkan menjadi artikel ilmiah dan diterbitkan pada jurnal yang terakreditasi SINTA, sesuai dengan proses dan ketentuan publikasi yang berlaku. Sementara itu, agenda ketiga adalah Munas APHUTARI 2026. Forum organisasi tersebut menjadi ruang bagi para anggota untuk membahas keberlanjutan organisasi sekaligus memilih kepengurusan baru untuk periode berikutnya.

Keikutsertaan dosen HTN IAIN Parepare dalam forum ini menjadi bagian dari aktivitas akademik dan organisasi untuk memperluas jejaring perguruan tinggi, memperkuat pertukaran gagasan di bidang hukum tata negara, serta mendorong kolaborasi penelitian dan publikasi ilmiah di antara perguruan tinggi keagamaan Islam.

“Saya mengikuti kegiatan ini karena adanya kepercayaan yang diberikan kepada saya sebagai Sekertaris Jendral APHUTARI periode 2026-2030, saya berkomitmen untuk ambil bagian dalam pengembangan ilmu pengetahuan, penguatan jejaring lembaga, serta peningkatan kualitas pendidikan Hukum Tata Negara pada tingkat Nasional,” tutup Hasanuddin.

Penulis: Indah Fitriani Sukri

Editor: Mifda Hilmiyah

di dalam

Berita

Humas IAIN Parepare

27 September 2026

blog kami

Riset

Opini

Kerja sama

Zona Integitasme

Berita

Pengumuman

Podcast

Media Highlights

Kisah Inspiratif

Essai

Arsip

Semua tanggal

Desember

2013

2014

Juni

2014

Desember

2015

Januari

2016

Februari

2016

Maret

2016

April

2016

2016

Juni

2016

Juli

2016

Agustus

2016

September

2016

Oktober

2016

November

2016

Desember

2016

Januari

2017

Februari

2017

Maret

2017

April

2017

2017

Juni

2017

Juli

2017

Agustus

2017

Oktober

2017

November

2017

Desember

2017

Januari

2018

Februari

2018

Maret

2018

April

2018

2018

Juni

2018

Juli

2018

Agustus

2018

September

2018

Oktober

2018

November

2018

Desember

2018

Januari

2019

Februari

2019

Maret

2019

April

2019

2019

Juli

2019

Januari

2020

Februari

2020

Maret

2020

April

2020

2020

September

2020

Oktober

2020

November

2020

Desember

2020

Januari

2021

Februari

2021

Maret

2021

April

2021

2021

Juni

2021

Juli

2021

Agustus

2021

September

2021

Oktober

2021

November

2021

Desember

2021

Januari

2022

Februari

2022

Maret

2022

April

2022

2022

Juni

2022

Juli

2022

Agustus

2022

September

2022

Oktober

2022

November

2022

Desember

2022

Januari

2023

Februari

2023

Maret

2023

April

2023

2023

Juni

2023

Juli

2023

Agustus

2023

September

2023

Oktober

2023

November

2023

Desember

2023

Januari

2024

Februari

2024

Maret

2024

April

2024

2024

Juni

2024

Juli

2024

Agustus

2024

September

2024

Oktober

2024

November

2024

Desember

2024

Januari

2025

Februari

2025

Maret

2025

April

2025

2025

Juni

2025

Juli

2025

Agustus

2025

September

2025

Oktober

2025

November

2025

Desember

2025

Januari

2026

Februari

2026

Maret

2026

April

2026

2026

Juni

2026

Juli

2026

Agustus

2026

September

2026

Oktober

2026

Masuk

untuk meninggalkan komentar

Baca Berikutnya

Suhartina Jadi Juri Gelanggang Buku, Wujud Kolaborasi IAIN Parepare dan Sampan Institut",https://ppid.iainpare.ac.id/web/image/9153-426f4a8e/700x0/gedung-rektorat.png
https://www.iainpare.ac.id/blog/berita-1/dosen-prodi-htn-bahas-tantangan-hilirisasi-industri-pertambangan-6697,Dosen Prodi HTN Bahas Tantangan Hilirisasi Industri Pertambangan,"27 September, 2026","Dosen Prodi HTN Bahas Tantangan Hilirisasi Industri Pertambangan

27 September, 2026

oleh

Humas IAIN Parepare

Humas IAIN Parepare —

Upaya pemerintah mendorong hilirisasi industri pertambangan menjadi perhatian dalam International Conference and Call for Papers & Munas APHUTARI 2026 di Pekalongan, Senin-Jumat (21-25/09/2026). Kebijakan hilirisasi dinilai penting untuk mengurangi ketergantungan Indonesia terhadap ekspor bahan mentah sekaligus meningkatkan nilai tambah sumber daya mineral di dalam negeri.

Gagasan tersebut dituangkan dalam artikel berjudul “Harmonization of Downstream Mining Industry Policies: Government Efforts and Challenges” yang ditulis oleh Indah Fitriani Sukri, Hasanuddin Hasim, Akram Nurdin, dan Reski Purnama Samad. Para penulis berasal dari Fakultas Syariah dan Ilmu Hukum Islam IAIN Parepare dan Fakultas Hukum Universitas Borneo Tarakan.

Artikel itu mengulas kebijakan hilirisasi industri pertambangan di Indonesia, terutama setelah pemerintah memperkuat kebijakan peningkatan nilai tambah melalui Undang-Undang Nomor 3 Tahun 2020 tentang Perubahan atas Undang-Undang Nomor 4 Tahun 2009 tentang Pertambangan Mineral dan Batubara.

Menurut kajian tersebut, ketergantungan pada ekspor bahan mentah membuat perekonomian Indonesia rentan terhadap perubahan harga komoditas di pasar global. Karena itu, pengolahan dan pemurnian hasil tambang di dalam negeri dipandang sebagai salah satu instrumen untuk memperbesar nilai ekonomi yang tinggal di Indonesia.

Penelitian tersebut menggunakan metode literature review dengan pendekatan kualitatif deskriptif. Penulis menelaah peraturan perundang-undangan, kebijakan pemerintah, literatur akademik, serta berbagai sumber yang berkaitan dengan hilirisasi industri pertambangan.

Hasil kajian menunjukkan bahwa kebijakan hilirisasi telah memiliki dasar hukum yang cukup kuat. Namun, pelaksanaannya masih menghadapi sejumlah persoalan, mulai dari harmonisasi regulasi dan koordinasi kelembagaan hingga keterbatasan teknologi, infrastruktur, investasi, serta persoalan lingkungan dan sosial.

“Hilirisasi tidak cukup hanya diukur dari bertambahnya industri pengolahan mineral atau meningkatnya nilai ekspor produk olahan. Kebijakan tersebut juga perlu memastikan bahwa manfaat ekonomi dapat dirasakan masyarakat dan tetap memperhatikan keberlanjutan lingkungan,” jelas Indah Fitriani Sukri.

“Karena itu, pemerintah pusat dan daerah, pelaku industri, masyarakat, serta pemangku kepentingan lainnya dinilai perlu memperkuat koordinasi. Harmonisasi kebijakan menjadi penting agar hilirisasi tidak berjalan sendiri-sendiri dan dapat memberikan manfaat yang lebih luas,” tambahnya.

Kajian tersebut menempatkan hilirisasi sebagai bagian dari upaya transformasi ekonomi Indonesia, dari negara yang bergantung pada ekspor komoditas mentah menuju negara dengan struktur industri berbasis nilai tambah.

Penulis: Indah Fitriani Sukri

Editor: Mifda Hilmiyah

di dalam

Berita

Humas IAIN Parepare

27 September 2026

blog kami

Riset

Opini

Kerja sama

Zona Integitasme

Berita

Pengumuman

Podcast

Media Highlights

Kisah Inspiratif

Essai

Arsip

Semua tanggal

Desember

2013

2014

Juni

2014

Desember

2015

Januari

2016

Februari

2016

Maret

2016

April

2016

2016

Juni

2016

Juli

2016

Agustus

2016

September

2016

Oktober

2016

November

2016

Desember

2016

Januari

2017

Februari

2017

Maret

2017

April

2017

2017

Juni

2017

Juli

2017

Agustus

2017

Oktober

2017

November

2017

Desember

2017

Januari

2018

Februari

2018

Maret

2018

April

2018

2018

Juni

2018

Juli

2018

Agustus

2018

September

2018

Oktober

2018

November

2018

Desember

2018

Januari

2019

Februari

2019

Maret

2019

April

2019

2019

Juli

2019

Januari

2020

Februari

2020

Maret

2020

April

2020

2020

September

2020

Oktober

2020

November

2020

Desember

2020

Januari

2021

Februari

2021

Maret

2021

April

2021

2021

Juni

2021

Juli

2021

Agustus

2021

September

2021

Oktober

2021

November

2021

Desember

2021

Januari

2022

Februari

2022

Maret

2022

April

2022

2022

Juni

2022

Juli

2022

Agustus

2022

September

2022

Oktober

2022

November

2022

Desember

2022

Januari

2023

Februari

2023

Maret

2023

April

2023

2023

Juni

2023

Juli

2023

Agustus

2023

September

2023

Oktober

2023

November

2023

Desember

2023

Januari

2024

Februari

2024

Maret

2024

April

2024

2024

Juni

2024

Juli

2024

Agustus

2024

September

2024

Oktober

2024

November

2024

Desember

2024

Januari

2025

Februari

2025

Maret

2025

April

2025

2025

Juni

2025

Juli

2025

Agustus

2025

September

2025

Oktober

2025

November

2025

Desember

2025

Januari

2026

Februari

2026

Maret

2026

April

2026

2026

Juni

2026

Juli

2026

Agustus

2026

September

2026

Oktober

2026

Masuk

untuk meninggalkan komentar

Baca Berikutnya

Kaprodi HTN IAIN Parepare Terpilih sebagai Sekertaris APHUTARI Periode 2026–2030",https://ppid.iainpare.ac.id/web/image/9153-426f4a8e/700x0/gedung-rektorat.png
https://www.iainpare.ac.id/blog/berita-1/kaprodi-htn-iain-parepare-terpilih-sebagai-sekertaris-aphutari-periode-2026-2030-6696,Kaprodi HTN IAIN Parepare Terpilih sebagai Sekertaris APHUTARI Periode 2026–2030,"27 September, 2026","Kaprodi HTN IAIN Parepare Terpilih sebagai Sekertaris APHUTARI Periode 2026–2030

27 September, 2026

oleh

Humas IAIN Parepare

Humas IAIN Parepare -

Ketua Program Studi Hukum Tata Negara (HTN) Fakultas Syariah dan Ilmu Hukum Islam IAIN Parepare, Hasanuddin Hasim, turut berpartisipasi dalam rangkaian Musyawarah Nasional (Munas) Asosiasi Program Studi Hukum Tata Negara/Siyasah Perguruan Tinggi Keagamaan Islam (APHUTARI) Tahun 2026 yang diselenggarakan di Pekalongan, Jawa Tengah, Rabu -Jumat (23–25/09/2026).

Kegiatan nasional tersebut mempertemukan para Ketua Program Studi Hukum Tata Negara/Siyasah, akademisi, peneliti, dan pengelola program studi dari berbagai Perguruan Tinggi Keagamaan Islam di Indonesia. Munas APHUTARI 2026 dirangkaikan dengan International Conference dan Call for Papers, dengan dukungan UIN K.H. Abdurrahman Wahid Pekalongan. Rangkaian kegiatan membahas berbagai isu strategis mengenai perkembangan hukum tata negara, politik hukum, penegakan hukum, serta demokrasi lingkungan berkelanjutan.

International Conference pada kegiatan tersebut mengangkat tema “Reconstructing Indonesia’s Legal Politics: Law Enforcement and Sustainable Environmental Democracy.” Tema ini menjadi ruang diskusi akademik bagi para peserta untuk mengkaji arah perkembangan politik hukum Indonesia, penguatan penegakan hukum, serta gagasan green constitution dan pembangunan demokrasi lingkungan yang berkelanjutan.

Keikutsertaan Hasanuddin Hasim dalam forum nasional tersebut menjadi bagian dari komitmen Program Studi Hukum Tata Negara IAIN Parepare dalam memperkuat jejaring akademik dan kelembagaan dengan Program Studi HTN/Siyasah dari berbagai perguruan tinggi di Indonesia. Kehadiran Kaprodi HTN IAIN Parepare juga menjadi momentum penting untuk membangun kolaborasi dalam bidang pendidikan, penelitian, publikasi ilmiah, pengabdian kepada masyarakat, serta pengembangan kurikulum Hukum Tata Negara.

Momentum penting dalam Munas APHUTARI 2026 adalah dilaksanakannya evaluasi kepengurusan periode 2022–2026 sekaligus pemilihan kepengurusan baru untuk masa bakti 2026–2030. Berdasarkan hasil musyawarah, Wildan Humaidi dari UIN Prof. K.H. Saifuddin Zuhri Purwokerto terpilih sebagai Ketua Umum APHUTARI periode 2026–2030.

Dalam struktur kepengurusan baru tersebut, Hasanuddin Hasim, Ketua Program Studi Hukum Tata Negara IAIN Parepare, mendapat kepercayaan untuk mengemban amanah sebagai Sekretaris APHUTARI periode 2026–2030. Amanah tersebut sekaligus menunjukkan semakin kuatnya kontribusi IAIN Parepare dalam jejaring akademik Hukum Tata Negara di tingkat nasional.

Hasanuddin menyampaikan bahwa amanah sebagai Sekretaris Jenderal APHUTARI merupakan tanggung jawab kelembagaan yang perlu diarahkan untuk semakin memperkuat organisasi sebagai ruang kolaborasi antarprogram studi.

“Amanah ini bukan hanya menjadi kebanggaan pribadi, tetapi juga merupakan kepercayaan bagi Program Studi Hukum Tata Negara, Fakultas Syariah dan Ilmu Hukum Islam, serta IAIN Parepare. APHUTARI harus terus dikembangkan menjadi rumah bersama bagi Program Studi HTN/Siyasah dalam memperkuat kualitas akademik, penelitian, publikasi, kurikulum, dan jejaring kelembagaan di tingkat nasional maupun internasional,” ungkap Hasanuddin.

Ia menambahkan bahwa kepengurusan APHUTARI periode 2026–2030 perlu mendorong program-program yang lebih kolaboratif dan produktif, khususnya dalam merespons perkembangan hukum tata negara kontemporer.

“Ke depan, kita ingin memperkuat sinergi antarkampus melalui riset bersama, publikasi ilmiah, pertukaran akademik, pengembangan kurikulum, serta berbagai kegiatan yang dapat memberikan kontribusi nyata terhadap pengembangan Hukum Tata Negara di Indonesia,” tambahnya.

Terpilihnya Kaprodi HTN IAIN Parepare sebagai Sekjen APHUTARI periode 2026–2030 diharapkan semakin membuka peluang kolaborasi antara IAIN Parepare dengan berbagai perguruan tinggi di Indonesia. Posisi tersebut juga menjadi peluang strategis bagi Prodi HTN IAIN Parepare untuk semakin aktif dalam agenda-agenda nasional terkait pengembangan pendidikan Hukum Tata Negara dan Siyasah.

Selain agenda organisasi, Munas APHUTARI menjadi forum penting untuk membicarakan tantangan keilmuan dan kelembagaan yang dihadapi Program Studi Hukum Tata Negara. Isu mengenai transformasi pendidikan tinggi, penguatan mutu program studi, perkembangan hukum dan ketatanegaraan, serta persoalan lingkungan menjadi bagian penting dari diskusi para akademisi yang hadir.

Melalui keikutsertaan dalam Munas APHUTARI 2026 dan kepercayaan yang diberikan kepada Hasanuddin Hasim sebagai Sekretaris Jenderal APHUTARI periode 2026–2030, Program Studi Hukum Tata Negara IAIN Parepare menegaskan komitmennya untuk terus mengambil bagian dalam pengembangan keilmuan, penguatan jejaring kelembagaan, serta peningkatan kualitas pendidikan Hukum Tata Negara pada tingkat nasional.

Penulis: Indah Fitriani Sukri

Editor: Mifda Hilmiyah

di dalam

Berita

Humas IAIN Parepare

27 September 2026

blog kami

Riset

Opini

Kerja sama

Zona Integitasme

Berita

Pengumuman

Podcast

Media Highlights

Kisah Inspiratif

Essai

Arsip

Semua tanggal

Desember

2013

2014

Juni

2014

Desember

2015

Januari

2016

Februari

2016

Maret

2016

April

2016

2016

Juni

2016

Juli

2016

Agustus

2016

September

2016

Oktober

2016

November

2016

Desember

2016

Januari

2017

Februari

2017

Maret

2017

April

2017

2017

Juni

2017

Juli

2017

Agustus

2017

Oktober

2017

November

2017

Desember

2017

Januari

2018

Februari

2018

Maret

2018

April

2018

2018

Juni

2018

Juli

2018

Agustus

2018

September

2018

Oktober

2018

November

2018

Desember

2018

Januari

2019

Februari

2019

Maret

2019

April

2019

2019

Juli

2019

Januari

2020

Februari

2020

Maret

2020

April

2020

2020

September

2020

Oktober

2020

November

2020

Desember

2020

Januari

2021

Februari

2021

Maret

2021

April

2021

2021

Juni

2021

Juli

2021

Agustus

2021

September

2021

Oktober

2021

November

2021

Desember

2021

Januari

2022

Februari

2022

Maret

2022

April

2022

2022

Juni

2022

Juli

2022

Agustus

2022

September

2022

Oktober

2022

November

2022

Desember

2022

Januari

2023

Februari

2023

Maret

2023

April

2023

2023

Juni

2023

Juli

2023

Agustus

2023

September

2023

Oktober

2023

November

2023

Desember

2023

Januari

2024

Februari

2024

Maret

2024

April

2024

2024

Juni

2024

Juli

2024

Agustus

2024

September

2024

Oktober

2024

November

2024

Desember

2024

Januari

2025

Februari

2025

Maret

2025

April

2025

2025

Juni

2025

Juli

2025

Agustus

2025

September

2025

Oktober

2025

November

2025

Desember

2025

Januari

2026

Februari

2026

Maret

2026

April

2026

2026

Juni

2026

Juli

2026

Agustus

2026

September

2026

Oktober

2026

Masuk

untuk meninggalkan komentar

Baca Berikutnya

Dirga Achmad Usung Gagasan Pemilu Berbasis Integritas di Forum Internasional APHUTARI",https://ppid.iainpare.ac.id/web/image/9153-426f4a8e/700x0/gedung-rektorat.png
https://www.iainpare.ac.id/blog/berita-1/dirga-achmad-usung-gagasan-pemilu-berbasis-integritas-di-forum-internasional-aphutari-6695,Dirga Achmad Usung Gagasan Pemilu Berbasis Integritas di Forum Internasional APHUTARI,"27 September, 2026","Dirga Achmad Usung Gagasan Pemilu Berbasis Integritas di Forum Internasional APHUTARI

27 September, 2026

oleh

Humas IAIN Parepare

Humas IAIN Parepare —

Program Studi Hukum Tata Negara IAIN Parepare kembali menunjukkan kontribusinya dalam pengembangan kajian ketatanegaraan melalui partisipasi pada International Conference and Call for Papers & Munas APHUTARI 2026. Kegiatan yang dilaksanakan oleh Asosiasi Program Studi Hukum Tata Negara (APHUTARI) bekerja sama dengan Universitas Islam Negeri K.H. Abdurrahman Wahid Pekalongan tersebut berlangsung di Hotel Dafam Pekalongan, Kamis (24/09/2026).

Forum internasional ini mengangkat tema “Reconstructing Indonesia’s Legal Politics: Law Enforcement and Sustainable Environmental Democracy.” Kegiatan tersebut mempertemukan akademisi, peneliti, praktisi, serta pengelola program studi hukum tata negara untuk mendiskusikan arah perkembangan politik hukum dan demokrasi Indonesia.

Dalam forum tersebut, dosen Prodi Hukum Tata Negara IAIN Parepare, Dirga Achmad, tampil sebagai presenter artikel berjudul “Reconstructing Indonesia’s Electoral Simultaneity after Constitutional Court Decision No. 135/PUU-XXII/2024: An Integrity-Based Design for Fair Elections.”

Artikel ini merupakan karya kolaboratif Syafaat Anugrah Pradana, Dirga Achmad,  dan Yusniar. Dirga Achmad hadir sebagai satu-satunya penulis yang mempresentasikan hasil penelitian secara langsung di hadapan peserta konferensi.

Artikel tersebut mengkaji perubahan mendasar desain keserentakan Pemilu Indonesia pasca Putusan Mahkamah Konstitusi Nomor 135/PUU-XXII/2024. Kajian menyoroti perubahan dari model Pemilu lima kotak menuju model dua klaster, yaitu Pemilu nasional untuk memilih Presiden dan Wakil Presiden, DPR, serta DPD; dan Pemilu daerah/lokal untuk memilih DPRD dan kepala daerah.

Bagi kajian Hukum Tata Negara, perubahan ini memiliki arti penting karena berkaitan langsung dengan desain konstitusional Pemilu, periodisitas jabatan, kepastian hukum, relasi antara demokrasi nasional dan demokrasi lokal, serta prinsip kedaulatan rakyat.

Dalam pemaparannya, Dirga menjelaskan bahwa Putusan MK Nomor 135/PUU-XXII/2024 tidak cukup dipahami sebagai perubahan jadwal Pemilu. Putusan tersebut membuka kebutuhan untuk membangun kembali arsitektur hukum Pemilu agar transisi menuju model dua klaster tetap menjamin legitimasi demokratis, kompetisi yang adil, dan akuntabilitas pemerintahan daerah.

“Penelitian ini menawarkan pendekatan integritas Pemilu sebagai dasar perancangan keserentakan Pemilu. Integritas Pemilu tidak hanya diposisikan sebagai ukuran atas pelanggaran setelah Pemilu berlangsung, tetapi juga sebagai parameter awal dalam merancang regulasi, tahapan, transisi masa jabatan, tata kelola penyelenggara, pembiayaan, data pemilih, dan mekanisme penyelesaian sengketa,” tutur Dirga.

Gagasan tersebut memperlihatkan relevansi Prodi Hukum Tata Negara IAIN Parepare dalam merespons isu-isu aktual ketatanegaraan. Melalui kajian akademik yang kritis dan berbasis riset, Prodi Hukum Tata Negara tidak hanya membahas norma hukum secara konseptual, tetapi juga menawarkan desain kebijakan yang relevan bagi pembaruan demokrasi elektoral Indonesia.

Partisipasi dalam forum APHUTARI 2026 diharapkan memperluas jejaring akademik Prodi Hukum Tata Negara IAIN Parepare, mendorong kolaborasi riset dosen dan mahasiswa, serta memperkuat budaya publikasi ilmiah pada bidang hukum tata negara.

Penulis: Indah Fitriani Sukri

Editor: Mifda Hilmiyah

di dalam

Berita

Humas IAIN Parepare

27 September 2026

blog kami

Riset

Opini

Kerja sama

Zona Integitasme

Berita

Pengumuman

Podcast

Media Highlights

Kisah Inspiratif

Essai

Arsip

Semua tanggal

Desember

2013

2014

Juni

2014

Desember

2015

Januari

2016

Februari

2016

Maret

2016

April

2016

2016

Juni

2016

Juli

2016

Agustus

2016

September

2016

Oktober

2016

November

2016

Desember

2016

Januari

2017

Februari

2017

Maret

2017

April

2017

2017

Juni

2017

Juli

2017

Agustus

2017

Oktober

2017

November

2017

Desember

2017

Januari

2018

Februari

2018

Maret

2018

April

2018

2018

Juni

2018

Juli

2018

Agustus

2018

September

2018

Oktober

2018

November

2018

Desember

2018

Januari

2019

Februari

2019

Maret

2019

April

2019

2019

Juli

2019

Januari

2020

Februari

2020

Maret

2020

April

2020

2020

September

2020

Oktober

2020

November

2020

Desember

2020

Januari

2021

Februari

2021

Maret

2021

April

2021

2021

Juni

2021

Juli

2021

Agustus

2021

September

2021

Oktober

2021

November

2021

Desember

2021

Januari

2022

Februari

2022

Maret

2022

April

2022

2022

Juni

2022

Juli

2022

Agustus

2022

September

2022

Oktober

2022

November

2022

Desember

2022

Januari

2023

Februari

2023

Maret

2023

April

2023

2023

Juni

2023

Juli

2023

Agustus

2023

September

2023

Oktober

2023

November

2023

Desember

2023

Januari

2024

Februari

2024

Maret

2024

April

2024

2024

Juni

2024

Juli

2024

Agustus

2024

September

2024

Oktober

2024

November

2024

Desember

2024

Januari

2025

Februari

2025

Maret

2025

April

2025

2025

Juni

2025

Juli

2025

Agustus

2025

September

2025

Oktober

2025

November

2025

Desember

2025

Januari

2026

Februari

2026

Maret

2026

April

2026

2026

Juni

2026

Juli

2026

Agustus

2026

September

2026

Oktober

2026

Masuk

untuk meninggalkan komentar

Baca Berikutnya

Tiga Dosen HTN IAIN Parepare Hadiri Konferensi Internasional APHUTARI 2026 di Pekalongan",https://ppid.iainpare.ac.id/web/image/9153-426f4a8e/700x0/gedung-rektorat.png
https://www.iainpare.ac.id/blog/berita-1/kepala-pusat-publikasi-dan-penerbitan-iain-parepare-ikuti-fgd-pembentukan-dan-pengelolaan-sentra-ki-di-makassar-6700,Kepala Pusat Publikasi dan Penerbitan IAIN Parepare Ikuti FGD Pembentukan dan Pengelolaan Sentra KI di Makassar,"29 September, 2026","Kepala Pusat Publikasi dan Penerbitan IAIN Parepare Ikuti FGD Pembentukan dan Pengelolaan Sentra KI di Makassar

29 September, 2026

oleh

Humas IAIN Parepare

Humas IAIN Parepare— Kepala Pusat Publikasi dan Penerbitan IAIN Parepare, Dr. Suhartina, M.Pd., mengikuti Focus Group Discussion (FGD) Pembentukan dan Pengelolaan Sentra Kekayaan Intelektual (KI) yang diselenggarakan Kantor Wilayah Kementerian Hukum Sulawesi Selatan. Kegiatan ini berlangsung pada 28–29 September 2026 di Ballroom Gammara Hotel, Makassar.

FGD bertema ""From Ideas to Impact: Membangun Sentra KI yang Aktif dan Berdampak bagi Ekosistem Inovasi Daerah dan Perguruan Tinggi"" ini diikuti perwakilan puluhan perguruan tinggi di Sulawesi Selatan. Kepala Kantor Wilayah Kementerian Hukum Sulawesi Selatan, Andi Basmal, membuka kegiatan melalui sambutan dan keynote speech.

Pada hari pertama, peserta menerima materi dasar-dasar kekayaan intelektual. Tim Bidang Kekayaan Intelektual kemudian memaparkan materi tentang paten, merek dan indikasi geografis, serta hak cipta dan desain industri. Selanjutnya, Direktorat Kerja Sama, Pemberdayaan, dan Edukasi DJKI menjelaskan urgensi pembentukan Sentra KI bagi perguruan tinggi dan pemerintah daerah.

Hari kedua diisi pemaparan praktik baik pengelolaan Sentra KI oleh Direktorat Inovasi dan Kekayaan Intelektual Universitas Hasanuddin. Narasumber menekankan bahwa hasil riset baru bernilai ketika terlindungi dan termanfaatkan. Menurutnya, KI memberi kepastian hukum, memiliki nilai ekonomi, dan menjadi bukti kinerja riset perguruan tinggi. Keberhasilan juga tidak berhenti pada terbitnya sertifikat KI. Perguruan tinggi perlu beralih dari sekadar ""mengurus KI"" menjadi mengelola portofolio hingga menghasilkan pemanfaatan dan dampak, termasuk bagi capaian Indikator Kinerja Utama (IKU) kampus.

Dalam paparannya, narasumber menguraikan sejumlah pilar pengelolaan Sentra KI. Pilar tersebut mencakup penguatan kelembagaan di bawah Wakil Rektor bidang riset dan inovasi dengan focal point di setiap fakultas, serta sistem informasi terpadu untuk seluruh aset KI. Pilar lainnya adalah pembudayaan KI melalui edukasi berjenjang, klinik KI, integrasi dengan penelitian, tugas akhir, dan pengabdian, serta apresiasi bagi inventor. Narasumber juga menyoroti pentingnya Peraturan Rektor tentang KI sebagai payung hukum, kejelasan kepemilikan KI dari riset yang didanai kampus, dan penyelarasan roadmap penelitian dengan kebutuhan industri.

Sesi berikutnya membahas roadmap Sentra KI. Peserta dibekali peta jalan 12 bulan untuk membangun Sentra KI yang matang. Tiga bulan pertama difokuskan pada kebijakan dan data dasar, meliputi audit KI, penyusunan basis data, SOP, standar layanan, dan pembentukan tim. Bulan keempat hingga keenam diarahkan pada aktivasi portofolio melalui kampanye disclosure, penyaringan, penetapan 20 portofolio unggulan, dan pemetaan industri. Bulan ketujuh hingga kesembilan menyiapkan alih teknologi melalui valuasi, penyusunan ringkasan bisnis, uji konsep (proof of concept), templat lisensi, dan penjajakan mitra. Tiga bulan terakhir diarahkan pada perluasan dan dampak, berupa kesepakatan kerja sama, penyiapan usaha rintisan (spin-off), dasbor capaian, dan tinjauan portofolio tahunan.

Selain itu, narasumber memaparkan peta jalan tiga tahun. Tahun pertama menjadi tahap fondasi, yaitu penetapan Peraturan Rektor tentang KI, pembentukan tim inti dan focal point, serta penyusunan SOP dan formulir disclosure. Tahun kedua merupakan tahap penguatan melalui pembangunan basis data dan portal, pelatihan drafter paten internal, dan pembukaan klinik KI di fakultas. Tahun ketiga diarahkan pada hilirisasi, meliputi peluncuran katalog teknologi, perintisan lisensi pertama dengan industri, serta evaluasi dan pelaporan capaian. Roadmap tersebut dapat disesuaikan dengan organisasi dan tata kerja (OTK), regulasi, dan kapasitas masing-masing perguruan tinggi.

Dr. Suhartina menilai materi yang disampaikan sangat relevan dengan tugas Pusat Publikasi dan Penerbitan. Salah satu tantangan yang dibahas adalah KI perguruan tinggi yang masih didominasi hak cipta, seperti buku dan bahan ajar. Tantangan lainnya adalah invensi yang telanjur dipublikasikan sebelum dilindungi.

""Publikasi dan pelindungan KI harus berjalan beriringan. Ke depan, kami ingin memastikan karya dosen dan mahasiswa IAIN Parepare tidak hanya terbit, tetapi juga terlindungi dan memberi manfaat yang lebih luas,"" ujarnya.

Keikutsertaan ini diharapkan menjadi bekal bagi IAIN Parepare dalam memperkuat pengelolaan kekayaan intelektual di lingkungan kampus. Upaya ini sejalan dengan peningkatan mutu riset, publikasi, dan inovasi civitas academica.

Penulis: Irmawati

Editor: Violet

di dalam

Berita

Humas IAIN Parepare

29 September 2026

blog kami

Riset

Opini

Kerja sama

Zona Integitasme

Berita

Pengumuman

Podcast

Media Highlights

Kisah Inspiratif

Essai

Arsip

Semua tanggal

Desember

2013

2014

Juni

2014

Desember

2015

Januari

2016

Februari

2016

Maret

2016

April

2016

2016

Juni

2016

Juli

2016

Agustus

2016

September

2016

Oktober

2016

November

2016

Desember

2016

Januari

2017

Februari

2017

Maret

2017

April

2017

2017

Juni

2017

Juli

2017

Agustus

2017

Oktober

2017

November

2017

Desember

2017

Januari

2018

Februari

2018

Maret

2018

April

2018

2018

Juni

2018

Juli

2018

Agustus

2018

September

2018

Oktober

2018

November

2018

Desember

2018

Januari

2019

Februari

2019

Maret

2019

April

2019

2019

Juli

2019

Januari

2020

Februari

2020

Maret

2020

April

2020

2020

September

2020

Oktober

2020

November

2020

Desember

2020

Januari

2021

Februari

2021

Maret

2021

April

2021

2021

Juni

2021

Juli

2021

Agustus

2021

September

2021

Oktober

2021

November

2021

Desember

2021

Januari

2022

Februari

2022

Maret

2022

April

2022

2022

Juni

2022

Juli

2022

Agustus

2022

September

2022

Oktober

2022

November

2022

Desember

2022

Januari

2023

Februari

2023

Maret

2023

April

2023

2023

Juni

2023

Juli

2023

Agustus

2023

September

2023

Oktober

2023

November

2023

Desember

2023

Januari

2024

Februari

2024

Maret

2024

April

2024

2024

Juni

2024

Juli

2024

Agustus

2024

September

2024

Oktober

2024

November

2024

Desember

2024

Januari

2025

Februari

2025

Maret

2025

April

2025

2025

Juni

2025

Juli

2025

Agustus

2025

September

2025

Oktober

2025

November

2025

Desember

2025

Januari

2026

Februari

2026

Maret

2026

April

2026

2026

Juni

2026

Juli

2026

Agustus

2026

September

2026

Oktober

2026

Masuk

untuk meninggalkan komentar

Baca Berikutnya

Mahasiswa FEBI IAIN Parepare Raih Juara I Duta Lingkungan Hidup Kota Parepare 2026",https://ppid.iainpare.ac.id/web/image/9153-426f4a8e/700x0/gedung-rektorat.png
https://www.iainpare.ac.id/blog/essai-34/bingkai-laba-yg-tertutup-penahanan-laba-yg-berlebihan-retained-earnings-dan-hak-pemegang-saham-atas-deviden-6679,"“BINGKAI LABA YG TERTUTUP”: PENAHANAN LABA YG BERLEBIHAN, RETAINED EARNINGS, DAN HAK PEMEGANG SAHAM ATAS DEVIDEN”.","24 September, 2026","“BINGKAI LABA YG TERTUTUP”: PENAHANAN LABA YG BERLEBIHAN, RETAINED EARNINGS, DAN HAK PEMEGANG SAHAM ATAS DEVIDEN”.

OLEH: DR ZAINAL SAID.,MH ( DOSEN IAIN FAKULTAS SYARIAH DAN ILMU HUKUM IAIN PAREPARE )

24 September, 2026

oleh

Humas IAIN Parepare

Laba perusahaan

dapat dianalogikan seperti lukisan.

Ia adalah hasil kerja, modal, risiko, strategi, dan kepercayaan para pemegang saham. Agar lukisan itu bernilai,

ia membutuhkan bingkai. Bingkai berfungsi menjaga lukisan agar rapi,

terlindungi, dan indah dilihat.

Dalam perseroan terbatas, bingkai itu bernama tata kelola perusahaan,

RUPS, laporan keuangan, kebijakan dividen, kewajiban cadangan, dan

pertanggungjawaban direksi. Akan tetapi, bingkai dapat berubah fungsi. Jika

terlalu sempit, ia menekan lukisan. Jika terlalu tebal, ia menutupi keindahan

lukisan. Demikian pula laba ditahan atau

retained earnings

. Pada satu

sisi, laba ditahan diperlukan untuk

memperkuat modal, ekspansi, investasi, cadangan risiko, dan keberlanjutan usaha. Namun,

pada sisi lain, jika laba terus-menerus ditahan oleh Pemegang Saham Pengendali/PSP atau direksi dengan alasan ekspansi

tanpa kejelasan waktu, tujuan, ukuran, dan manfaat, maka laba ditahan berubah

menjadi bingkai yang menutupi hak pemegang saham atas dividen.

Secara hukum,

laba ditahan bukan sesuatu yang dilarang. OJK mendefinisikan

laba ditahan

sebagai saldo laba bersih setelah dikurangi pajak yang oleh RUPS atau rapat

anggota diputuskan untuk tidak dibagikan (

retained

earning

) (OJK, 2026). Definisi

ini menunjukkan bahwa laba

ditahan hanya sah apabila merupakan keputusan korporasi yang jelas, bukan

sekadar kehendak sepihak direksi atau pemegang saham pengendali. Dalam hukum

perseroan, laba bersih perusahaan tidak otomatis menjadi dividen pribadi

pemegang saham, karena harus melalui mekanisme pengesahan laporan tahunan, penyisihan

cadangan, dan keputusan RUPS. Namun, hukum juga tidak membenarkan apabila laba

ditahan digunakan secara terus-menerus

untuk menghilangkan manfaat ekonomi pemegang

saham tanpa alasan yang rasional, transparan, dan dapat

dipertanggungjawabkan.

Fondasi hukumnya terdapat dalam UU No. 40 Tahun 2007 tentang Perseroan

Terbatas. Pasal 70 mengatur

bahwa perseroan wajib

menyisihkan jumlah tertentu

dari laba bersih

setiap tahun buku untuk cadangan, dan cadangan wajib tersebut dilakukan

sampai mencapai paling sedikit 20% dari jumlah modal yang ditempatkan dan

disetor (Republik Indonesia, 2007).

Setelah penyisihan

cadangan, Pasal 71 ayat (1) menegaskan bahwa penggunaan laba bersih, termasuk penentuan jumlah penyisihan untuk cadangan,

diputuskan oleh RUPS. Pasal 71 ayat (2) kemudian

menyatakan bahwa seluruh laba bersih setelah dikurangi penyisihan untuk

cadangan dibagikan kepada pemegang saham sebagai dividen, kecuali ditentukan

lain dalam RUPS (Republik Indonesia, 2007). Dengan demikian, secara normatif,

pembagian dividen adalah prinsip umum setelah cadangan,

sedangkan penahanan laba adalah pengecualian yang harus didasarkan pada keputusan RUPS

dan alasan korporasi yang sah.

Dalam metafora

bingkai, Pasal 70 adalah aturan mengenai bingkai minimum yang harus dipasang agar lukisan tidak rusak, yaitu cadangan wajib. Sedangkan Pasal 71 adalah aturan

mengenai siapa yang berhak menentukan apakah lukisan itu akan dipamerkan kepada

pemegang saham melalui dividen atau disimpan sebagian untuk kebutuhan masa

depan.

Tetapi apabila

bingkai dibuat terlalu besar dengan alasan “ekspansi” yang tidak pernah

dijelaskan, maka pemegang

saham hanya melihat

bingkai, bukan lukisannya. Mereka melihat

perusahaan mencatat laba, tetapi tidak pernah

menikmati hasilnya. Mereka mendengar alasan pertumbuhan, tetapi tidak pernah

menerima peta jalan kapan pertumbuhan itu kembali menjadi manfaat ekonomi.

Masalah hukum

muncul ketika penahanan laba dilakukan secara

berlebihan dan terus-menerus. Direksi atau PSP mungkin

beralasan bahwa perusahaan membutuhkan laba ditahan untuk ekspansi, akuisisi,

pembangunan pabrik, penguatan modal kerja, pembelian aset, digitalisasi, atau

perluasan pasar. Alasan tersebut dapat sah apabila disertai rencana bisnis,

kebutuhan dana, proyeksi investasi,

target waktu, analisis risiko, dan

manfaat bagi perseroan. Namun, alasan ekspansi menjadi problematis jika tidak

konkret, tidak transparan, tidak pernah dievaluasi, dan selalu digunakan untuk

menolak pembagian dividen. Dalam keadaan demikian, laba ditahan berpotensi

menjadi alat dominasi PSP terhadap pemegang saham minoritas.

Secara teoritis,

Berle dan Means menjelaskan bahwa perusahaan modern menghadapi pemisahan antara kepemilikan dan pengendalian, sehingga muncul

risiko bahwa pengendali

perusahaan tidak selalu bertindak sejalan dengan kepentingan seluruh pemegang

saham (Berle & Means,

1932). Jensen dan Meckling kemudian

mengembangkan teori agency cost, yaitu biaya yang timbul karena adanya perbedaan

kepentingan antara pemilik dan

pengelola perusahaan (Jensen & Meckling, 1976). Dalam konteks

laba ditahan, konflik

keagenan tidak hanya terjadi

antara pemegang saham dan direksi, tetapi juga antara pemegang saham pengendali dan pemegang saham minoritas. Ketika PSP

mampu menentukan arah RUPS dan memengaruhi direksi, kebijakan laba ditahan

dapat menjadi instrumen untuk mengendalikan manfaat ekonomi perusahaan.

Dalam konteks

Indonesia, struktur kepemilikan perusahaan yang terkonsentrasi membuat masalah ini semakin relevan.

Penelitian tentang kebijakan dividen di Indonesia

menunjukkan bahwa struktur kepemilikan dan tingkat konsentrasi

kepemilikan dapat berkaitan dengan risiko ekspropriasi, yaitu kondisi ketika

hak atau kepentingan pemegang saham minoritas berpotensi dikorbankan oleh

pemegang saham besar atau pengendali (Thanatawee, 2019).

Kajian lain

mengenai kebijakan dividen terhadap pemegang saham pengendali dan

non-pengendali di Indonesia juga menunjukkan bahwa perusahaan dapat cenderung

tidak membagikan dividen dalam

kondisi tertentu, termasuk

ketika posisi kepemilikan pengendali sangat kuat atau ketika laba ditahan rendah

(Setiawan & Phua,

2017). Dengan kata lain, laba ditahan bukan hanya isu akuntansi,

tetapi juga isu keadilan korporasi, tata kelola, dan perlindungan pemegang

saham minoritas.

Penahanan laba

berlebihan dapat merugikan pemegang saham dalam beberapa bentuk. Pertama,

pemegang saham kehilangan manfaat ekonomi berupa dividen, padahal mereka telah menanamkan modal dan ikut menanggung risiko

usaha. Kedua, nilai

investasi menjadi tidak pasti

karena perusahaan tidak memberi kejelasan apakah laba ditahan akan menghasilkan

pertumbuhan yang nyata. Ketiga, pemegang saham minoritas tidak memiliki cukup

suara untuk mengubah keputusan RUPS apabila PSP menguasai mayoritas suara.Keempat, laba ditahan

dapat digunakan untuk transaksi yang justru menguntungkan

kelompok pengendali, seperti ekspansi ke entitas afiliasi, akuisisi yang tidak transparan, atau proyek yang tidak memberikan nilai

tambah memadai. Kelima, tidak adanya kebijakan dividen yang jelas dapat

menurunkan kepercayaan investor terhadap tata kelola perusahaan.

Dari sudut hukum

perseroan, direksi wajib menjalankan pengurusan perseroan untuk kepentingan

perseroan dan sesuai maksud serta tujuan perseroan. Jika direksi menahan laba

dengan alasan ekspansi, maka direksi

harus mampu menunjukkan bahwa keputusan tersebut memang untuk kepentingan

perseroan, bukan untuk kepentingan PSP tertentu. Di sinilah berlaku prinsip fiduciary duty, yaitu kewajiban direksi untuk bertindak dengan itikad baik,

kehati-hatian, loyalitas, dan tanggung jawab. Direksi tidak boleh menjadi alat

PSP untuk membingkai laba sedemikian rupa sehingga pemegang saham minoritas

tidak pernah memperoleh manfaat. Bingkai tata kelola harus melindungi lukisan

kepentingan perseroan, bukan menutupi kepentingan sebagian pemegang saham.

Dalam kerangka

RUPS, pemegang saham memang memiliki kewenangan menentukan penggunaan laba

bersih. Tetapi kewenangan RUPS tidak boleh dipahami sebagai kekuasaan absolut

mayoritas. Keputusan RUPS harus tetap tunduk pada undang-undang, anggaran dasar, itikad baik, kepatutan, dan

perlindungan terhadap pemegang saham minoritas. Jika PSP menggunakan mayoritas suara untuk terus-menerus menahan laba

tanpa alasan wajar, maka dapat muncul dugaan abuse of majority power atau penyalahgunaan kekuasaan mayoritas.

Dalam metafora bingkai, pemegang saham mayoritas memang dapat memilih bentuk bingkai,

tetapi tidak boleh

memilih bingkai yang membuat pemegang

saham lain tidak lagi dapat melihat lukisan sama

sekali.

Bagi perseroan

terbuka, aspek keterbukaan menjadi semakin penting. Investor publik membutuhkan

informasi yang memadai mengenai alasan laba ditahan, rencana penggunaan dana,

kebijakan dividen, proyeksi ekspansi, dan risiko investasi. Tanpa keterbukaan,

pasar tidak dapat menilai apakah penahanan laba benar-benar sehat atau sekadar

cara menghindari pembagian dividen. Good corporate governance mensyaratkan

transparansi, akuntabilitas, responsibilitas, independensi, dan kewajaran.

Karena itu, perusahaan seharusnya memiliki dividend

policy yang jelas: kapan dividen dapat dibagikan, berapa rasio pembayaran

yang ditargetkan, apa syarat penahanan laba,

berapa lama dana ekspansi digunakan, dan bagaimana

evaluasi keberhasilan ekspansi dilakukan.

Penahanan laba

yang sehat memiliki ciri-ciri tertentu. Pertama, diputuskan melalui RUPS dengan

informasi yang cukup. Kedua, didasarkan pada kebutuhan bisnis yang nyata.

Ketiga, memiliki rencana penggunaan dana yang terukur. Keempat, disertai target

waktu dan indikator keberhasilan. Kelima,

tidak menghilangkan hak pemegang saham

secara permanen. Keenam,

tidak digunakan untuk transaksi benturan kepentingan. Ketujuh, dievaluasi

secara berkala melalui laporan tahunan dan laporan keuangan. Jika ciri-ciri

ini terpenuhi, maka laba ditahan menjadi bingkai yang menguatkan lukisan

perusahaan. Sebaliknya, jika laba ditahan dilakukan tanpa rencana, tanpa batas

waktu, tanpa transparansi, dan tanpa pembagian manfaat, maka ia berubah menjadi

bingkai gelap yang menutup hak pemegang saham.

Dalam hukum

perlindungan pemegang saham, pemegang saham yang dirugikan tidak sepenuhnya

tanpa alat. UU Perseroan Terbatas memberikan hak kepada pemegang saham untuk menghadiri dan mengeluarkan suara dalam RUPS, menerima

pembayaran dividen dan sisa kekayaan hasil likuidasi, serta

menjalankan hak lain berdasarkan undang-undang.

Pemegang

saham juga dapat meminta keterangan dalam RUPS, menolak keputusan yang dianggap merugikan, dan dalam kondisi

tertentu menggunakan mekanisme

gugatan apabila tindakan perseroan

dinilai tidak adil atau merugikan. Dalam konteks tertentu, Pasal 61 UU

Perseroan Terbatas memberikan hak kepada setiap pemegang saham untuk mengajukan

gugatan terhadap perseroan ke pengadilan negeri

apabila dirugikan karena

tindakan perseroan yang dianggap tidak adil dan tanpa alasan

wajar sebagai akibat keputusan RUPS, direksi, atau dewan komisaris. Dengan demikian,

apabila penahanan laba dilakukan secara tidak wajar, terus-menerus, dan

merugikan pemegang saham, maka jalur hukum dapat dipertimbangkan.

Namun, pendekatan

terbaik tidak selalu langsung litigasi. Sengketa mengenai laba ditahan dan dividen

sering lebih efektif

diselesaikan melalui tata kelola internal yang kuat. Pemegang saham dapat meminta agenda khusus

dalam RUPS, meminta penjelasan penggunaan laba, meminta penyusunan kebijakan

dividen, meminta laporan realisasi ekspansi, meminta audit atas transaksi

afiliasi, atau meminta pembentukan komite independen. Jika perusahaan terbuka,

pemegang saham juga dapat menggunakan mekanisme keterbukaan informasi dan forum

pemegang saham publik. Tujuannya bukan memaksa perusahaan membagikan semua

laba, tetapi memastikan bahwa laba ditahan tidak menjadi alat penahanan manfaat

ekonomi secara tidak adil.

Secara normatif,

direksi dapat membela kebijakan laba ditahan dengan prinsip business judgment rule. Artinya,

sepanjang keputusan bisnis diambil dengan itikad baik, informasi memadai, tanpa

benturan kepentingan, dan untuk kepentingan perseroan, maka direksi tidak

semestinya dihukum hanya karena hasil ekspansi belum sesuai harapan. Tetapi

business judgment rule tidak melindungi keputusan

yang tidak transparan, tidak rasional, mengandung benturan kepentingan, atau

sekadar mengikuti kehendak PSP untuk menahan dividen tanpa dasar. Bingkai

kebijakan bisnis memang memberi ruang gerak direksi, tetapi ruang itu tetap

harus berada dalam batas loyalitas, kehati-hatian, dan akuntabilitas.

Dari perspektif

keadilan korporasi, laba ditahan berlebihan menciptakan ketidakseimbangan

antara hak perusahaan untuk tumbuh dan

hak pemegang saham untuk memperoleh

hasil investasi. Perusahaan tentu membutuhkan modal internal untuk

berkembang. Tetapi pemegang saham juga memiliki ekspektasi yang sah untuk

memperoleh dividen, terutama jika perusahaan terus mencatat laba positif.

Menunda dividen satu atau dua tahun mungkin dapat diterima jika ada rencana

ekspansi jelas. Namun, menahan laba bertahun-tahun tanpa kepastian dapat menimbulkan kesan

bahwa pemegang saham hanya diminta

menanam modal tanpa pernah

menikmati buahnya.

Dalam metafora

bingkai, kebijakan laba ditahan yang baik adalah bingkai proporsional: cukup kuat untuk

menjaga lukisan, tetapi tidak menutup

lukisan. Ekspansi adalah

alasan yang sah, tetapi harus

menjadi bingkai yang menerangi masa depan perusahaan, bukan tirai yang menutupi

hak pemegang saham. PSP dan direksi boleh mengatakan, “laba ditahan untuk pertumbuhan,” tetapi

mereka harus menjawab:

pertumbuhan apa, berapa

nilainya, kapan diwujudkan, siapa yang diuntungkan, bagaimana risikonya, dan kapan pemegang

saham memperoleh dividen. Tanpa jawaban tersebut, alasan ekspansi

berubah menjadi kalimat kosong yang membingkai ketidakpastian.

Karena itu,

rekonstruksi hukum dan tata kelola atas laba ditahan perlu diarahkan pada

beberapa prinsip. Pertama,

setiap penahanan laba harus diputuskan secara transparan dalam RUPS. Kedua, perusahaan harus

menyusun kebijakan dividen tertulis. Ketiga, alasan ekspansi harus disertai rencana bisnis dan target

waktu. Keempat, penggunaan laba ditahan harus

dilaporkan secara berkala. Kelima, transaksi dengan pihak afiliasi atau

pengendali harus diawasi secara ketat. Keenam, pemegang saham minoritas harus

diberi ruang untuk meminta penjelasan

dan menguji kewajaran keputusan. Ketujuh, apabila penahanan laba terbukti tidak adil, tanpa alasan wajar,

dan merugikan pemegang

saham, maka mekanisme gugatan atau perlindungan hukum

dapat digunakan.

Kesimpulannya, laba ditahan adalah bingkai yang diperlukan

dalam perseroan, tetapi tidak boleh menjadi bingkai yang menutup lukisan hak

pemegang saham. PSP dan direksi dapat menahan laba untuk ekspansi, tetapi

wajib menjelaskan dasar, tujuan, jangka waktu, manfaat, dan risikonya. Dalam

hukum perseroan Indonesia, penggunaan laba bersih adalah kewenangan RUPS,

tetapi kewenangan itu harus dijalankan berdasarkan itikad baik, kepastian hukum, keterbukaan, akuntabilitas, kewajaran, dan perlindungan pemegang saham. Jika

laba terus-menerus ditahan tanpa kejelasan kapan dividen dibagikan, maka

penahanan laba dapat berubah dari kebijakan bisnis yang sah menjadi instrumen

dominasi pengendali.

Pada titik itu, bingkai

tidak lagi memperindah lukisan perusahaan; ia justru menutupnya dari pemilik yang berhak melihat dan menikmati hasilnya.

Editor / Layout : Tasrif

Referensi

Berle, A. A., & Means,

G. C. (1932).

The modern corporation and private property

. Macmillan.

Jensen, M. C., & Meckling, W. H. (1976).

Theory of the firm: Managerial behavior, agency

costs and ownership structure.

Journal of

Financial Economics, 3

(4), 305–360.

https://doi.org/10.1016/0304-405X(76)90026-X

Otoritas Jasa Keuangan.

(2026).

OJK Pedia: Laba ditahan

. Otoritas

Jasa Keuangan.

Republik Indonesia. (2007).

Undang-Undang Nomor 40 Tahun 2007 tentang

Perseroan Terbatas

Setiawan, D., & Phua, L. K. (2017).

Dividend policy on controlling and non-controlling shareholders: Case in Indonesia.

Investment Management and Financial Innovations, 14

(2), 35–41.

Thanatawee, Y. (2019). The effects of ownership

structure, sub-optimal cash holdings and investmentinefficiencyondividendpolicy:EvidencefromIndonesia.

Review

of Quantitative Finance and

Accounting, 53

, 1059–1089.

https://doi.org/10.1007/s11156-019-00862-z

di dalam

Essai

Humas IAIN Parepare

24 September 2026

blog kami

Riset

Opini

Kerja sama

Zona Integitasme

Berita

Pengumuman

Podcast

Media Highlights

Kisah Inspiratif

Essai

Arsip

Semua tanggal

Juni

2026

Juli

2026

Agustus

2026

September

2026

Oktober

2026

Masuk

untuk meninggalkan komentar

Baca Berikutnya

“BENDERA REPUTASI YG DICURI”: PRAKTIK PENDAFTARAN MEREK DAGANG MILIK PIHAK LAIN DALAM SISTEM FIRST-TO-FILE

OLEH: DR. ZAINAL SAID.,MH (DOSEN IAIN PAREPARE FAKULTAS SYARIAH DAN ILMU)",https://ppid.iainpare.ac.id/web/image/9153-426f4a8e/700x0/gedung-rektorat.png
https://www.iainpare.ac.id/blog/berita-1/perkuat-sinergi-akademik-dan-industri-fakshi-iain-parepare-resmi-teken-moa-dengan-pt-pegadaian-parepare-6677,"Perkuat Sinergi Akademik dan Industri, Fakshi IAIN Parepare Resmi Teken MoA dengan PT Pegadaian Parepare","23 September, 2026","Perkuat Sinergi Akademik dan Industri, Fakshi IAIN Parepare Resmi Teken MoA dengan PT Pegadaian Parepare

23 September, 2026

oleh

Humas IAIN Parepare

Humas IAIN Parepare - Fakultas Syariah dan Ilmu Hukum Islam (Fakshi) IAIN Parepare terus berkomitmen meningkatkan kualitas pendidikan dan kesiapan kerja civitas akademika melalui penguatan jejaring kemitraan institusional. Hal ini dibuktikan dengan dilaksanakannya penandatanganan Memorandum of Agreement (MoA) antara Fakshi IAIN Parepare dengan PT Pegadaian Parepare pada Rabu (23/9/2026) bertempat di Gedung Fakshi IAIN Parepare.

Prosesi penandatanganan kesepakatan tersebut dihadiri jajaran pimpinan tertinggi fakultas. Tampak hadir Dekan Fakshi Dr. Budiman,

S.Ag

., M.HI., didampingi Wakil Dekan I Dr. H. Syafaat Anugrah Pradana, M.H., Wakil Dekan II Dr. Hj. Sunuwati, Lc., M.HI., serta Kepala Bagian Tata Usaha Hamid,

S.Ag

., M.Pd. Sinergi ini juga didukung penuh oleh para Ketua Program Studi (Prodi) di lingkungan Fakshi serta tim pimpinan dari PT Pegadaian Parepare.

Dalam sambutannya, Dekan Fakshi Dr. Budiman,

S.Ag

., M.HI. menegaskan pentingnya kolaborasi antara perguruan tinggi dengan dunia industri/keuangan, khususnya lembaga keuangan berbasis syariah.

""Kerja sama ini bukan sekadar seremoni formalitas di atas kertas, melainkan komitmen nyata Fakshi untuk mendekatkan kurikulum akademik dengan kebutuhan industri modern. Kami berharap penandatanganan MoA ini mampu membuka peluang luas bagi mahasiswa dalam program Magang/Praktek Kerja Lapangan (PKL), Praktisi Mengajar, pengembangan kapasitas riset bersama, hingga peningkatan literasi keuangan syariah di lingkungan kampus,"" ujar Budiman.

Senada dengan hal tersebut, jajaran Wakil Dekan dan pimpinan prodi turut menekankan ruang lingkup kesepakatan ini akan langsung ditindaklanjuti secara konkret oleh masing-masing prodi agar implementasi kerja sama dapat dirasakan manfaatnya oleh para mahasiswa dalam waktu dekat.

Sementara itu, perwakilan dari PT Pegadaian Parepare menyampaikan apresiasi setinggi-tingginya atas keterbukaan Fakshi IAIN Parepare dalam menjalin kemitraan. Pihak Pegadaian berkomitmen untuk siap mendukung program-program edukasi keuangan, literasi investasi, serta membuka pintu bagi mahasiswa Fakshi yang ingin menimba pengalaman profesional di PT Pegadaian.

Acara penandatanganan dokumen MoA berlangsung dengan lancar dan khidmat, lalu diakhiri dengan penyerahan cenderamata serta foto bersama antara pimpinan Fakshi IAIN Parepare dan rombongan PT Pegadaian Parepare.

Kontributor : Arfiah | Editor : Hayana

di dalam

Berita

Humas IAIN Parepare

23 September 2026

blog kami

Riset

Opini

Kerja sama

Zona Integitasme

Berita

Pengumuman

Podcast

Media Highlights

Kisah Inspiratif

Essai

Arsip

Semua tanggal

Desember

2013

2014

Juni

2014

Desember

2015

Januari

2016

Februari

2016

Maret

2016

April

2016

2016

Juni

2016

Juli

2016

Agustus

2016

September

2016

Oktober

2016

November

2016

Desember

2016

Januari

2017

Februari

2017

Maret

2017

April

2017

2017

Juni

2017

Juli

2017

Agustus

2017

Oktober

2017

November

2017

Desember

2017

Januari

2018

Februari

2018

Maret

2018

April

2018

2018

Juni

2018

Juli

2018

Agustus

2018

September

2018

Oktober

2018

November

2018

Desember

2018

Januari

2019

Februari

2019

Maret

2019

April

2019

2019

Juli

2019

Januari

2020

Februari

2020

Maret

2020

April

2020

2020

September

2020

Oktober

2020

November

2020

Desember

2020

Januari

2021

Februari

2021

Maret

2021

April

2021

2021

Juni

2021

Juli

2021

Agustus

2021

September

2021

Oktober

2021

November

2021

Desember

2021

Januari

2022

Februari

2022

Maret

2022

April

2022

2022

Juni

2022

Juli

2022

Agustus

2022

September

2022

Oktober

2022

November

2022

Desember

2022

Januari

2023

Februari

2023

Maret

2023

April

2023

2023

Juni

2023

Juli

2023

Agustus

2023

September

2023

Oktober

2023

November

2023

Desember

2023

Januari

2024

Februari

2024

Maret

2024

April

2024

2024

Juni

2024

Juli

2024

Agustus

2024

September

2024

Oktober

2024

November

2024

Desember

2024

Januari

2025

Februari

2025

Maret

2025

April

2025

2025

Juni

2025

Juli

2025

Agustus

2025

September

2025

Oktober

2025

November

2025

Desember

2025

Januari

2026

Februari

2026

Maret

2026

April

2026

2026

Juni

2026

Juli

2026

Agustus

2026

September

2026

Oktober

2026

Masuk

untuk meninggalkan komentar

Baca Berikutnya

Perkuat Jejaring Nasional dan Internasional, Kaprodi PBA IAIN Parepare Ikuti Rakernas PPPBA di Yogyakarta",https://ppid.iainpare.ac.id/web/image/9153-426f4a8e/700x0/gedung-rektorat.png
https://www.iainpare.ac.id/blog/essai-34/bendera-reputasi-yg-dicuri-praktik-pendaftaran-merek-dagang-milik-pihak-lain-dalam-sistem-first-to-file-6668,“BENDERA REPUTASI YG DICURI”: PRAKTIK PENDAFTARAN MEREK DAGANG MILIK PIHAK LAIN DALAM SISTEM FIRST-TO-FILE,"22 September, 2026","“BENDERA REPUTASI YG DICURI”: PRAKTIK PENDAFTARAN MEREK DAGANG MILIK PIHAK LAIN DALAM SISTEM FIRST-TO-FILE

OLEH: DR. ZAINAL SAID.,MH (DOSEN IAIN PAREPARE FAKULTAS SYARIAH DAN ILMU)

22 September, 2026

oleh

Humas IAIN Parepare

Merek dagang dapat dianalogikan seperti bendera.

Bendera bukan sekadar kain yang dikibarkan di atas tiang, melainkan tanda

identitas, kehormatan, reputasi, dan pengakuan. Ketika sebuah bendera berkibar,

orang mengetahui siapa pemiliknya, nilai apa yang diwakilinya, dan wilayah

kepercayaan apa yang berada di bawahnya. Begitu pula merek dagang. Merek bukan

hanya nama, logo, atau simbol pada produk, tetapi bendera reputasi yang

menunjukkan kualitas, asal-usul, pengalaman konsumen, dan nilai ekonomi suatu

barang atau jasa. Karena itu, ketika ada oknum lokal yang mendaftarkan merek

dagang milik pihak lain atau merek luar negeri yang belum masuk ke Indonesia,

lalu menjualnya kembali dengan harga tinggi kepada pemilik aslinya, tindakan

itu dapat diibaratkan seperti mengambil bendera orang lain, menancapkannya lebih

dahulu di halaman sendiri, lalu meminta pemilik sahnya membayar mahal untuk

mengambil kembali bendera tersebut.

Secara hukum, Indonesia menganut sistem konstitutif

atau

first-to-file

system

dalam perlindungan merek. Artinya, hak atas merek

lahir karena pendaftaran, bukan semata-mata karena pemakaian pertama. Dalam

sistem ini, pihak yang pertama kali mengajukan permohonan pendaftaran merek

kepada Direktorat Jenderal Kekayaan Intelektual memperoleh posisi hukum yang

kuat sepanjang permohonan tersebut diajukan dengan itikad baik. DJKI menegaskan

bahwa perlindungan merek di Indonesia bertumpu pada prinsip

first-to-file

yaitu negara memberikan perlindungan hukum kepada pihak yang pertama kali

mengajukan permohonan pendaftaran merek, selama pendaftaran itu dilakukan

dengan itikad baik (DJKI, 2025). Dengan demikian,

first-to-file

sebenarnya adalah pagar kepastian hukum agar bendera merek tidak diklaim secara

serampangan oleh banyak pihak.

Namun, seperti bendera yang dapat dicuri lalu dikibarkan oleh

orang yang bukan pemiliknya, sistem

first-to-file

juga dapat

disalahgunakan. Celahnya muncul ketika suatu merek luar negeri sudah memiliki

reputasi di negara asal atau pasar global, tetapi belum didaftarkan di

Indonesia. Oknum lokal kemudian mendaftarkan merek tersebut lebih dahulu, bukan

karena ia menciptakan reputasi, kualitas, atau identitas bisnis sendiri,

melainkan karena mengetahui bahwa merek tersebut bernilai ekonomi. Setelah

memperoleh sertifikat, oknum itu dapat menghalangi pemilik asli masuk ke pasar

Indonesia atau menawarkan “penjualan kembali” merek dengan harga tinggi.

Praktik demikian dikenal sebagai trademark squatting, yaitu

penumpangan atau pembajakan merek melalui instrumen pendaftaran formal.

Masalah hukum utama dalam praktik tersebut bukan terletak pada

sistem

first-to-file

itu sendiri, melainkan pada penyalahgunaan prinsip

pendaftaran oleh pihak yang beritikad tidak baik. UU No. 20

Tahun 2016 tentang Merek dan Indikasi Geografis memang memberikan hak eksklusif

kepada pemilik merek terdaftar, tetapi undang-undang tersebut juga menolak

pendaftaran yang dilakukan dengan itikad tidak baik. Dalam konteks ini, itikad

baik menjadi “tiang moral” tempat bendera merek dikibarkan. Tanpa itikad baik,

pendaftaran merek hanya menjadi tindakan administratif yang tampak sah, tetapi

secara substantif menumpang reputasi orang lain. Kajian hukum merek menunjukkan

bahwa prinsip

first-to-file

tidak berlaku mutlak apabila dalam proses

pendaftaran ditemukan unsur itikad tidak baik (Dewi & Priyanto, 2022).

Dalam metafora bendera, pendaftar merek yang jujur adalah

pihak yang menjahit sendiri benderanya, membangun maknanya, dan mengibarkannya

melalui usaha, kualitas, promosi, dan kepercayaan konsumen. Sebaliknya, oknum

yang mendaftarkan merek milik pihak lain adalah orang yang melihat bendera

terkenal dari kejauhan, menyalin warnanya, bentuknya, atau namanya, lalu lebih

dahulu menancapkannya di Indonesia. Ia mungkin memegang sertifikat, tetapi

sertifikat itu tidak serta-merta membuktikan kejujuran asal-usul reputasi.

Pendaftaran formal tidak boleh menjadi alat untuk mengubah pencurian reputasi

menjadi kepemilikan hukum.

Praktik pendaftaran merek milik pihak lain/l luar negeri

biasanya memiliki beberapa ciri. Pertama, merek yang didaftarkan telah

digunakan atau dikenal di luar negeri. Kedua, pendaftar lokal tidak memiliki

hubungan bisnis, lisensi, distribusi resmi, atau hak dari pemilik asli. Ketiga,

pendaftaran dilakukan bukan untuk membangun usaha riil, tetapi untuk menyimpan

posisi hukum. Keempat, setelah merek terdaftar, pendaftar lokal menghubungi

pemilik asli atau menunggu pemilik asli masuk ke pasar Indonesia, lalu

menawarkan pengalihan hak dengan harga tinggi. Kelima, pendaftaran tersebut

berpotensi menimbulkan kebingungan konsumen karena publik dapat mengira barang

atau jasa yang beredar berasal dari pemilik merek yang sesungguhnya. DJKI

sendiri pernah menyoroti modus pendaftaran merek tanpa itikad baik oleh

importir yang membawa produk dari luar negeri, sementara merek asal produk

tersebut belum didaftarkan di Indonesia; DJKI juga menegaskan bahwa pendaftaran

dengan itikad tidak baik dapat dibatalkan melalui mekanisme hukum oleh pemilik

merek yang sah atau pihak yang dirugikan (DJKI, 2025).

Dalam praktik Indonesia, sengketa merek Denza

menjadi contoh penting untuk memahami ketegangan antara

first-to-file

merek asing, dan klaim itikad baik. DJKI mencatat bahwa sengketa ini muncul

ketika BYD mengajukan gugatan terhadap merek lokal “Denza” sebagai bagian dari

rencana masuknya lini kendaraan listrik Denza ke pasar Indonesia; melalui

Putusan Mahkamah Agung Nomor 1338 K/Pdt.Sus-HKI/2025, permohonan kasasi BYD

ditolak dan kedudukan merek yang terdaftar lebih dahulu dikuatkan (DJKI, 2025).

Kajian akademik terbaru juga membahas sengketa Denza sebagai contoh implikasi

prinsip

first-to-file

dalam konflik antara merek asing dan pendaftar

lokal di Indonesia (Putra & Hafiz, 2025). Kasus semacam ini menunjukkan

bahwa siapa yang “lebih dahulu menancapkan bendera” dapat memperoleh

perlindungan awal, tetapi perdebatan mengenai reputasi, itikad baik, dan

keadilan substantif tetap menjadi isu penting.

Dalam perspektif perlindungan merek terkenal, persoalan

menjadi lebih kompleks. Hukum merek tidak hanya melindungi tanda yang telah

didaftarkan, tetapi juga memperhatikan reputasi merek tertentu yang sudah

dikenal luas. Merek terkenal memiliki nilai yang tidak lahir dalam sehari. Ia

dibangun melalui investasi, promosi, distribusi, kualitas produk, kepercayaan

konsumen, dan penggunaan lintas negara. Oleh karena itu, ketika suatu merek

terkenal belum didaftarkan di Indonesia lalu didaftarkan oleh pihak lokal yang

tidak memiliki hubungan sah, hukum harus menguji apakah pendaftaran tersebut

benar-benar dilakukan untuk kegiatan usaha yang wajar atau sekadar membonceng

reputasi. Penelitian mengenai penerapan prinsip

first-to-file

terhadap

merek terkenal menegaskan bahwa sistem pendaftaran harus dikaitkan dengan asas

itikad baik agar tidak menjadi instrumen perlindungan bagi pendaftar yang

curang (Surya Kencana Dua, 2025).

Dari sisi keadilan, praktik menjual kembali merek hasil

pendaftaran spekulatif dengan harga tinggi merupakan bentuk komersialisasi

celah hukum. Oknum tersebut tidak menjual kreativitas, inovasi, kualitas, atau

jaringan usaha, tetapi menjual “posisi hukum” yang diperoleh dari kelambanan pemilik

asli mendaftarkan mereknya di Indonesia. Dalam bahasa metafora, ia bukan

pembuat bendera, melainkan penjaga gerbang yang menahan bendera orang lain. Ia

berkata kepada pemilik asli: “Jika ingin masuk ke halaman ini, bayarlah, karena

saya sudah menancapkan bendera Anda lebih dahulu.” Praktik ini mencederai

tujuan hukum merek karena perlindungan merek seharusnya mendorong kejujuran

usaha, bukan memberi ruang bagi spekulasi atas reputasi pihak lain.

Kerugian dari praktik tersebut tidak hanya dialami oleh

pemilik merek asing. Konsumen Indonesia juga dapat dirugikan karena terjadi

kebingungan mengenai asal-usul barang atau jasa. Jika merek yang didaftarkan

oleh oknum lokal digunakan untuk produk yang berbeda kualitasnya, konsumen

dapat mengira bahwa produk tersebut berasal dari pemilik merek asli. Hal ini

berbahaya karena merek berfungsi sebagai penanda sumber, kualitas, dan jaminan

reputasi. Ketika bendera merek dikibarkan oleh pihak yang salah, konsumen dapat

salah masuk rumah: percaya kepada simbol yang dikenal, tetapi menerima barang

atau jasa yang tidak sesuai dengan reputasi sebenarnya.

Selain konsumen, iklim investasi juga terdampak. Pemilik merek

luar negeri yang hendak masuk ke Indonesia dapat menghadapi hambatan, biaya

hukum, gugatan pembatalan, negosiasi mahal, atau kewajiban membeli kembali

merek yang sesungguhnya dibangun olehnya. Kondisi ini dapat menurunkan

kepercayaan pelaku usaha terhadap kepastian hukum. Penelitian tahun 2025

mengenai kepastian hukum dalam penerapan

first-to-file

menyatakan bahwa

prinsip ini tidak selalu menghasilkan keadilan, terutama ketika pendaftaran

dilakukan tanpa itikad baik atau terhadap merek yang telah digunakan sebelumnya

(Maharani & Mulyadi, 2025). Dengan demikian, kepastian hukum harus

dipadukan dengan keadilan substantif agar sistem merek tidak melindungi

tindakan yang secara moral dan ekonomi merugikan pihak lain.

Namun, penting ditegaskan bahwa

first-to-file

tidak

boleh dipersalahkan secara total. Sistem ini tetap penting karena memberi

kepastian siapa pemilik hak yang diakui negara. Tanpa sistem pendaftaran,

sengketa merek akan lebih sulit karena banyak pihak dapat mengaku sebagai

pemakai pertama tanpa bukti yang kuat. Karena itu, solusi hukumnya bukan

menghapus

first-to-file

, melainkan memperkuat instrumen pencegahan dan

koreksi terhadap pendaftaran beritikad tidak baik. Sistem pendaftaran harus

tetap memberi penghargaan kepada pihak yang bergerak cepat, tetapi kecepatan

tidak boleh mengalahkan kejujuran. Dalam metafora bendera, negara boleh memberi

tempat kepada pihak yang pertama kali menancapkan tiang, tetapi negara juga

harus memeriksa apakah bendera yang dikibarkan adalah miliknya sendiri atau

hasil mengambil dari orang lain.

Langkah hukum yang dapat ditempuh oleh pemilik merek asli

adalah mengajukan keberatan pada tahap pengumuman permohonan merek, mengajukan

gugatan pembatalan ke Pengadilan Niaga apabila merek telah terdaftar,

membuktikan reputasi merek melalui pendaftaran di negara lain, penggunaan

komersial, promosi, penghargaan, pangsa pasar, bukti distribusi, dan bukti

pengetahuan publik terhadap merek tersebut. Selain itu, pemilik merek juga

dapat menunjukkan bahwa pendaftar lokal memiliki pengetahuan atau hubungan

dengan produk asing tersebut sehingga patut diduga mendaftarkan merek dengan

itikad tidak baik. Dalam sengketa merek terkenal, Mahkamah Agung melalui kajian

kelembagaan pernah menempatkan itikad tidak baik sebagai salah satu kriteria

penting dalam penyelesaian sengketa merek terkenal melalui putusan pengadilan

(Mahkamah Agung RI, 2016).

Dari sisi pencegahan, pemilik merek luar negeri juga harus

memahami prinsip teritorial dalam hukum merek. Perlindungan merek tidak

otomatis berlaku di seluruh dunia. Merek yang terkenal di negara asal belum

tentu terlindungi di Indonesia jika belum didaftarkan, kecuali dapat dibuktikan

sebagai merek terkenal atau terdapat unsur itikad tidak baik dari pendaftar

lokal. Karena itu, pendaftaran dini di negara tujuan pasar menjadi strategi

hukum yang penting. DJKI juga menekankan pentingnya prinsip

first-to-file

dalam konteks merek global seperti Arc’teryx, dengan menegaskan bahwa

perlindungan merek di Indonesia sangat bergantung pada pendaftaran di DJKI

(DJKI, 2024).

Pada akhirnya, masalah ini adalah pertarungan antara kepastian formal

dan keadilan

substantif. Kepastian formal berkata: siapa yang mendaftar

lebih dahulu, dialah pemiliknya. Keadilan substantif bertanya: apakah

pendaftaran itu dilakukan secara jujur, apakah merek itu benar-benar diciptakan

oleh pendaftar, apakah ada niat membonceng reputasi, dan apakah konsumen akan

tertipu. Hukum merek yang baik tidak boleh hanya melihat siapa yang lebih

dahulu datang ke kantor pendaftaran, tetapi juga harus melihat apakah orang itu

membawa bendera sendiri atau bendera curian.

Dengan demikian, praktik pendaftaran merek dagang milik pihak

lain atau merek luar negeri yang belum masuk ke Indonesia oleh oknum lokal,

kemudian dijual kembali dengan harga tinggi, merupakan penyalahgunaan sistem

first-to-file

Praktik ini dapat merusak fungsi merek sebagai penanda reputasi, merugikan

pemilik asli, menyesatkan konsumen, dan mengganggu iklim usaha yang sehat.

Dalam metafora bendera, merek adalah bendera reputasi yang seharusnya

berkibar di tangan pemilik yang membangun nama baiknya. Sistem

first-to-file

memang memberi hak kepada pihak yang pertama mendaftarkan, tetapi hukum tidak

boleh membiarkan bendera orang lain dikibarkan oleh pihak yang hanya ingin

menjadikannya alat sandera. Bendera merek harus kembali kepada pemilik yang

berhak, karena perlindungan hukum tidak hanya soal siapa yang datang lebih

cepat, tetapi juga siapa yang datang dengan itikad baik.

Editing/ Layout : Tasrif

Referensi

Direktorat Jenderal Kekayaan Intelektual. (2024).

Kasus

Arc’teryx: DJKI tekankan prinsip first to file dalam pelindungan merek

Kementerian Hukum Republik Indonesia.

Direktorat Jenderal Kekayaan Intelektual. (2025).

Dinamika

hukum merek: Mengawal kedaulatan sistem first to file di Indonesia

Kementerian Hukum Republik Indonesia.

Direktorat Jenderal Kekayaan Intelektual. (2025).

DJKI

soroti pendaftaran merek tanpa itikad baik oleh importir produk elektronik

Kementerian Hukum Republik Indonesia.

Dewi, N. K. S., & Priyanto, I. M. D. (2022). Perlindungan

hukum merek terkenal tidak terdaftar di Indonesia berdasarkan Undang-Undang

Nomor 20 Tahun 2016 tentang Merek dan Indikasi Geografis.

Kertha Semaya:

Journal Ilmu Hukum, 10

(4).

Maharani, R., & Mulyadi, D. (2025). Kepastian hukum dalam

penerapan prinsip

first to file

: Studi perbandingan kasus merek Elang

Dua, Ikea dan Piti di Indonesia.

Riwayat: Educational Journal of History

and Humanities, 8

(4), 8395–8410.

Mahkamah Agung Republik Indonesia. (2016).

Kriteria itikad

tidak baik dalam penyelesaian sengketa merek terkenal melalui putusan

pengadilan

. Badan Litbang Diklat Kumdil Mahkamah Agung RI.

Putra, M. R., & Hafiz, M. (2025). Implikasi prinsip

first

to file

dalam sengketa merek Denza antara BYD dan PT Worcas Nusantara

Abadi.

Unes Journal of Swara Justisia

Republik Indonesia. (2016).

Undang-Undang Nomor 20 Tahun

2016 tentang Merek dan Indikasi Geografis

Surya Kencana Dua. (2025). Penerapan prinsip

first to file

system

sebagai perlindungan hukum terhadap merek terkenal dan terdaftar

dikaitkan dengan asas itikad tidak baik dalam pendaftaran hak atas merek di

Indonesia.

Jurnal Surya Kencana Dua: Dinamika Masalah Hukum dan Keadilan

di dalam

Essai

Humas IAIN Parepare

22 September 2026

blog kami

Riset

Opini

Kerja sama

Zona Integitasme

Berita

Pengumuman

Podcast

Media Highlights

Kisah Inspiratif

Essai

Arsip

Semua tanggal

Juni

2026

Juli

2026

Agustus

2026

September

2026

Oktober

2026

Masuk

untuk meninggalkan komentar

Baca Berikutnya

“GORDEN DIGITAL” PREDATORY PRICING, AKUISISI TERSELUBUNG, DAN MONOPOLI RANTAI PASOK DIGITAL YG MERUGIKAN UMKM.

OLEH: DR. ZAINAL SAID.,MH (DOSEN IAIN PAREPARE FAKULTAS SYARIAH DAN ILMU HUKUM).",https://ppid.iainpare.ac.id/web/image/9153-426f4a8e/700x0/gedung-rektorat.png
https://www.iainpare.ac.id/blog/essai-34/gorden-digital-predatory-pricing-akuisisi-terselubung-dan-monopoli-rantai-pasok-digital-yg-merugikan-umkm-6651,"“GORDEN DIGITAL” PREDATORY PRICING, AKUISISI TERSELUBUNG, DAN MONOPOLI RANTAI PASOK DIGITAL YG MERUGIKAN UMKM.","17 September, 2026","“GORDEN DIGITAL” PREDATORY PRICING, AKUISISI TERSELUBUNG, DAN MONOPOLI RANTAI PASOK DIGITAL YG MERUGIKAN UMKM.

OLEH: DR. ZAINAL SAID.,MH (DOSEN IAIN PAREPARE FAKULTAS SYARIAH DAN ILMU HUKUM).

17 September, 2026

oleh

Humas IAIN Parepare

Dalam dunia usaha digital, persaingan pasar dapat dianalogikan

seperti gorden di sebuah rumah. Gorden berfungsi mengatur

cahaya: ia dapat dibuka agar ruangan terang, atau ditutup agar bagian dalam

rumah tidak terlihat dari luar. Dalam pasar digital, platform besar juga

bekerja seperti gorden. Ia dapat membuka akses pasar bagi UMKM melalui

marketplace, promosi, logistik, pembayaran digital, dan algoritma pencarian.

Tetapi pada saat yang sama, platform juga dapat menutup sebagian cahaya

persaingan dengan cara yang tidak selalu tampak: banting harga atau

predatory

pricing

, akuisisi terselubung terhadap pesaing potensial, integrasi

vertikal, penguncian rantai pasok digital, pengaturan algoritma, dan penguasaan

data konsumen. Akibatnya, UMKM seolah berada di balik gorden yang tebal: tetap

ada di dalam pasar, tetapi sulit terlihat, sulit bersaing, dan sulit menentukan

nasib ekonominya sendiri.

Secara hukum, persaingan usaha sehat dibangun agar pasar tidak

dikuasai oleh satu atau beberapa pelaku usaha yang dapat menentukan harga,

akses, distribusi, dan pilihan konsumen secara sepihak. UU No. 5 Tahun

1999 menjadi dasar utama larangan praktik monopoli dan persaingan

usaha tidak sehat di Indonesia, sedangkan PP No. 44 Tahun 2021

mengatur pelaksanaan larangan praktik monopoli dan persaingan usaha tidak sehat

serta kewenangan penegakan oleh KPPU (Republik Indonesia, 1999; Republik

Indonesia, 2021). Dalam konteks metafora gorden, UU No. 5 Tahun 1999 berfungsi

sebagai pengikat agar gorden pasar tidak ditarik oleh pelaku usaha dominan

untuk menutupi cahaya persaingan. Pasar yang sehat membutuhkan keterbukaan,

kesempatan yang sama, kebebasan memilih, dan larangan terhadap tindakan yang

menutup akses pelaku usaha lain, terutama UMKM.

Praktik predatory pricing atau banting harga merupakan

salah satu bentuk penutupan cahaya persaingan. Secara sederhana, predatory

pricing terjadi ketika pelaku usaha menjual produk atau jasa dengan harga

sangat rendah, bahkan di bawah biaya, bukan semata-mata untuk efisiensi atau

promosi wajar, melainkan untuk menyingkirkan pesaing dari pasar. Setelah

pesaing melemah atau keluar, pelaku usaha dominan dapat menaikkan harga,

mengendalikan pasokan, atau memaksakan syarat-syarat baru. Dalam hukum

Indonesia, larangan jual rugi yang berpotensi mematikan pesaing terkait dengan

Pasal 20 UU No. 5 Tahun 1999 (Republik Indonesia, 1999). Dalam analogi gorden,

banting harga adalah seperti seseorang membuka gorden lebar-lebar pada awalnya

sehingga ruangan terlihat terang dan menyenangkan, tetapi setelah semua orang masuk

dan bergantung pada cahaya itu, gorden ditutup perlahan sampai hanya pemilik

gorden yang menguasai ruangan.

Bagi konsumen, harga murah pada awalnya tampak menguntungkan.

Tetapi dalam perspektif hukum persaingan usaha, yang diuji bukan hanya manfaat

sesaat, melainkan dampak jangka panjang terhadap struktur pasar. Harga murah

yang lahir dari efisiensi, inovasi, atau promosi wajar tentu tidak dilarang.

Namun, harga murah yang dibiayai oleh kekuatan modal sangat besar untuk

menghabisi pesaing kecil dapat merusak demokrasi ekonomi. Kajian hukum

persaingan usaha mengenai industri e-commerce menunjukkan bahwa praktik

predatory pricing dan penyalahgunaan posisi dominan menjadi tantangan penting

dalam perdagangan berbasis digital, termasuk perlunya pedoman pengawasan pasar

e-commerce oleh KPPU (Jurnal Persaingan Usaha, 2023). Dengan demikian,

persoalan hukum predatory pricing bukan sekadar “murah atau mahal”, tetapi

apakah harga tersebut menjadi alat untuk menutup kesempatan UMKM bersaing

secara adil.

Masalah kedua adalah akuisisi terselubung.

Dalam ekonomi digital, perusahaan besar tidak selalu menyingkirkan pesaing

dengan perang harga. Kadang mereka membeli, menguasai, atau mengendalikan

pesaing potensial melalui skema investasi, kemitraan strategis, pengambilan

saham, penguasaan data, penguncian teknologi, atau integrasi layanan. Secara

hukum, UU No. 5 Tahun 1999 dan peraturan turunannya mengawasi penggabungan,

peleburan, dan pengambilalihan saham yang dapat mengakibatkan praktik monopoli

atau persaingan usaha tidak sehat (Republik Indonesia, 1999; Republik

Indonesia, 2021). Namun, dalam pasar digital, akuisisi dapat berlangsung secara

halus dan berlapis: bukan hanya membeli perusahaan, tetapi juga menguasai

akses, data, pembayaran, logistik, iklan, fitur aplikasi, dan hubungan dengan

konsumen. Di sinilah gorden digital bekerja: dari luar tampak seperti

kolaborasi bisnis, tetapi di baliknya dapat terjadi penutupan peluang pesaing

baru.

Akuisisi terselubung berbahaya bagi UMKM karena sering kali

tidak langsung terlihat sebagai monopoli. Platform besar dapat masuk sebagai

investor, penyedia teknologi, mitra logistik, mitra pembayaran, penyedia iklan,

atau agregator data. Perlahan, UMKM kehilangan kemandirian karena seluruh

rantai usahanya bergantung pada ekosistem yang sama. Jika ingin terlihat di

marketplace, UMKM harus membayar iklan. Jika ingin transaksi lancar, harus

mengikuti sistem pembayaran tertentu. Jika ingin pengiriman cepat, harus

memakai jasa logistik yang ditentukan platform. Jika ingin tetap berada di halaman

tidak lagi benar-benar berdagang di pasar terbuka, tetapi berdagang di balik

gorden yang dikendalikan pihak lain.

Masalah ketiga adalah monopoli rantai pasok digital.

Dalam ekonomi konvensional, rantai pasok biasanya mencakup produksi,

distribusi, penyimpanan, pengangkutan, dan penjualan. Dalam ekonomi digital,

rantai pasok menjadi lebih kompleks karena mencakup data, algoritma, sistem

pembayaran, logistik, iklan digital, rating, rekomendasi, dan akses konsumen.

Platform yang menguasai banyak titik dalam rantai ini dapat melakukan integrasi

vertikal dan

self-preferencing

, yaitu memberi perlakuan lebih

menguntungkan kepada produk, layanan, atau afiliasinya sendiri. KPPU mengidentifikasi

isu utama persaingan digital, termasuk penyalahgunaan posisi dominan oleh

platform besar, integrasi vertikal dan

self-preferencing

, diskriminasi

layanan dan akses pasar, predatory pricing dan subsidi silang, serta praktik

anti-persaingan berbasis algoritma dan AI (KPPU, 2026). Dalam metafora gorden,

platform bukan hanya pemilik jendela, tetapi juga pengatur cahaya, pemilik

ruangan, penjaga pintu, sekaligus penentu siapa yang boleh terlihat oleh tamu.

Contoh konkret penting dapat dilihat dari perkara Google

Play Billing System. KPPU menyatakan Google LLC terbukti melakukan

praktik monopoli dan penyalahgunaan posisi dominan terkait kewajiban penggunaan

sistem pembayaran Google Play Billing dalam distribusi aplikasi digital,

menjatuhkan denda Rp202,5 miliar, serta memerintahkan penghentian kewajiban

penggunaan sistem pembayaran tersebut (KPPU, 2025). Pada 2026, KPPU juga

menyatakan bahwa Mahkamah Agung menolak kasasi Google sehingga putusan KPPU

berkekuatan hukum tetap (KPPU, 2026). Perkara ini menunjukkan bahwa penguasaan

platform digital tidak hanya terjadi melalui harga produk, tetapi juga melalui

pengendalian sistem pembayaran, akses pasar, pilihan pengembang, dan biaya

layanan. Bagi UMKM digital, pola semacam ini dapat terjadi ketika mereka tidak

memiliki pilihan selain tunduk pada syarat platform.

Secara teoritik, Richard Posner menjelaskan bahwa hukum

persaingan usaha bertujuan menjaga efisiensi ekonomi dan mencegah perilaku

pelaku usaha yang menimbulkan kerugian sosial melalui pembatasan output,

kenaikan harga, atau penghambatan pesaing (Posner, 2014). Dalam konteks pasar

digital, efisiensi tidak boleh hanya dipahami sebagai harga murah bagi konsumen

hari ini, tetapi juga harus mencakup keberlanjutan persaingan, inovasi, dan

kesempatan UMKM untuk tetap hidup. Joseph Stiglitz menegaskan bahwa pasar tidak

selalu bekerja adil apabila terdapat ketimpangan informasi, konsentrasi

kekuasaan ekonomi, dan kegagalan regulasi (Stiglitz, 2012). Karena itu, hukum

persaingan usaha harus mampu membuka gorden informasi agar praktik

anti-persaingan tidak tersembunyi di balik bahasa promosi, inovasi, dan

efisiensi.

Satjipto Rahardjo mengingatkan bahwa hukum harus bekerja untuk

manusia, bukan manusia untuk hukum (Rahardjo, 2009). Dalam konteks ini, hukum

persaingan usaha tidak boleh hanya melindungi mekanisme pasar secara abstrak,

tetapi harus memastikan pasar memberi ruang hidup bagi pelaku usaha kecil. UMKM

bukan sekadar angka dalam statistik ekonomi, tetapi pelaku ekonomi rakyat yang

menghidupi keluarga, pekerja lokal, dan komunitas sosial. Jika hukum membiarkan

predatory pricing, akuisisi terselubung, dan monopoli rantai pasok digital,

maka hukum membiarkan gorden pasar ditutup di hadapan pelaku kecil. Mereka

tetap ada, tetapi tidak terlihat; tetap berdagang, tetapi tidak berdaya; tetap

disebut mitra, tetapi tidak setara.

Dalam perspektif konstitusional, Pasal 33 UUD 1945 menempatkan

perekonomian sebagai usaha bersama berdasarkan asas kekeluargaan dan demokrasi

ekonomi. Prinsip ini menolak konsentrasi kekuasaan ekonomi yang menghilangkan

kesempatan rakyat untuk ikut menikmati manfaat pasar. Oleh karena itu,

predatory pricing dan monopoli rantai pasok digital tidak cukup dibaca sebagai

masalah persaingan antarperusahaan, tetapi sebagai masalah keadilan ekonomi. Jika

satu platform menguasai akses pasar, data konsumen, sistem pembayaran,

logistik, promosi, dan algoritma, maka pelaku usaha kecil tidak lagi berada

dalam pasar yang setara. Mereka hanya diberi ruang sejauh menguntungkan

platform. Inilah bentuk baru oligarki digital: bukan menguasai tanah dan

pabrik, tetapi menguasai pintu masuk, cahaya, dan gorden pasar.

Dari sisi norma hukum positif, praktik predatory pricing dapat

dikaitkan dengan larangan jual rugi, praktik monopoli dengan penguasaan pasar,

akuisisi terselubung dengan pengawasan penggabungan atau pengambilalihan saham,

dan monopoli rantai pasok dengan penyalahgunaan posisi dominan atau perjanjian

vertikal yang menutup akses pesaing. Namun, tantangan terbesar adalah

pembuktian. Dalam pasar digital, bukti tidak selalu berupa perjanjian tertulis

atau pertemuan rahasia. Bukti dapat tersembunyi dalam algoritma, pola harga,

data traffic, perubahan visibilitas produk, perubahan biaya layanan, kewajiban

memakai fitur tertentu, atau pola diskriminasi akses. KPPU sendiri menilai

perlunya Undang-Undang Pasar Digital untuk memperkuat pengawasan, koordinasi,

dan kepastian hukum bagi pelaku usaha serta UMKM dalam ekosistem e-commerce

(KPPU, 2026).

Karena itu, rekonstruksi hukum persaingan usaha digital perlu

diarahkan pada lima hal. Pertama, memperjelas ukuran predatory pricing digital

dengan memperhitungkan subsidi silang, pembakaran modal, promosi ekstrem, dan

kemampuan pelaku dominan menaikkan harga setelah pesaing keluar. Kedua,

memperkuat pengawasan akuisisi dan investasi digital yang berpotensi menjadi

killer

acquisition

atau pengambilalihan terselubung atas pesaing potensial.

Ketiga, memasukkan data, algoritma, sistem pembayaran, logistik, dan iklan

digital sebagai sumber kekuatan pasar. Keempat, memperkuat perlindungan UMKM

dari klausula baku, biaya layanan, penguncian akses, dan diskriminasi

algoritmik. Kelima, memperkuat kewenangan KPPU untuk memperoleh data digital,

melakukan audit algoritma, dan menggunakan analisis ekonomi digital.

Dalam metafora gorden, pembaruan hukum persaingan usaha adalah

upaya membuka kembali cahaya pasar. Gorden tidak harus dicabut, karena platform

digital memang dibutuhkan untuk menghubungkan penjual dan pembeli. Tetapi

gorden tidak boleh dikuasai secara sepihak. Ia harus transparan, dapat diawasi,

dan tidak boleh dipakai untuk menyembunyikan praktik anti-persaingan. Platform

boleh besar, tetapi tidak boleh menutup jalan bagi yang kecil. Platform boleh

berinovasi, tetapi tidak boleh menjadikan inovasi sebagai selimut bagi

monopoli. Platform boleh memberi harga murah, tetapi tidak boleh menggunakan

harga murah sebagai senjata untuk membunuh pesaing.

Kesimpulannya, predatory pricing, akuisisi

terselubung, dan monopoli rantai pasok digital merupakan tiga lapis gorden yang

dapat menutup cahaya persaingan bagi UMKM. Pada lapis pertama, harga

murah menipu mata karena tampak menguntungkan konsumen, padahal dapat mematikan

pesaing kecil. Pada lapis kedua, akuisisi terselubung menyamarkan penguasaan

pasar melalui bahasa investasi dan kemitraan. Pada lapis ketiga, monopoli

rantai pasok digital mengunci UMKM melalui data, algoritma, logistik,

pembayaran, dan iklan. Oleh sebab itu, hukum persaingan usaha Indonesia perlu

direkonstruksi agar tidak hanya menghukum monopoli yang terlihat, tetapi juga

membuka gorden digital yang menyembunyikan kekuasaan ekonomi baru. Hukum harus

memastikan bahwa UMKM tidak hanya diberi tempat di marketplace, tetapi juga

diberi cahaya yang adil untuk terlihat, tumbuh, dan bersaing.

Editor /Lay out  : Tasrif

REFERENSI

Komisi Pengawas Persaingan Usaha. (2025).

Siaran Pers No.

005/KPPU-PR/I/2025: Google LLC terbukti melakukan praktik monopoli dan

penyalahgunaan posisi dominan terkait Google Play Billing System

. KPPU RI.

Komisi Pengawas Persaingan Usaha. (2026).

KPPU dorong UU

pasar digital ke DPR, soroti risiko algoritma dan AI dalam persaingan

e-commerce

. KPPU RI.

Komisi Pengawas Persaingan Usaha. (2026).

MA tolak kasasi

Google, putusan KPPU atas Google Play Billing berkekuatan hukum tetap

KPPU RI.

Kurnia, K. (2024). Analisis praktik persaingan usaha tidak

sehat distribusi aplikasi digital oleh Google LLC.

Jurnal Persaingan Usaha,

(1), 5–19.

https://doi.org/10.55869/kppu.v4i1.97

Nuzulia, A. D., & Setyadi, B. (2024). Analisis hukum atas

monopoli jasa pengiriman barang dalam ekosistem perdagangan elektronik Shopee.

Jurnal

Persaingan Usaha, 4

(2), 83–96.

https://doi.org/10.55869/kppu.v4i2.181

Posner, R. A. (2014).

Economic analysis of law

(9th

ed.). Wolters Kluwer Law & Business.

Rahardjo, S. (2009).

Hukum progresif: Sebuah sintesa hukum

Indonesia

. Genta Publishing.

Republik Indonesia. (1999).

Undang-Undang Nomor 5 Tahun

1999 tentang Larangan Praktek Monopoli dan Persaingan Usaha Tidak Sehat

Republik Indonesia. (2021).

Peraturan Pemerintah Nomor 44

Tahun 2021 tentang Pelaksanaan Larangan Praktek Monopoli dan Persaingan Usaha

Tidak Sehat

Stiglitz, J. E. (2012).

The price of inequality: How

today’s divided society endangers our future

. W. W. Norton & Company.

di dalam

Essai

Humas IAIN Parepare

17 September 2026

blog kami

Riset

Opini

Kerja sama

Zona Integitasme

Berita

Pengumuman

Podcast

Media Highlights

Kisah Inspiratif

Essai

Arsip

Semua tanggal

Juni

2026

Juli

2026

Agustus

2026

September

2026

Oktober

2026

Masuk

untuk meninggalkan komentar

Baca Berikutnya

“TEMBOK” KONTRAK YG RETAK: RENDAHNYA EFISIENSI PENEGAKAN KONTRAK KETIKA TERJADI WANPRESTASI.

OLEH:  DR.ZAINAL SAID.,MH (DOSEN IAIN PAREPARE FAKULTAS SYARIAH DAN ILMU HUKUM)",https://ppid.iainpare.ac.id/web/image/9153-426f4a8e/700x0/gedung-rektorat.png
https://www.iainpare.ac.id/blog/essai-34/tembok-kontrak-yg-retak-rendahnya-efisiensi-penegakan-kontrak-ketika-terjadi-wanprestasi-6640,“TEMBOK” KONTRAK YG RETAK: RENDAHNYA EFISIENSI PENEGAKAN KONTRAK KETIKA TERJADI WANPRESTASI.,"14 September, 2026","“TEMBOK” KONTRAK YG RETAK: RENDAHNYA EFISIENSI PENEGAKAN KONTRAK KETIKA TERJADI WANPRESTASI.

OLEH:  DR.ZAINAL SAID.,MH (DOSEN IAIN PAREPARE FAKULTAS SYARIAH DAN ILMU HUKUM)

14 September, 2026

oleh

Humas IAIN Parepare

Kontrak dalam dunia bisnis dapat diibaratkan sebagai tembok.

Ia dibangun untuk memberi batas, perlindungan, kepastian, dan rasa aman bagi

para pihak yang bersepakat. Seperti tembok rumah yang memisahkan ruang aman

dari gangguan luar, kontrak memisahkan hak dan kewajiban para pihak agar

hubungan bisnis tidak berjalan berdasarkan dugaan, belas kasihan, atau kekuatan

sepihak. Akan tetapi, tembok tidak cukup hanya tampak kokoh dari luar. Ia harus

memiliki fondasi yang kuat, susunan bata yang rapi, semen yang merekat, dan

mekanisme perbaikan ketika retak. Demikian pula kontrak. Ia tidak cukup hanya

sah secara tertulis, tetapi harus dapat ditegakkan ketika salah satu pihak

melakukan wanprestasi atau cidera janji. Di

sinilah persoalan utama hukum kontrak Indonesia muncul: kontrak telah memiliki

dasar normatif yang kuat, tetapi efisiensi penegakannya masih sering rendah

karena proses penyelesaian sengketa yang panjang, biaya perkara, beban

pembuktian, upaya hukum berlapis, dan lemahnya eksekusi putusan.

Secara hukum, fondasi tembok kontrak terletak pada syarat sah

perjanjian sebagaimana diatur dalam Pasal 1320 KUH Perdata,

yaitu adanya kesepakatan para pihak, kecakapan, suatu hal tertentu, dan sebab

yang halal. Setelah syarat tersebut terpenuhi, Pasal 1338 KUH

Perdata

menegaskan bahwa semua perjanjian yang dibuat secara sah berlaku sebagai

undang-undang bagi mereka yang membuatnya. Prinsip ini dikenal sebagai pacta

sunt servanda, yaitu perjanjian harus dipatuhi. Menurut Subekti,

perjanjian merupakan peristiwa ketika seseorang berjanji kepada orang lain atau

ketika dua orang saling berjanji untuk melaksanakan suatu hal; dari peristiwa

itu lahirlah hubungan hukum yang disebut perikatan (Subekti, 2005). Artinya,

kontrak adalah tembok hukum yang dibangun dari janji, kepercayaan, dan kehendak

para pihak. Jika salah satu pihak tidak memenuhi janji, maka bukan hanya

hubungan bisnis yang terganggu, tetapi juga kepercayaan terhadap hukum ikut

retak.

Wanprestasi adalah bentuk retaknya tembok kontrak. Retak itu

dapat muncul dalam beberapa bentuk: pihak tidak melaksanakan prestasi sama sekali,

terlambat melaksanakan prestasi, melaksanakan prestasi tetapi tidak sebagaimana

mestinya, atau melakukan sesuatu yang dilarang dalam kontrak. Pasal

1238 KUH Perdata mengatur bahwa debitur dianggap lalai setelah diberi

peringatan atau berdasarkan keadaan tertentu yang menunjukkan kelalaiannya,

sedangkan Pasal 1243 KUH Perdata membuka ruang tuntutan ganti

rugi apabila debitur tetap tidak memenuhi perikatannya setelah dinyatakan

lalai. Menurut Yahya Harahap, wanprestasi merupakan pelaksanaan kewajiban yang

tidak tepat pada waktunya atau tidak dilakukan menurut semestinya, sehingga

menimbulkan hak bagi pihak lain untuk menuntut pemenuhan perjanjian, ganti

rugi, pembatalan, atau kombinasi dari akibat-akibat hukum tersebut (Harahap,

1986). Dengan demikian, hukum sebenarnya telah menyediakan alat untuk

memperbaiki tembok kontrak yang retak. Persoalannya, alat itu sering tidak

bekerja secara cepat dan efisien.

Rendahnya efisiensi penegakan kontrak terlihat ketika pihak

yang dirugikan harus melalui proses panjang untuk memperoleh haknya. Ia harus

membuktikan adanya kontrak, membuktikan adanya kewajiban yang dilanggar,

membuktikan kerugian, membuktikan hubungan sebab akibat antara pelanggaran dan

kerugian, lalu menunggu putusan pengadilan. Setelah putusan diperoleh, belum

tentu haknya langsung pulih karena masih ada upaya hukum, perlawanan, penundaan

eksekusi, atau kesulitan menemukan aset pihak yang kalah. Dalam metafora

tembok, pihak yang dirugikan sudah melihat temboknya retak, tetapi tukang

perbaikan datang terlambat, biaya perbaikannya mahal, dan hasil akhirnya belum

tentu mengembalikan rumah pada keadaan semula. Kondisi ini membuat kontrak

kehilangan daya paksa praktisnya. OECD pernah mencatat bahwa indikator

Doing

Business 2020

menempatkan Indonesia pada peringkat 139 dari 190 negara

dalam aspek

enforcing contracts

, menggunakan data Jakarta dan

Surabaya, yang menunjukkan masih adanya persoalan efektivitas mekanisme

penegakan kontrak di Indonesia (OECD, 2020).

Dalam hukum ekonomi, lemahnya penegakan kontrak menimbulkan

biaya transaksi yang tinggi. Pelaku usaha harus mengeluarkan biaya tambahan

untuk membuat jaminan, notarisasi, penalti, asuransi, pendampingan hukum,

hingga biaya litigasi. Menurut Richard Posner, hukum kontrak berfungsi

mendorong efisiensi ekonomi karena memberikan kepastian bahwa janji yang

bernilai ekonomi dapat dipaksakan dan pelanggaran terhadap janji menimbulkan

konsekuensi (Posner, 2014). Apabila penegakan kontrak lambat, mahal, dan tidak

pasti, maka pelaku usaha akan memasukkan risiko hukum itu ke dalam harga,

menahan investasi, atau menghindari transaksi. Akibatnya, kontrak yang

seharusnya menjadi tembok perlindungan berubah menjadi tembok penghalang. Ia

tidak lagi melindungi hubungan bisnis, tetapi justru menciptakan ketakutan,

kehati-hatian berlebihan, dan ketidakpercayaan.

Masalah ini paling terasa bagi pelaku usaha kecil dan

menengah. Perusahaan besar mungkin mampu menghadapi sengketa kontrak selama

bertahun-tahun, membayar advokat, dan menunggu proses eksekusi. Tetapi bagi

UMKM, satu wanprestasi dapat menghentikan arus kas, memutus hubungan pemasok,

menunda pembayaran tenaga kerja, dan melemahkan keberlanjutan usaha. Di sinilah

penegakan kontrak menjadi persoalan keadilan ekonomi. Satjipto Rahardjo

mengingatkan bahwa hukum tidak boleh berhenti sebagai teks, tetapi harus

bekerja untuk manusia dan menghadirkan keadilan substantif (Rahardjo, 2009).

Jika pihak kecil yang benar secara hukum tetap sulit memperoleh pemulihan

karena prosedur yang panjang dan biaya yang tinggi, maka hukum kontrak gagal

menjalankan fungsi sosialnya. Tembok kontrak memang berdiri, tetapi hanya

melindungi mereka yang cukup kuat untuk membayar biaya perbaikannya.

Secara kelembagaan, Indonesia telah berusaha memperbaiki

efisiensi penegakan kontrak melalui mekanisme gugatan sederhana.

Mahkamah Agung menerbitkan Perma No. 2 Tahun 2015 yang

kemudian diubah dengan Perma No. 4 Tahun 2019 tentang Tata Cara

Penyelesaian Gugatan Sederhana. Perma ini dimaksudkan agar sengketa

perdata sederhana, termasuk wanprestasi dengan nilai tertentu, dapat

diselesaikan secara lebih cepat dan sederhana dibanding gugatan biasa. JDIH

Mahkamah Agung mencatat Perma No. 4 Tahun 2019 sebagai perubahan atas Perma No.

2 Tahun 2015 tentang tata cara penyelesaian gugatan sederhana. Dalam konteks

metafora tembok, gugatan sederhana adalah alat tambal cepat: ketika retak

kontrak tidak terlalu besar, tidak semua perkara harus dibawa ke proses panjang

yang mahal. Namun, efektivitas gugatan sederhana tetap bergantung pada kesiapan

bukti, kualitas kontrak, kepatuhan pihak tergugat, dan efektivitas eksekusi

putusan.

Selain gugatan sederhana, digitalisasi peradilan juga menjadi

pilar penting untuk memperbaiki efisiensi penegakan kontrak. Perma No.

7 Tahun 2022 mengubah Perma No. 1 Tahun 2019 tentang administrasi perkara

dan persidangan di pengadilan secara elektronik. JDIH Mahkamah Agung mencatat

Perma No. 7 Tahun 2022 sebagai dasar perubahan administrasi perkara dan

persidangan elektronik. E-court dan e-litigation pada dasarnya dapat

mempercepat pendaftaran perkara, pembayaran panjar biaya, pemanggilan

elektronik, pertukaran dokumen, dan persidangan. Akan tetapi, digitalisasi

prosedur tidak otomatis menyelesaikan masalah substansial. Apabila kontrak

disusun kabur, pembuktian lemah, para pihak tidak beritikad baik, atau eksekusi

tetap lambat, maka digitalisasi hanya memperindah permukaan tembok, tetapi

belum memperkuat fondasinya.

Dalam ukuran internasional, efisiensi penyelesaian sengketa

bisnis juga tidak hanya dilihat dari ada atau tidaknya pengadilan, tetapi dari

kualitas, kecepatan, biaya, dan kepastian eksekusi. World Bank melalui kerangka

Business Ready/B-READY memasukkan dispute resolution

sebagai topik penting untuk menilai lingkungan usaha. Topik ini mengukur

efisiensi dan kualitas penyelesaian sengketa komersial antara perusahaan,

termasuk waktu dan biaya penyelesaian sengketa serta waktu dan biaya pengakuan

dan pelaksanaan putusan (World Bank, 2024). Dengan demikian, efisiensi

penegakan kontrak adalah ukuran penting bagi kepastian hukum ekonomi. Negara

yang ingin membangun iklim usaha sehat harus memastikan bahwa kontrak tidak

hanya mudah dibuat, tetapi juga mudah ditegakkan secara adil.

Pendapat ahli lain juga memperkuat pentingnya penegakan

kontrak. Lawrence M. Friedman menjelaskan bahwa bekerjanya hukum dipengaruhi

oleh tiga unsur, yaitu struktur hukum, substansi hukum, dan budaya hukum

(Friedman, 1975). Dalam konteks penegakan kontrak, substansi hukum Indonesia

sebenarnya telah memberi dasar melalui KUH Perdata, hukum acara, peradilan

elektronik, gugatan sederhana, dan arbitrase. Tetapi struktur hukum masih

menghadapi persoalan kapasitas lembaga, waktu penyelesaian, dan eksekusi.

Sementara budaya hukum para pihak kadang belum mendukung kepatuhan sukarela

terhadap kontrak dan putusan. Artinya, tembok kontrak tidak hanya retak karena

norma hukumnya kurang, tetapi juga karena struktur dan budaya penegakannya

belum sepenuhnya kokoh.

Dalam perspektif hukum kontrak modern, asas itikad

baik menjadi semen yang merekatkan bata-bata kontrak. Pasal

1338 ayat (3) KUH Perdata menegaskan bahwa perjanjian harus

dilaksanakan dengan itikad baik. Menurut Ridwan Khairandy, itikad baik tidak

hanya berlaku pada tahap pelaksanaan perjanjian, tetapi juga menjadi standar

kepatutan, kejujuran, dan kelayakan perilaku para pihak dalam hubungan

kontraktual (Khairandy, 2014). Jika para pihak hanya menggunakan kontrak

sebagai alat untuk menang sendiri, menunda kewajiban, memanfaatkan celah

prosedur, atau menghindari eksekusi, maka kontrak kehilangan jiwa moralnya.

Tembok yang dibangun tanpa semen itikad baik akan mudah runtuh walaupun

bentuknya tampak rapi.

Alternatif penyelesaian sengketa juga menjadi bagian penting

dari rekonstruksi efisiensi kontrak. UU No. 30 Tahun 1999 tentang

Arbitrase dan Alternatif Penyelesaian Sengketa menyediakan jalur

penyelesaian melalui arbitrase, negosiasi, mediasi, konsiliasi, dan mekanisme

non-litigasi lainnya. Jalur ini dapat menjadi ruang perbaikan tembok kontrak

tanpa harus merobohkan seluruh bangunan hubungan bisnis. Namun, efektivitasnya

bergantung pada klausul penyelesaian sengketa yang jelas, pilihan forum yang

tepat, biaya yang proporsional, dan komitmen para pihak. Jika klausul arbitrase

atau mediasi ditulis secara asal-asalan, maka ia justru menjadi sumber sengketa

baru. Karena itu, kontrak yang baik harus sejak awal memuat mekanisme

penyelesaian sengketa yang jelas: forum, hukum yang berlaku, tahapan negosiasi,

batas waktu penyelesaian, pilihan arbitrase atau pengadilan, serta mekanisme

eksekusi.

Rendahnya efisiensi penegakan kontrak juga dipengaruhi oleh

kualitas perancangan kontrak. Banyak kontrak disusun hanya sebagai formalitas,

tanpa mengantisipasi kemungkinan wanprestasi. Klausul tentang prestasi, waktu

pelaksanaan, denda, keadaan memaksa, pembatalan, ganti rugi, bukti serah

terima, mekanisme somasi, penyelesaian sengketa, dan jaminan sering tidak

dibuat secara rinci. Akibatnya, ketika terjadi pelanggaran, para pihak berdebat

mengenai maksud kontrak. Dalam analogi tembok, retak itu muncul bukan hanya

karena benturan dari luar, tetapi karena sejak awal tembok dibangun dengan bata

yang tidak presisi. Oleh karena itu, efisiensi penegakan kontrak harus dimulai

dari tahap perancangan. Kontrak yang jelas akan memudahkan pembuktian;

pembuktian yang mudah akan mempercepat putusan; dan putusan yang jelas akan

mempercepat eksekusi.

Rekonstruksi penegakan kontrak perlu diarahkan pada empat hal.

Pertama, penguatan

substansi kontrak, yaitu kewajiban para

pihak menyusun kontrak secara jelas, terukur, dan antisipatif terhadap risiko

wanprestasi. Kedua, penyederhanaan prosedur penyelesaian

sengketa,

terutama melalui optimalisasi gugatan sederhana, mediasi, arbitrase, dan

e-court. Ketiga, penguatan eksekusi putusan, karena

efektivitas hukum kontrak tidak selesai pada putusan, tetapi pada pemulihan

nyata hak pihak yang dirugikan. Keempat, pembangunan budaya hukum

kontraktual, yaitu budaya memenuhi janji, menghormati putusan, dan

tidak menggunakan prosedur hukum untuk menghambat kewajiban. Tanpa empat hal

ini, tembok kontrak akan terus retak: diperbaiki di satu sisi, tetapi runtuh di

sisi lain.

Dengan demikian, rendahnya efisiensi penegakan kontrak dalam

kasus wanprestasi bukan sekadar persoalan teknis peradilan, tetapi persoalan

mendasar dalam hukum ekonomi dan hukum bisnis. Kontrak adalah tembok

kepercayaan. Ketika janji dilanggar, hukum harus hadir sebagai tukang yang

memperbaiki retak dengan cepat, adil, dan terukur. Jika hukum datang terlambat,

terlalu mahal, atau tidak mampu mengeksekusi putusan, maka pihak yang dirugikan

kehilangan perlindungan, pasar kehilangan kepercayaan, dan ekonomi kehilangan

kepastian. Sebaliknya, apabila kontrak dapat ditegakkan secara efisien, maka

hukum menjadi tembok yang kokoh: melindungi hak, menjaga keadilan, memperkuat

investasi, dan memberi ruang bagi pelaku usaha kecil maupun besar untuk

bertransaksi dengan rasa aman.

Kesimpulannya, wanprestasi adalah retaknya tembok kontrak,

sedangkan penegakan hukum adalah cara memperbaiki retak tersebut. Namun,

perbaikan tidak boleh lambat, mahal, dan tidak pasti. Hukum kontrak Indonesia

perlu bergerak dari paradigma kontrak sebagai dokumen menuju kontrak

sebagai instrumen perlindungan yang efektif. Dengan memperkuat

perancangan kontrak, mempercepat penyelesaian sengketa, mengoptimalkan

peradilan elektronik, memperjelas eksekusi, dan membangun budaya itikad baik,

maka kontrak tidak hanya menjadi tulisan di atas kertas, tetapi benar-benar

menjadi tembok keadilan dalam kehidupan bisnis.

Edotor / Layout  : Tasrif

REFERENSI

Friedman, L. M. (1975).

The legal system: A social science

perspective

. Russell Sage Foundation.

Harahap, M. Y. (1986).

Segi-segi hukum perjanjian

Alumni.

Khairandy, R. (2014).

Hukum kontrak Indonesia dalam

perspektif perbandingan

. FH UII Press.

Mahkamah Agung Republik Indonesia. (2019).

Peraturan

Mahkamah Agung Nomor 4 Tahun 2019 tentang Perubahan atas Peraturan Mahkamah

Agung Nomor 2 Tahun 2015 tentang Tata Cara Penyelesaian Gugatan Sederhana

JDIH Mahkamah Agung RI.

Mahkamah Agung Republik Indonesia. (2022).

Peraturan

Mahkamah Agung Nomor 7 Tahun 2022 tentang Perubahan atas Peraturan Mahkamah

Agung Nomor 1 Tahun 2019 tentang Administrasi Perkara dan Persidangan di

Pengadilan secara Elektronik

. JDIH Mahkamah Agung RI.

Organisation for Economic Co-operation and Development.

(2020).

OECD Investment Policy Reviews: Indonesia 2020

. OECD

Publishing.

https://doi.org/10.1787/b56512da-en

Posner, R. A. (2014).

Economic analysis of law

(9th

ed.). Wolters Kluwer Law & Business.

Rahardjo, S. (2009).

Hukum progresif: Sebuah sintesa hukum

Indonesia

. Genta Publishing.

Republik Indonesia. (1847).

Kitab Undang-Undang Hukum

Perdata

Republik Indonesia. (1999).

Undang-Undang Nomor 30 Tahun

1999 tentang Arbitrase dan Alternatif Penyelesaian Sengketa

Subekti, R. (2005).

Hukum perjanjian

. Intermasa.

World Bank. (2024).

Business Ready 2024 methodology:

Dispute resolution

. World Bank Group.

di dalam

Essai

Humas IAIN Parepare

14 September 2026

blog kami

Riset

Opini

Kerja sama

Zona Integitasme

Berita

Pengumuman

Podcast

Media Highlights

Kisah Inspiratif

Essai

Arsip

Semua tanggal

Juni

2026

Juli

2026

Agustus

2026

September

2026

Oktober

2026

Masuk

untuk meninggalkan komentar

Baca Berikutnya

“LAMPU” DAN INFORMASI PRODUK YANG TIDAK TRANSPARAN: PERLINDUNGAN KONSUMEN DALAM HUKUM EKONOMI INDONESIA

Oleh: Dr. Zainal Said.,MH. (Dosen fakultas  Syariah dan Ilmu Hukum IAIN Parepare)",https://ppid.iainpare.ac.id/web/image/9153-426f4a8e/700x0/gedung-rektorat.png
https://www.iainpare.ac.id/blog/berita-1/tingkatkan-kualitas-sdm-iain-parepare-uji-kompetensi-15-tenaga-kependidikan-6631,"Tingkatkan Kualitas SDM, IAIN Parepare Uji Kompetensi 15 Tenaga Kependidikan","10 September, 2026","Tingkatkan Kualitas SDM, IAIN Parepare Uji Kompetensi 15 Tenaga Kependidikan

10 September, 2026

oleh

Humas IAIN Parepare

Humas IAIN Parepare

— Institut Agama Islam Negeri

(IAIN) Parepare resmi menggelar uji kompetensi bagi 15 tenaga kependidikan pada

Kamis (10/9/2026) di Fly Over Gedung Rektorat dihadiri oleh Rektor, Kepala Biro

AUAK tim asesor SDM Kemenag SDM, serta 15 peserta Uji Kompetensi.

Kegiatan yang bertajuk ""Peningkatan Kompetensi Tenaga Kependidikan IAIN

Parepare Tahun Anggaran 2026"" ini dijadwalkan akan berjalan hingga Sabtu

(12/9/2026). Asesmen ini menjadi langkah nyata kampus untuk memastikan

pengembangan karier, rotasi, mutasi, hingga penempatan pegawai didasarkan pada

kompetensi riil, bukan sekadar pertimbangan subjektif.

Ketua Panitia, Hasma Idris  menjelaskan bahwa peserta berasal dari

berbagai tingkatan jabatan, mulai dari kepala bagian, kepala subbagian, analis,

hingga pranata penata layanan. Dalam laporannya, Hasma turut menyampaikan

apresiasi mendalam kepada Tim Asesor Biro SDM Sekretariat Jenderal Kementerian

Agama RI yang hadir memfasilitasi proses pemetaan ini.

Mewakili tim penguji, Asesor Biro SDM Kemenag RI, Dian

Sepalawati mengungkapkan bahwa penilaian kompetensi merupakan instrumen krusial

dalam pembinaan karier Aparatur Sipil Negara (ASN) yang mencakup kualifikasi,

kompetensi, kinerja, integritas, hingga moralitas. “Melalui asesmen ini,

kemampuan pegawai akan dibandingkan secara terukur dengan standar jabatan, di

sini kita akan menyelenggarakan yang namanya penilaian kompetensi,"" jelas

Dian.

Selama tiga hari pelaksanaan, peserta mengikuti serangkaian

tes psikologi, uji kompetensi manajerial dan sosial-kultural, simulasi, hingga

wawancara tertulis dan langsung bersama asesor. Dian menambahkan, hasil

penilaian yang berlaku selama tiga tahun ini akan dikategorikan secara objektif

untuk kebutuhan promosi maupun

profiling

pegawai. ""Mohon kerja

samanya, tunjukkan hasil terbaik dari Bapak/Ibu,"" pesan Dian saat

menyemangati para peserta.

Sementara itu, Rektor IAIN Parepare, Prof Hj Darmawati,

menegaskan bahwa asesmen ini bukan sekadar formalitas untuk menggugurkan

kewajiban regulasi, melainkan harus menghasilkan penilaian yang murni dan

objektif. Ia mengingatkan agar kebijakan rotasi maupun mutasi pegawai tidak

lagi dipandang negatif oleh para pegawai. ""Penyegaran, rotasi, dan mutasi

bukan berarti bentuk hukuman bagi kita. Tetapi semata-mata merupakan

pengembangan, menempatkan sesuai dengan hasil asesmennya nanti,"" tegas

Darmawati.

Lebih lanjut, Rektor menegaskan komitmennya untuk mengakhiri

era penempatan jabatan yang didasarkan pada selera atau pertimbangan subjektif

pimpinan semata. ""Saya ingin memastikan proses pendampingan asesmen ini

benar-benar menghasilkan penilaian yang murni dan objektif,"" tegasnya.

Menurutnya, instrumen penilaian ini harus menjadi pijakan utama agar setiap

penempatan pegawai selaras dengan kemampuan riil yang dimiliki.

Rektor menekankan bahwa penguatan kapasitas tenaga

kependidikan ini menjadi modal kunci bagi tata kelola kelembagaan, terlebih

dalam mengawal rencana transformasi kampus menuju UIN Parepare.

""Kompetensi ini menjadi bagian yang tidak bisa terpisahkan untuk

menakhodai IAIN Parepare ke depan,"" pungkas Rektor. Hasil akhir asesmen

ini diharapkan mampu memberikan dampak nyata terhadap peningkatan kualitas

pelayanan dan profesionalisme tata kelola di lingkungan IAIN Parepare.

Penulis : Arif/Yasir (Mhs MBKM)

di dalam

Berita

Humas IAIN Parepare

10 September 2026

blog kami

Riset

Opini

Kerja sama

Zona Integitasme

Berita

Pengumuman

Podcast

Media Highlights

Kisah Inspiratif

Essai

Arsip

Semua tanggal

Desember

2013

2014

Juni

2014

Desember

2015

Januari

2016

Februari

2016

Maret

2016

April

2016

2016

Juni

2016

Juli

2016

Agustus

2016

September

2016

Oktober

2016

November

2016

Desember

2016

Januari

2017

Februari

2017

Maret

2017

April

2017

2017

Juni

2017

Juli

2017

Agustus

2017

Oktober

2017

November

2017

Desember

2017

Januari

2018

Februari

2018

Maret

2018

April

2018

2018

Juni

2018

Juli

2018

Agustus

2018

September

2018

Oktober

2018

November

2018

Desember

2018

Januari

2019

Februari

2019

Maret

2019

April

2019

2019

Juli

2019

Januari

2020

Februari

2020

Maret

2020

April

2020

2020

September

2020

Oktober

2020

November

2020

Desember

2020

Januari

2021

Februari

2021

Maret

2021

April

2021

2021

Juni

2021

Juli

2021

Agustus

2021

September

2021

Oktober

2021

November

2021

Desember

2021

Januari

2022

Februari

2022

Maret

2022

April

2022

2022

Juni

2022

Juli

2022

Agustus

2022

September

2022

Oktober

2022

November

2022

Desember

2022

Januari

2023

Februari

2023

Maret

2023

April

2023

2023

Juni

2023

Juli

2023

Agustus

2023

September

2023

Oktober

2023

November

2023

Desember

2023

Januari

2024

Februari

2024

Maret

2024

April

2024

2024

Juni

2024

Juli

2024

Agustus

2024

September

2024

Oktober

2024

November

2024

Desember

2024

Januari

2025

Februari

2025

Maret

2025

April

2025

2025

Juni

2025

Juli

2025

Agustus

2025

September

2025

Oktober

2025

November

2025

Desember

2025

Januari

2026

Februari

2026

Maret

2026

April

2026

2026

Juni

2026

Juli

2026

Agustus

2026

September

2026

Oktober

2026

Masuk

untuk meninggalkan komentar

Baca Berikutnya

Dosen Magister PBA Pascasarjana IAIN Parepare Tampil sebagai Speaker pada ISoLEC 2026 di Universitas Negeri Malang",https://ppid.iainpare.ac.id/web/image/9153-426f4a8e/700x0/gedung-rektorat.png
https://www.iainpare.ac.id/blog/berita-1/teori-saja-tak-cukup-mahasiswa-fakshi-iain-parepare-ditantang-kuasai-praktik-hukum-6612,"Teori Saja Tak Cukup, Mahasiswa FAKSHI IAIN Parepare Ditantang Kuasai Praktik Hukum","8 September, 2026","Teori Saja Tak Cukup, Mahasiswa FAKSHI IAIN Parepare Ditantang Kuasai Praktik Hukum

8 September, 2026

oleh

Humas IAIN Parepare

Humas IAIN Parepare --- Duduk di bangku kuliah

dan menguasai teori hukum belum cukup untuk menjadi praktisi yang kompeten. Mahasiswa

juga harus melihat langsung bagaimana hukum bekerja di ruang persidangan. Pesan

inilah yang disampaikan Ketua Pengadilan Agama (PA) Kabupaten Pangkep, Dr.

Wildana Arsyad, S.HI., M.HI., saat menerima mahasiswa Praktik Pengalaman

Lapangan (PPL) Fakultas Syariah dan Ilmu Hukum Islam (FAKSHI) IAIN Parepare,

Selasa (8/9/2026).

Sebanyak 9 mahasiswa FAKSHI diterima langsung

oleh Ketua PA Pangkep di Kantor Pengadilan Agama Kabupaten Pangkep. Penerimaan

tersebut turut dihadiri Sekretaris PA Pangkep Muhammad Irsal, S.T. bersama

sejumlah panitera.

Wildana mengatakan, PPL harus dimanfaatkan

mahasiswa untuk mempertemukan teori yang telah diperoleh selama perkuliahan

dengan praktik hukum yang berlangsung di lapangan. Menurutnya, lingkungan pengadilan

memberikan ruang belajar yang tidak sepenuhnya dapat diperoleh hanya melalui

pembelajaran di kelas.

“Mahasiswa diharapkan dapat menimba ilmu dan

mempelajari praktik dari teori-teori yang telah diterima selama kuliah,” ujar

Wildana.

Karena itu, ia meminta mahasiswa tidak sekadar

mengikuti kegiatan administratif selama menjalani PPL. Mahasiswa didorong untuk

mencermati proses beracara hingga praktik persidangan, sehingga memahami secara

langsung tahapan penyelesaian perkara di Pengadilan Agama.

Wildana juga mengingatkan mahasiswa agar disiplin

mengikuti seluruh jadwal PPL serta arahan pembimbing eksternal yang telah

ditunjuk oleh Ketua Pengadilan Agama Kabupaten Pangkep. Kedisiplinan tersebut

dinilai penting agar proses pembelajaran selama PPL berlangsung maksimal dan

terarah.

Dosen PPL FAKSHI IAIN Parepare, Dr. Roswati

Nurdin, M.HI., menyambut baik kesempatan mahasiswa belajar langsung di

lingkungan Pengadilan Agama. Ia berharap proses PPL tidak hanya meningkatkan

kemampuan akademik, tetapi juga membentuk sikap profesional mahasiswa.

“Harapannya mahasiswa dapat mengikuti proses PPL

ini dengan tertib dan disiplin, mengutamakan adab dan akhlak. Mahasiswa juga

dapat dibimbing dan dibina, khususnya dalam meningkatkan kompetensi mereka,” kata

Roswati yang juga Ketua Program Studi Hukum Pidana Islam FAKSHI.

Pengalaman lapangan mahasiswa FAKSHI juga

diperluas melalui penempatan di BAZNAS Kabupaten Pangkep. Sebanyak 3 mahasiswa

Program Studi Hukum Ekonomi Syariah diterima di Kantor BAZNAS Pangkep sebagai

bagian dari pelaksanaan PPL.

Di BAZNAS Pangkep, mahasiswa diterima jajaran

pimpinan, di antaranya Ketua I Drs. H. Tajuddin Rajja dan Ketua III Drs. H.

Saharuddin, M.Si., serta Ketua BAZNAS H. Muh. Arif Arfah, Lc. Penempatan ini

memberi kesempatan mahasiswa memahami praktik pengelolaan zakat sekaligus

melihat penerapan hukum ekonomi syariah dalam kelembagaan.

Melalui PPL di Pengadilan Agama dan BAZNAS,

FAKSHI IAIN Parepare tidak hanya menempatkan mahasiswa di dunia kerja, tetapi

mendorong mereka belajar dari praktik nyata. Dari ruang kuliah menuju ruang

persidangan dan lembaga pengelola zakat, mahasiswa ditantang membuktikan bahwa

teori yang dipelajari mampu diterapkan secara profesional, disiplin, dan

berintegritas.

Penulis : Muh. Arif (mhs MBKM)

Editor : Suherman

di dalam

Berita

Humas IAIN Parepare

8 September 2026

blog kami

Riset

Opini

Kerja sama

Zona Integitasme

Berita

Pengumuman

Podcast

Media Highlights

Kisah Inspiratif

Essai

Arsip

Semua tanggal

Desember

2013

2014

Juni

2014

Desember

2015

Januari

2016

Februari

2016

Maret

2016

April

2016

2016

Juni

2016

Juli

2016

Agustus

2016

September

2016

Oktober

2016

November

2016

Desember

2016

Januari

2017

Februari

2017

Maret

2017

April

2017

2017

Juni

2017

Juli

2017

Agustus

2017

Oktober

2017

November

2017

Desember

2017

Januari

2018

Februari

2018

Maret

2018

April

2018

2018

Juni

2018

Juli

2018

Agustus

2018

September

2018

Oktober

2018

November

2018

Desember

2018

Januari

2019

Februari

2019

Maret

2019

April

2019

2019

Juli

2019

Januari

2020

Februari

2020

Maret

2020

April

2020

2020

September

2020

Oktober

2020

November

2020

Desember

2020

Januari

2021

Februari

2021

Maret

2021

April

2021

2021

Juni

2021

Juli

2021

Agustus

2021

September

2021

Oktober

2021

November

2021

Desember

2021

Januari

2022

Februari

2022

Maret

2022

April

2022

2022

Juni

2022

Juli

2022

Agustus

2022

September

2022

Oktober

2022

November

2022

Desember

2022

Januari

2023

Februari

2023

Maret

2023

April

2023

2023

Juni

2023

Juli

2023

Agustus

2023

September

2023

Oktober

2023

November

2023

Desember

2023

Januari

2024

Februari

2024

Maret

2024

April

2024

2024

Juni

2024

Juli

2024

Agustus

2024

September

2024

Oktober

2024

November

2024

Desember

2024

Januari

2025

Februari

2025

Maret

2025

April

2025

2025

Juni

2025

Juli

2025

Agustus

2025

September

2025

Oktober

2025

November

2025

Desember

2025

Januari

2026

Februari

2026

Maret

2026

April

2026

2026

Juni

2026

Juli

2026

Agustus

2026

September

2026

Oktober

2026

Masuk

untuk meninggalkan komentar

Baca Berikutnya

Buka Kegiatan AMI, Warek I Tegaskan Pentingnya Mutu Layanan Berkelanjutan dan Akreditasi Unggul",https://ppid.iainpare.ac.id/web/image/9153-426f4a8e/700x0/gedung-rektorat.png
https://www.iainpare.ac.id/blog/berita-1/febi-iain-parepare-perkuat-literasi-keuangan-syariah-nelayan-pantai-sine-6613,FEBI IAIN Parepare Perkuat Literasi Keuangan Syariah Nelayan Pantai Sine,"9 September, 2026","FEBI IAIN Parepare Perkuat Literasi Keuangan Syariah Nelayan Pantai Sine

9 September, 2026

oleh

Humas IAIN Parepare

Humas IAIN Parepare - Empat program studi di lingkungan Fakultas Ekonomi dan Bisnis Islam (FEBI) IAIN Parepare menggelar International Community Services di Kawasan Cemara Sewu, Pantai Sine, Kabupaten Tulungagung, Jawa Timur, pada hari Selasa, 8 September 2026

Kegiatan tersebut mengangkat tema “Strengthening Islamic Financial Literacy and Productivity to Enhance the Economic Resilience of Fishermen and Coastal MSMEs in Southern East Java.”

Empat program studi yang terlibat, yakni Program Studi Ekonomi Syariah yang diwakili Umaima, M.E.I.; Program Studi Perbankan Syariah oleh Dr. Hj. Ulfa Hidayati, M.M.; Program Studi Akuntansi Syariah oleh Dr. Sri Wahyuni Nur, M.Ak.; serta Program Studi Akuntansi Lembaga Keuangan Syariah oleh Ira Sahara, M.Ak.

Kegiatan ini merupakan hasil kolaborasi lintas perguruan tinggi se-Indonesia, baik Perguruan Tinggi Keagamaan Islam Negeri (PTKIN) maupun Perguruan Tinggi Keagamaan Islam Swasta (PTKIS), yang tergabung dalam Asosiasi Program Studi Ekonomi Syariah Indonesia (APSESI).

Selain melibatkan perguruan tinggi dalam negeri, kegiatan tersebut menghadirkan perwakilan internasional dari Curtin University, Dr. Asif Ikbal Siddiqui. Kehadiran akademisi internasional tersebut memperkuat dimensi internasional kegiatan sekaligus membuka ruang pertukaran gagasan antara akademisi dalam dan luar negeri dalam upaya memperkuat ketahanan ekonomi masyarakat pesisir.

Sasaran utama kegiatan adalah kelompok nelayan dan pelaku Usaha Mikro, Kecil, dan Menengah (UMKM) di sekitar Pantai Sine, dengan melibatkan sekitar 20 peserta. Melalui pendekatan literasi dan pendampingan, kegiatan diarahkan untuk meningkatkan pemahaman masyarakat mengenai ekonomi dan keuangan syariah serta mendorong produktivitas usaha.

Dalam pelaksanaannya, kegiatan menggandeng Bank Syariah Indonesia (BSI) Kantor Cabang Tulungagung sebagai mitra strategis. Materi yang disampaikan mencakup tiga fokus utama, yaitu literasi ekonomi syariah, literasi keuangan, dan pentingnya labelisasi halal bagi produk UMKM.

Ketiga materi tersebut dinilai relevan dalam mendorong nelayan dan pelaku UMKM agar tidak hanya meningkatkan produktivitas, tetapi juga memperoleh akses yang lebih baik terhadap layanan keuangan formal berbasis syariah. Selain itu, pemahaman mengenai labelisasi halal diharapkan dapat meningkatkan daya saing produk UMKM di pasar.

Kolaborasi lintas negara dan lintas institusi tersebut diharapkan menjadi model pengabdian kepada masyarakat yang berkelanjutan sekaligus memperkuat peran perguruan tinggi keagamaan Islam dalam mendorong pembangunan ekonomi berbasis komunitas, khususnya bagi masyarakat pesisir.

Penulis : Umai/Irfan

Editor : Sri Rahayu

di dalam

Berita

Humas IAIN Parepare

9 September 2026

blog kami

Riset

Opini

Kerja sama

Zona Integitasme

Berita

Pengumuman

Podcast

Media Highlights

Kisah Inspiratif

Essai

Arsip

Semua tanggal

Desember

2013

2014

Juni

2014

Desember

2015

Januari

2016

Februari

2016

Maret

2016

April

2016

2016

Juni

2016

Juli

2016

Agustus

2016

September

2016

Oktober

2016

November

2016

Desember

2016

Januari

2017

Februari

2017

Maret

2017

April

2017

2017

Juni

2017

Juli

2017

Agustus

2017

Oktober

2017

November

2017

Desember

2017

Januari

2018

Februari

2018

Maret

2018

April

2018

2018

Juni

2018

Juli

2018

Agustus

2018

September

2018

Oktober

2018

November

2018

Desember

2018

Januari

2019

Februari

2019

Maret

2019

April

2019

2019

Juli

2019

Januari

2020

Februari

2020

Maret

2020

April

2020

2020

September

2020

Oktober

2020

November

2020

Desember

2020

Januari

2021

Februari

2021

Maret

2021

April

2021

2021

Juni

2021

Juli

2021

Agustus

2021

September

2021

Oktober

2021

November

2021

Desember

2021

Januari

2022

Februari

2022

Maret

2022

April

2022

2022

Juni

2022

Juli

2022

Agustus

2022

September

2022

Oktober

2022

November

2022

Desember

2022

Januari

2023

Februari

2023

Maret

2023

April

2023

2023

Juni

2023

Juli

2023

Agustus

2023

September

2023

Oktober

2023

November

2023

Desember

2023

Januari

2024

Februari

2024

Maret

2024

April

2024

2024

Juni

2024

Juli

2024

Agustus

2024

September

2024

Oktober

2024

November

2024

Desember

2024

Januari

2025

Februari

2025

Maret

2025

April

2025

2025

Juni

2025

Juli

2025

Agustus

2025

September

2025

Oktober

2025

November

2025

Desember

2025

Januari

2026

Februari

2026

Maret

2026

April

2026

2026

Juni

2026

Juli

2026

Agustus

2026

September

2026

Oktober

2026

Masuk

untuk meninggalkan komentar

Baca Berikutnya

Teori Saja Tak Cukup, Mahasiswa FAKSHI IAIN Parepare Ditantang Kuasai Praktik Hukum",https://ppid.iainpare.ac.id/web/image/9153-426f4a8e/700x0/gedung-rektorat.png
https://www.iainpare.ac.id/blog/berita-1/menciptakan-perubahan-bukan-digilas-perubahan-pesan-dekan-fakshi-kepada-peserta-ppl-6600,"Menciptakan Perubahan, Bukan Digilas Perubahan: Pesan Dekan FAKSHI kepada Peserta PPL","5 September, 2026","Menciptakan Perubahan, Bukan Digilas Perubahan: Pesan Dekan FAKSHI kepada Peserta PPL

5 September, 2026

oleh

Humas IAIN Parepare

Humas IAIN Parepare --- Fakultas Syariah dan Ilmu Hukum Islam (FAKSHI) Institut Agama Islam Negeri (IAIN) Parepare menggelar Pembekalan Praktik Pengalaman Lapangan (PPL) di Ballroom Laboratorium Terpadu pada Sabtu (05/12/2026). Kegiatan ini menjadi ajang penguatan mental dan kesiapan profesional mahasiswa sebelum terjun langsung ke lembaga-lembaga hukum maupun instansi mitra.

Dalam sambutannya, Dekan FAKSHI IAIN Parepare, Dr. Budiman, M.HI., menegaskan bahwa PPL merupakan ruang transisi penting dari kehidupan akademik menuju dunia profesional. Ia meminta mahasiswa untuk tidak sekadar memandang PPL sebagai beban akademik demi mengejar nilai semata.

“PPL jangan dipandang sebagai kewajiban akademik untuk mendapatkan nilai. PPL harus dipandang sebagai simulasi kehidupan kerja yang sesungguhnya,” tegas Budiman di hadapan para peserta pembekalan.

Ia juga menguraikan perbedaan mendasar antara dinamika di kampus dan di dunia kerja. Menurutnya, kesalahan di bangku perkuliahan masih bisa dikoreksi oleh dosen, tetapi di dunia kerja, kesalahan kecil dapat berdampak pada reputasi, kepercayaan, dan masa depan karier. Di dunia kerja, tolok ukur utamanya adalah tingkat kepercayaan (trustworthiness).

Lebih lanjut, Dr. Budiman mengingatkan bahwa bekal keilmuan hukum - mulai dari hukum keluarga, hukum ekonomi syariah, hukum pidana Islam, hingga hukum tata negara - yang telah dipelajari selama perkuliahan tidak akan maksimal tanpa ditopang oleh soft skill dan integritas.

“Ilmu membuat kalian tahu apa yang benar. Soft skill membuat kalian mampu menjalankan kebenaran itu secara profesional,” ujarnya. Menurutnya, mahasiswa bersertifikat atau ber-IPK tinggi sekalipun akan ditinggalkan jika tidak memiliki kedisiplinan, komunikasi yang baik, serta kemampuan bekerja dalam tim.

Ia mengajak mahasiswa untuk mulai menggeser pola pikir dari “Apa yang saya tahu?” menjadi ""Apa yang bisa saya lakukan dengan apa yang saya tahu?”.

Menghadapi pesatnya perkembangan teknologi, digitalisasi dokumen, hingga integrasi kecerdasan buatan (AI) dalam sistem pelayanan hukum, Dekan FAKSHI menekankan satu soft skill paling krusial bagi calon alumni:

Dunia kerja membutuhkan individu yang tidak hanya berani berkata ""Saya bisa”, tetapi juga yang berjiwa pembelajar dan mau menyatakan ""Saya belum bisa, tetapi saya siap belajar.”

Guna membakar semangat peserta, Dr. Budiman mengutip sebuah ungkapan pepatah Arab:

الرجل الكبير الذي صنع الأحداث، والرجل الصغير الذي صنعته الأحداث

""Manusia tangguh ialah yang mampu menciptakan perubahan (melakukan inovasi). Dan manusia kerdil ialah yang digilas oleh perubahan.”

Melalui pembekalan ini, diharapkan seluruh mahasiswa peserta PPL FAKSHI IAIN Parepare mampu menjaga integritas, menunjukkan etos kerja yang tinggi, serta membawa nama baik almamater selama menjalankan tugas di lokasi PPL masing-masing.

Kontributor : Arfiah | Editor : Suherman

di dalam

Berita

Humas IAIN Parepare

5 September 2026

blog kami

Riset

Opini

Kerja sama

Zona Integitasme

Berita

Pengumuman

Podcast

Media Highlights

Kisah Inspiratif

Essai

Arsip

Semua tanggal

Desember

2013

2014

Juni

2014

Desember

2015

Januari

2016

Februari

2016

Maret

2016

April

2016

2016

Juni

2016

Juli

2016

Agustus

2016

September

2016

Oktober

2016

November

2016

Desember

2016

Januari

2017

Februari

2017

Maret

2017

April

2017

2017

Juni

2017

Juli

2017

Agustus

2017

Oktober

2017

November

2017

Desember

2017

Januari

2018

Februari

2018

Maret

2018

April

2018

2018

Juni

2018

Juli

2018

Agustus

2018

September

2018

Oktober

2018

November

2018

Desember

2018

Januari

2019

Februari

2019

Maret

2019

April

2019

2019

Juli

2019

Januari

2020

Februari

2020

Maret

2020

April

2020

2020

September

2020

Oktober

2020

November

2020

Desember

2020

Januari

2021

Februari

2021

Maret

2021

April

2021

2021

Juni

2021

Juli

2021

Agustus

2021

September

2021

Oktober

2021

November

2021

Desember

2021

Januari

2022

Februari

2022

Maret

2022

April

2022

2022

Juni

2022

Juli

2022

Agustus

2022

September

2022

Oktober

2022

November

2022

Desember

2022

Januari

2023

Februari

2023

Maret

2023

April

2023

2023

Juni

2023

Juli

2023

Agustus

2023

September

2023

Oktober

2023

November

2023

Desember

2023

Januari

2024

Februari

2024

Maret

2024

April

2024

2024

Juni

2024

Juli

2024

Agustus

2024

September

2024

Oktober

2024

November

2024

Desember

2024

Januari

2025

Februari

2025

Maret

2025

April

2025

2025

Juni

2025

Juli

2025

Agustus

2025

September

2025

Oktober

2025

November

2025

Desember

2025

Januari

2026

Februari

2026

Maret

2026

April

2026

2026

Juni

2026

Juli

2026

Agustus

2026

September

2026

Oktober

2026

Masuk

untuk meninggalkan komentar

Baca Berikutnya

Dekan FEBI IAIN Parepare Narasumber Dialog Publik Gelanggang Buku",https://ppid.iainpare.ac.id/web/image/9153-426f4a8e/700x0/gedung-rektorat.png
https://www.iainpare.ac.id/blog/berita-1/kpknl-parepare-gandeng-dosen-iain-parepare-bahas-pelayanan-publik-berkualitas-6587,KPKNL Parepare Gandeng Dosen IAIN Parepare Bahas Pelayanan Publik Berkualitas,"1 September, 2026","KPKNL Parepare Gandeng Dosen IAIN Parepare Bahas Pelayanan Publik Berkualitas

1 September, 2026

oleh

Humas IAIN Parepare

Humas IAIN Parepare - Dosen Institut Agama Islam Negeri (IAIN) Parepare, Dirga Achmad, menjadi narasumber dalam Forum Konsultasi Standar Pelayanan Publik yang diselenggarakan Kantor Pelayanan Kekayaan Negara dan Lelang (KPKNL) Parepare, pada hari Selasa, 1 September 2026.

Dirga Achmad merupakan dosen Hukum Tata Negara sekaligus Kepala Pusat Admisi IAIN Parepare. Dalam kegiatan tersebut, ia membawakan materi bertajuk “Membangun Standar Pelayanan Publik yang Berkualitas dan Inklusif”.

Dalam pemaparannya, Dirga menekankan bahwa pelayanan publik bukan sekadar persoalan prosedur administratif, melainkan wujud nyata kehadiran negara dalam memenuhi hak masyarakat.

“Standar pelayanan tidak cukup hanya tersedia secara tertulis. Standar tersebut harus mudah dipahami, dapat diakses, konsisten diterapkan, serta memberikan kepastian dan perlakuan yang adil bagi setiap pengguna layanan,” ungkapnya.

Sebelum

Next

Ia menjelaskan bahwa pelayanan yang inklusif tidak hanya berkaitan dengan akses bagi penyandang disabilitas, tetapi juga perlu memperhatikan masyarakat yang menghadapi hambatan geografis, keterbatasan teknologi, rendahnya literasi digital, serta kesulitan memahami informasi dan istilah teknis.

Menurutnya, perlakuan yang sama belum tentu menghasilkan akses yang setara. Karena itu, penyelenggara pelayanan publik perlu memahami keberagaman kondisi pengguna layanan dan menyediakan bentuk pelayanan yang responsif terhadap kebutuhan masyarakat.

Forum yang berlangsung di Kantor KPKNL Parepare tersebut dihadiri berbagai pemangku kepentingan, antara lain unsur pemerintah daerah, perbankan, koperasi, instansi vertikal Kementerian Keuangan, kepolisian, kejaksaan, media, akademisi, serta masyarakat pengguna layanan.

Kegiatan ini menjadi ruang dialog antara KPKNL Parepare dan para pengguna layanan untuk mengidentifikasi kebutuhan, pengalaman, serta hambatan yang dihadapi masyarakat. Berbagai masukan dari peserta diharapkan menjadi dasar penyempurnaan standar sekaligus peningkatan kualitas pelayanan KPKNL Parepare.

Keterlibatan dosen IAIN Parepare sebagai narasumber menunjukkan kontribusi perguruan tinggi dalam memperkuat tata kelola pemerintahan dan kualitas pelayanan publik. Melalui perspektif akademik dan Hukum Tata Negara, IAIN Parepare terus mendorong terwujudnya pelayanan yang pasti, adil, transparan, manusiawi, dan inklusif.

“Standar membentuk pengalaman, dan pengalaman membangun kepercayaan publik,” tutup Dirga.

Penulis : Nur Aeni K

Editor.   : Sri Rahay

di dalam

Berita

Humas IAIN Parepare

1 September 2026

blog kami

Riset

Opini

Kerja sama

Zona Integitasme

Berita

Pengumuman

Podcast

Media Highlights

Kisah Inspiratif

Essai

Arsip

Semua tanggal

Desember

2013

2014

Juni

2014

Desember

2015

Januari

2016

Februari

2016

Maret

2016

April

2016

2016

Juni

2016

Juli

2016

Agustus

2016

September

2016

Oktober

2016

November

2016

Desember

2016

Januari

2017

Februari

2017

Maret

2017

April

2017

2017

Juni

2017

Juli

2017

Agustus

2017

Oktober

2017

November

2017

Desember

2017

Januari

2018

Februari

2018

Maret

2018

April

2018

2018

Juni

2018

Juli

2018

Agustus

2018

September

2018

Oktober

2018

November

2018

Desember

2018

Januari

2019

Februari

2019

Maret

2019

April

2019

2019

Juli

2019

Januari

2020

Februari

2020

Maret

2020

April

2020

2020

September

2020

Oktober

2020

November

2020

Desember

2020

Januari

2021

Februari

2021

Maret

2021

April

2021

2021

Juni

2021

Juli

2021

Agustus

2021

September

2021

Oktober

2021

November

2021

Desember

2021

Januari

2022

Februari

2022

Maret

2022

April

2022

2022

Juni

2022

Juli

2022

Agustus

2022

September

2022

Oktober

2022

November

2022

Desember

2022

Januari

2023

Februari

2023

Maret

2023

April

2023

2023

Juni

2023

Juli

2023

Agustus

2023

September

2023

Oktober

2023

November

2023

Desember

2023

Januari

2024

Februari

2024

Maret

2024

April

2024

2024

Juni

2024

Juli

2024

Agustus

2024

September

2024

Oktober

2024

November

2024

Desember

2024

Januari

2025

Februari

2025

Maret

2025

April

2025

2025

Juni

2025

Juli

2025

Agustus

2025

September

2025

Oktober

2025

November

2025

Desember

2025

Januari

2026

Februari

2026

Maret

2026

April

2026

2026

Juni

2026

Juli

2026

Agustus

2026

September

2026

Oktober

2026

Masuk

untuk meninggalkan komentar

Baca Berikutnya

Tinggalkan Zona Nyaman, 83 Mahasiswa IAIN Parepare Siap Jalani MBKM Mandiri",https://ppid.iainpare.ac.id/web/image/9153-426f4a8e/700x0/gedung-rektorat.png
https://www.iainpare.ac.id/blog/opini-5/politik-viral-dan-krisis-kepercayaan-publik-6570,Politik Viral dan Krisis Kepercayaan Publik,"29 Agustus, 2026","Politik Viral dan Krisis Kepercayaan Publik

Oleh: Dr. Nahrul Hayat, M.I.Kom. (Dosen Ilmu Komunikasi IAIN Parepare)

29 Agustus, 2026

oleh

Humas IAIN Parepare

Ada satu hukum tak

tertulis dalam politik digital hari ini yaitu kecepatan mengalahkan kebenaran,

dan kegaduhan mengalahkan substansi. Sebuah pernyataan pejabat, potongan pidato

belasan detik, atau satu kalimat yang dianggap keliru, dapat berubah menjadi

perdebatan nasional hanya dalam hitungan jam, bahkan sebelum kementerian

terkait sempat menyusun siaran pers. Kebijakan bergerak dengan ritme birokrasi

yang lamban dan berhati-hati, sementara persepsi publik melesat dengan

kecepatan algoritma yang tidak pernah berhati-hati. Pertanyaannya bukan lagi

apakah pesan itu akan viral, sebab hampir segalanya kini berpotensi viral, melainkan

apa yang tersisa setelah kegaduhan itu reda? Boleh jadi kepercayaan publik

semakin menguat atau sebaliknya kepercayaan yang kian tergerus.

Ketika Jalanan dan

Linimasa Bicara Bersamaan

Bulan Agustus ini

menyediakan laboratorium hidup potret komunikasi politik terkini. Sejak awal

Agustus 2026, gelombang unjuk rasa dengan beragam tuntutan menyebar di berbagai

daerah, hingga memuncak pada aksi besar BEM UI dan sejumlah elemen mahasiswa pada

18 Agustus yang mengusung delapan tuntutan sekaligus. Di tengah situasi itu,

pola komunikasi politik Presiden Prabowo justru kembali dikritik oleh beberapa akademisi

yang dianggap kerap blunder, komunikasi yang dinilai reaktif, minim empati, dan

berpotensi merugikan legitimasi pemerintah sendiri alih-alih meredakannya.

Catatan Laboratorium Indonesia 2045 (Lab 45) bahkan mengonfirmasi kesan itu

dengan angka bahwa terdapat 151 peristiwa yang dikategorikan sebagai

blunder–gaduh dalam komunikasi pemerintahan selama tahun pertama pemerintahan

Prabowo-Gibran. Rata-rata terjadi dua hari sekali, dengan porsi terbesar

berkaitan langsung dengan komunikasi kebijakan. Ini bukan lagi persoalan gaya

bicara personal, melainkan indikasi problem struktural dalam tata kelola

komunikasi pemerintahan itu sendiri.

Guru Besar Ilmu

Komunikasi UII, Masduki, merinci pola itu ke dalam empat karakter bermasalah:

denial atau penyangkalan kesalahan, retorika defensif, minimnya ruang dialog,

dan sikap anti-kritik. Ia menunjuk kasus konkret seperti keengganan meminta

maaf dalam polemik “Londo Ireng” maupun kekeliruan data upah pengupas bawang

yang sempat viral, sebagai contoh bagaimana denial menjadi refleks komunikasi

pertama alih-alih klarifikasi. Ungkapan spontan seperti “Ndasmu” atau “Emangnya

Gue Pikirin” yang sempat dilontarkan pun, betapapun dimaksudkan sebagai gestur

ketegasan, justru terbaca publik sebagai sikap defensif yang jauh dari kesan

mendengar. Kritik ini bukan sekadar sentimen elite kampus. Hal ini adalah

sinyal bahwa negara sedang kalah bicara di ruang yang justru paling menentukan

opini publik hari ini.

Yang lebih

mengkhawatirkan, krisis komunikasi Agustus ini tidak berhenti pada gaya bicara.

Ia merembes ke persoalan yang jauh lebih berbahaya yaitu krisis misinformasi.

Kementerian Komunikasi dan Digital mendapati penyebaran video-video lama

demonstrasi yang diunggah ulang secara serentak dan disengaja, dilepas tanpa

keterangan waktu maupun konteks, sehingga tampil seolah-olah sebagai peristiwa

yang sedang terjadi hari itu juga. Fenomena ini kemudian dibalut narasi

lanjutan bahwa negara tengah menyensor informasi asli, karena video “terbaru”

itu tak kunjung tampil di media arus utama. Di sinilah kita berhadapan dengan

sesuatu yang lebih ekstrem daripada framing atau hoaks konvensional, yakni apa

yang oleh Jean Baudrillard (1994) disebut sebagai simulacra yakni sebuah

realitas tiruan yang berdiri sendiri, terlepas dari peristiwa aslinya, namun

dipercaya publik justru karena bentuknya yang paling meyakinkan secara visual.

Ketika rekaman lama bisa dibangkitkan kembali sebagai “kejadian baru”, maka

yang dipertaruhkan bukan lagi kebenaran sebuah narasi, melainkan kemungkinan

verifikasi itu sendiri.

Paradoks Politik Digital:

Saluran Bertambah, Kendali Makna Menghilang

Di titik inilah paradoks

politik digital berlangsung paling telanjang. Negara memiliki lebih banyak

kanal untuk bicara ketimbang generasi pemimpin mana pun sebelumnya, tetapi

justru pada saat yang sama paling kehilangan kendali atas bagaimana kata-katanya

dimaknai. Dalam kerangka Mediatisasi politik (Strömbäck & Esser, 2014),

politik modern tidak lagi berjalan di luar logika media, melainkan tunduk pada

logikanya sebagaimana frase klasik Marshall McLuhan (1964), “

the medim is

the message”

. Begitu sebuah pesan politik dilepas ke ruang digital, ia

berhenti menjadi milik negara. Ia dipotong, dibingkai ulang, diberi caption

sinis, diparodikan, disebarluaskan lintas platform, hingga akhirnya lahir

kembali dengan makna yang sama sekali berbeda dari niat awalnya. Algoritma

bekerja sebagai mekanisme kurasi yang mengoptimalkan visibilitas berdasarkan

pola keterlibatan pengguna, sehingga konten yang memicu perhatian dan respons

emosional memiliki peluang lebih besar untuk memperoleh resonansi.

Viralitas sebagai Ekonomi

Emosi

Pada level ini, viralitas

berhenti menjadi sekadar fenomena teknis dan berubah menjadi ekonomi emosi yang

punya konsekuensi politik serius. Merujuk pada Framing Theory (Entman, 1993),

fakta yang identik dapat tampil sangat berbeda tergantung bingkai yang

membungkusnya, dan bingkai kemarahan nyaris selalu mengalahkan bingkai

penjelasan. Zizi Papacharissi (2015) menamai kondisi ini

affective publics

sebuah tatanan ketika opini publik bergerak bukan terutama lewat argumentasi

rasional yang panjang, melainkan lewat resonansi emosi kolektif yang diperkuat

secara algoritmik dan dikonsumsi dalam hitungan detik. Bukti empirik atas

hubungan ini tampak jelas pada tren survei kepuasan public. Indopol Survey

mencatat tingkat kepuasan terhadap Presiden Prabowo hanya berada di angka 59,75

persen pada Juni 2026, anjlok lebih dari 20 poin dibanding hasil Litbang Kompas

pada Januari 2025 yang masih mencatat 80,9 persen.

Penurunan tersebut

setidaknya menunjukkan bahwa persoalan komunikasi perlu diperhitungkan sebagai

salah satu faktor dalam membaca perubahan persepsi publik terhadap pemerintah.  Pemerintah, melalui Wakil Menteri Komunikasi

dan Digital Nezar Patria, bahkan mengakui secara terbuka pada Juli 2026 bahwa

algoritma,

filter bubble, echo chamber

, dan komunikasi berbasis sentimen

ikut membentuk cara publik memaknai kebijakan. Pengakuan ini jarang terjadi

dari dalam kekuasaan, dan justru di situlah nilainya bahwa krisis kepercayaan

publik tidak selalu lahir dari kebijakan yang buruk, tetapi kerap lahir dari

komunikasi yang dianggap tidak jujur, tidak dialogis, dan gagal menjawab

pengalaman konkret warga di jalanan maupun di linimasa.

Dari

Message Delivery

menuju

Public Engagement

Politik viral tidak

sepenuhnya dapat dijelaskan sebagai persoalan kegagalan pemerintah menyampaikan

pesan. Perubahan yang lebih mendasar terjadi pada platformisasi politik, ketika

produksi, distribusi, dan penerimaan pesan politik semakin bergantung pada

logika platform digital. Algoritma menentukan visibilitas, sementara format

video pendek, potongan informasi, komentar, dan konten emosional membuat pesan

yang paling mudah menarik perhatian sering kali lebih beresonansi daripada

pesan yang paling substantif. Karena itu, satu kebijakan dapat mengalami

fragmentasi makna ketika berpindah dari kanal resmi pemerintah ke TikTok,

Instagram, X, atau WhatsApp. Dalam ekosistem seperti ini, viralitas tidak

selalu identik dengan representasi persoalan yang utuh, sementara krisis

kepercayaan dapat diperkuat oleh pengulangan informasi,

filter bubbles

echo chambers

Namun, menjadikan

algoritma sebagai kambing hitam juga tidak tepat. Pemerintah tetap memiliki

tanggung jawab komunikasi yang besar, terutama dalam menyediakan informasi yang

akurat, transparan, konsisten, mudah dipahami, serta membuka ruang klarifikasi

dan dialog. Data tentang kepuasan publik dan berbagai peristiwa komunikasi

politik menunjukkan bahwa persoalan kepercayaan tidak dapat dibaca melalui satu

indikator atau satu penyebab saja. Karena itu, problem komunikasi politik

pemerintah hari ini bukan sekadar bagaimana mengirim pesan, melainkan bagaimana

membangun

public engagement

di tengah ekosistem platform yang

terfragmentasi.

Karena itu, pemerintah

tidak boleh puas hanya menjadi produsen pesan yang  terkesan rajin bicara namun malas mendengar.

Jürgen Habermas (1989), lewat gagasan ruang publik demokratis, mengingatkan

bahwa legitimasi kekuasaan lahir dari kemungkinan pertukaran argumen yang

terbuka antara negara dan warganya, bukan dari monolog satu arah yang dikemas

serapi apa pun. Komunikasi politik di era digital harus bergerak menuju komunikasi

deliberatif seperti mendengar sebelum membantah, menjelaskan sebelum

menyalahkan, mengakui kekeliruan sebelum dipaksa oleh tekanan publik, dan

membuka ruang dialog yang setara alih-alih sekadar simetris di atas kertas.

Sebab dalam politik viral, satu pesan barangkali sanggup memenangkan perhatian

dalam hitungan detik, tetapi kepercayaan publik hanya tumbuh dari konsistensi,

kejujuran, dan pengalaman komunikasi yang jauh lebih panjang napasnya daripada

umur sebuah tren.

Pada akhirnya, mediatisasi

politik inilah yang akan menjadi  ukuran

baru bagi komunikasi politik pemerintah di era media digital ini. Bukan

seberapa cepat sebuah pesan menjadi viral, melainkan seberapa kuat kepercayaan

yang masih berdiri setelah viralitas itu padam dan rekaman lama berhenti

dibangkitkan sebagai kejadian baru. Sebab viral hanya soal hari ini, algoritma

hanya soal detik ini, tetapi kepercayaan publik adalah taruhan jangka panjang

yang tidak bisa dibeli dengan kecepatan, dan tidak bisa dipulihkan hanya dengan

siaran pers.

di dalam

Opini

Humas IAIN Parepare

29 Agustus 2026

blog kami

Riset

Opini

Kerja sama

Zona Integitasme

Berita

Pengumuman

Podcast

Media Highlights

Kisah Inspiratif

Essai

Arsip

Semua tanggal

April

2019

Januari

2020

Februari

2020

Maret

2020

April

2020

Maret

2021

September

2021

Februari

2022

Juli

2022

Oktober

2022

Januari

2023

Februari

2023

Maret

2023

April

2023

2023

Juni

2023

Juli

2023

Agustus

2023

September

2023

Oktober

2023

November

2023

Desember

2023

Februari

2024

April

2024

2024

Juni

2024

Juli

2024

Agustus

2024

September

2024

Oktober

2024

Desember

2024

Februari

2025

Maret

2025

2025

Juni

2025

Juli

2025

Agustus

2025

September

2025

Oktober

2025

November

2025

Desember

2025

Januari

2026

Februari

2026

Maret

2026

April

2026

2026

Juni

2026

Juli

2026

Agustus

2026

Oktober

2026

Masuk

untuk meninggalkan komentar

Baca Berikutnya

Filosofi Bura' dan Sokko: Membumikan Nilai Maulid Nabi  Demi Ketahanan SDM di Era Gejolak

oleh: Agung Sutrisno, S.E., M.M.

(Dosen Manajemen Dakwah IAIN Parepare)",https://ppid.iainpare.ac.id/web/image/9153-426f4a8e/700x0/gedung-rektorat.png
https://www.iainpare.ac.id/blog/berita-1/pembukaan-kuliah-iain-parepare-wakil-rektor-i-paparkan-kesiapan-akademik-semester-gasal-2026-2027-6575,"Pembukaan Kuliah IAIN Parepare, Wakil Rektor I Paparkan Kesiapan Akademik Semester Gasal 2026/2027","31 Agustus, 2026","Pembukaan Kuliah IAIN Parepare, Wakil Rektor I Paparkan Kesiapan Akademik Semester Gasal 2026/2027

31 Agustus, 2026

oleh

Humas IAIN Parepare

HUMAS IAIN Parepare - Wakil Rektor I Bidang Akademik dan Pengembangan Kelembagaan IAIN Parepare, Dr. Zulfah, M.Pd., memaparkan kondisi akademik dan sejumlah fokus penguatan pembelajaran pada Pembukaan Kuliah Semester Gasal Tahun Akademik 2026/2027, Senin, 31 Agustus 2026, di Auditorium IAIN Parepare.

Kegiatan tersebut dihadiri Rektor IAIN Parepare Prof. Dr. Hj. Darmawati,

S.Ag

., M.Pd., jajaran pimpinan institut dan fakultas, seluruh sivitas akademika IAIN Parepare, serta Wali Kota Parepare bersama jajaran Pemerintah Kota Parepare. Undangan resmi kegiatan juga mencakup para wakil rektor, guru besar, senat, dekan dan wakil dekan, ketua program studi, dosen, tenaga kependidikan, hingga mahasiswa.

Dalam laporannya, Zulfah memaparkan kesiapan akademik semester melalui data mahasiswa, mata kuliah, rombongan belajar, hingga kondisi dosen. IAIN Parepare tercatat memiliki 6.914 mahasiswa aktif yang tersebar di empat fakultas dan Pascasarjana.

Fakultas Ekonomi dan Bisnis Islam (FEBI) menjadi unit dengan jumlah mahasiswa aktif terbanyak, yakni 2.456 mahasiswa, disusul Fakultas Tarbiyah sebanyak 1.885 mahasiswa, Fakultas Ushuluddin, Adab dan Dakwah sebanyak 966 mahasiswa, Fakultas Syariah dan Ilmu Hukum Islam sebanyak 864 mahasiswa, serta Pascasarjana sebanyak 743 mahasiswa.

Kesiapan perkuliahan juga tergambar dari 1.099 mata kuliah dan 1.640 rombongan belajar yang harus dikelola pada semester ini. IAIN Parepare didukung oleh 220 dosen yang terdiri atas 173 PNS, 40 PPPK, dan tujuh dosen non-PNS, serta 40 Dosen Luar Biasa.

Dari sisi jabatan akademik, IAIN Parepare memiliki 14 guru besar, 65 lektor kepala, 76 lektor, dan 65 asisten ahli.

“Angka-angka ini bukan sekadar statistik akademik. Di balik ribuan mahasiswa dan rombongan belajar itu ada tanggung jawab besar untuk memastikan perkuliahan berjalan efektif sejak minggu pertama. Jadwal harus berjalan, dosen harus siap, proses pembelajaran harus terukur, dan mahasiswa harus mendapatkan layanan akademik yang baik,” ujar Dr. Zulfah.

Selain kesiapan perkuliahan, laporan Wakil Rektor I menempatkan pengembangan mutu kelembagaan sebagai salah satu agenda penting. Penguatan tersebut mencakup pemeliharaan dan peningkatan akreditasi institusi maupun program studi, evaluasi kurikulum, pengembangan program studi sesuai kebutuhan masyarakat, serta perluasan kemitraan dalam pembelajaran, penelitian, dan pengabdian kepada masyarakat di tingkat nasional maupun internasional.

Perhatian juga diarahkan pada penguatan sistem penjaminan mutu, peningkatan kualitas data akademik dan pelaporan, serta pemanfaatan tracer study sebagai bahan evaluasi kurikulum. Langkah tersebut diarahkan untuk meningkatkan standar akademik IAIN Parepare agar semakin kompetitif di tingkat nasional maupun internasional.

“Mutu tidak boleh berhenti pada dokumen akreditasi. Mutu harus terasa di ruang kelas, terlihat dalam disiplin akademik, terbaca dari kualitas asesmen, dan tercermin pada kompetensi lulusan. Karena itu, setiap unit harus bergerak dengan standar yang sama,” ungkap Dr. Zulfah.

Pada Semester Gasal Tahun Akademik 2026/2027, IAIN Parepare menetapkan sejumlah perhatian utama, mulai dari memastikan efektivitas perkuliahan sejak pekan pertama, meningkatkan kualitas pembelajaran dan asesmen, memperkuat disiplin akademik dosen dan mahasiswa, hingga mempercepat penyelesaian studi mahasiswa semester akhir.

Implementasi kurikulum berbasis Outcome-Based Education (OBE) dan penguatan sistem penjaminan mutu juga menjadi bagian penting dari agenda akademik semester berjalan.

“Pembukaan kuliah jangan berhenti sebagai seremoni. Setelah kegiatan ini, yang harus terlihat adalah kualitas proses akademik. Fokus kita jelas: pembelajaran yang lebih baik, disiplin yang lebih kuat, mahasiswa semester akhir yang didorong menyelesaikan studi, serta implementasi OBE yang benar-benar berjalan,” tegas Dr. Zulfah.

Laporan tersebut menjadi penanda dimulainya Semester Gasal Tahun Akademik 2026/2027 dengan agenda akademik yang terukur. IAIN Parepare tidak hanya menghadapi besarnya jumlah mahasiswa dan aktivitas perkuliahan, tetapi juga tantangan untuk menjaga mutu pembelajaran sekaligus memperkuat daya saing kelembagaan.

Penulis : Irfan

Editor : Sri Rahayu Andira

di dalam

Berita

Humas IAIN Parepare

31 Agustus 2026

blog kami

Riset

Opini

Kerja sama

Zona Integitasme

Berita

Pengumuman

Podcast

Media Highlights

Kisah Inspiratif

Essai

Arsip

Semua tanggal

Desember

2013

2014

Juni

2014

Desember

2015

Januari

2016

Februari

2016

Maret

2016

April

2016

2016

Juni

2016

Juli

2016

Agustus

2016

September

2016

Oktober

2016

November

2016

Desember

2016

Januari

2017

Februari

2017

Maret

2017

April

2017

2017

Juni

2017

Juli

2017

Agustus

2017

Oktober

2017

November

2017

Desember

2017

Januari

2018

Februari

2018

Maret

2018

April

2018

2018

Juni

2018

Juli

2018

Agustus

2018

September

2018

Oktober

2018

November

2018

Desember

2018

Januari

2019

Februari

2019

Maret

2019

April

2019

2019

Juli

2019

Januari

2020

Februari

2020

Maret

2020

April

2020

2020

September

2020

Oktober

2020

November

2020

Desember

2020

Januari

2021

Februari

2021

Maret

2021

April

2021

2021

Juni

2021

Juli

2021

Agustus

2021

September

2021

Oktober

2021

November

2021

Desember

2021

Januari

2022

Februari

2022

Maret

2022

April

2022

2022

Juni

2022

Juli

2022

Agustus

2022

September

2022

Oktober

2022

November

2022

Desember

2022

Januari

2023

Februari

2023

Maret

2023

April

2023

2023

Juni

2023

Juli

2023

Agustus

2023

September

2023

Oktober

2023

November

2023

Desember

2023

Januari

2024

Februari

2024

Maret

2024

April

2024

2024

Juni

2024

Juli

2024

Agustus

2024

September

2024

Oktober

2024

November

2024

Desember

2024

Januari

2025

Februari

2025

Maret

2025

April

2025

2025

Juni

2025

Juli

2025

Agustus

2025

September

2025

Oktober

2025

November

2025

Desember

2025

Januari

2026

Februari

2026

Maret

2026

April

2026

2026

Juni

2026

Juli

2026

Agustus

2026

September

2026

Oktober

2026

Masuk

untuk meninggalkan komentar

Baca Berikutnya

Pascasarjana IAIN Parepare Reviu Pedoman PKTI, Bahas Plagiasi dan AI",https://ppid.iainpare.ac.id/web/image/9153-426f4a8e/700x0/gedung-rektorat.png
https://www.iainpare.ac.id/blog/berita-1/90-mahasiswa-peserta-mbkm-semester-ganjil-2026-2027-mengikuti-wawancara-kompetensi-6559,"90 Mahasiswa Peserta MBKM Semester Ganjil 2026/2027, Mengikuti Wawancara Kompetensi","27 Agustus, 2026","90 Mahasiswa Peserta MBKM Semester Ganjil 2026/2027, Mengikuti Wawancara Kompetensi

27 Agustus, 2026

oleh

Humas IAIN Parepare

Humas IAIN Parepare – Tim Panitia Pelaksana Program Merdeka Belajar Kampus Merdeka (MBKM) pada Pusat Pengembangan Kurikulum, Pembelajaran, SDM, dan Mutu Lulusan Lembaga Penjaminan Mutu (LPM) IAIN Parepare menggelar wawancara bagi 90 mahasiswa peserta MBKM Semester Ganjil Tahun Akademik 2026/2027,  Selasa, (26/08/2026) di Ruang Pertemuan LPM.

Kegiatan ini bertujuan untuk meningkatkan kualitas program Merdeka Belajar-Kampus Merdeka (MBKM) dalam rangka memastikan mahasiswa yang terjun ke dunia magang benar-benar siap, baik dari sisi motivasi, kompetensi, kedisiplinan maupun pemahaman akademik.

Ketua Panitia MBKM, Fajriyani, mengatakan pentingnya tahapan ini guna memastikan peserta program MBKM layak mengikuti program ini guna memastikan peserta MBKM memiliki daya saing.

“Wawancara ini merupakan upaya untuk memperkuat kompetensi peserta MBKM. Ini adalah suatu komitmen untuk memastikan mahasiswa yang lolos MBKM memiliki karakter, pemahaman, dan kesiapan matang. Harapannya, pengalaman ini benar-benar relevan dengan bidang studi sekaligus menjadi bekal berharga bagi masa depan mereka,” jelasnya.

Dalam sesi wawancara, mahasiswa diminta menjelaskan alasan memilih lokasi magang, kompetensi yang siap mereka tunjukkan, hingga kesiapan jika harus ditempatkan di lokasi alternatif. Menariknya, peserta juga diberi ruang untuk merekomendasikan mitra potensial lain yang dinilai sesuai dengan semangat MBKM.

Peserta MBKM berasal dari beragam program studi di Fakultas Ekonomi dan Bisnis Islam, Fakultas Ushuluddin Adab dan Dakwah, Fakultas Tarbiyah, serta Fakultas Syariah dan Ilmu Hukum Islam. Kehadiran mahasiswa lintas disiplin ini menunjukkan bahwa MBKM kian menjadi ruang bersama untuk bereksperimen, berinovasi, dan mengasah diri.

Fajriyani menambahkan bahwa wawancara ini menjadi filter penting agar mahasiswa yang berangkat ke lokasi magang. “kami ingin mengonfirmasi berkas, menguji kemampuan mahasiswa, kedisiplinan serta public speaking peserta”, ungkapnya.

Dengan langkah strategis ini, LPM IAIN Parepare menegaskan komitmennya untuk menjadikan MBKM sebagai jembatan penghubung antara dunia akademik dan dunia kerja, sekaligus mencetak generasi muda yang lebih adaptif, kompetitif, dan siap menghadapi tantangan di di lokasi magang (Mhy/Mif).

di dalam

Berita

Humas IAIN Parepare

27 Agustus 2026

blog kami

Riset

Opini

Kerja sama

Zona Integitasme

Berita

Pengumuman

Podcast

Media Highlights

Kisah Inspiratif

Essai

Arsip

Semua tanggal

Desember

2013

2014

Juni

2014

Desember

2015

Januari

2016

Februari

2016

Maret

2016

April

2016

2016

Juni

2016

Juli

2016

Agustus

2016

September

2016

Oktober

2016

November

2016

Desember

2016

Januari

2017

Februari

2017

Maret

2017

April

2017

2017

Juni

2017

Juli

2017

Agustus

2017

Oktober

2017

November

2017

Desember

2017

Januari

2018

Februari

2018

Maret

2018

April

2018

2018

Juni

2018

Juli

2018

Agustus

2018

September

2018

Oktober

2018

November

2018

Desember

2018

Januari

2019

Februari

2019

Maret

2019

April

2019

2019

Juli

2019

Januari

2020

Februari

2020

Maret

2020

April

2020

2020

September

2020

Oktober

2020

November

2020

Desember

2020

Januari

2021

Februari

2021

Maret

2021

April

2021

2021

Juni

2021

Juli

2021

Agustus

2021

September

2021

Oktober

2021

November

2021

Desember

2021

Januari

2022

Februari

2022

Maret

2022

April

2022

2022

Juni

2022

Juli

2022

Agustus

2022

September

2022

Oktober

2022

November

2022

Desember

2022

Januari

2023

Februari

2023

Maret

2023

April

2023

2023

Juni

2023

Juli

2023

Agustus

2023

September

2023

Oktober

2023

November

2023

Desember

2023

Januari

2024

Februari

2024

Maret

2024

April

2024

2024

Juni

2024

Juli

2024

Agustus

2024

September

2024

Oktober

2024

November

2024

Desember

2024

Januari

2025

Februari

2025

Maret

2025

April

2025

2025

Juni

2025

Juli

2025

Agustus

2025

September

2025

Oktober

2025

November

2025

Desember

2025

Januari

2026

Februari

2026

Maret

2026

April

2026

2026

Juni

2026

Juli

2026

Agustus

2026

September

2026

Oktober

2026

Masuk

untuk meninggalkan komentar

Baca Berikutnya

Pembelajaran Dwibahasa, Dosen IAIN Parepare Tanamkan Bahasa Inggris dan Nilai-Nilai Pancasila Sejak Dini",https://ppid.iainpare.ac.id/web/image/9153-426f4a8e/700x0/gedung-rektorat.png
https://www.iainpare.ac.id/blog/berita-1/fakshi-iain-parepare-perkuat-mutu-akademik-targetkan-100-persen-prodi-unggul-pada-2027-6543,"Fakshi IAIN Parepare Perkuat Mutu Akademik, Targetkan 100 Persen Prodi Unggul pada 2027","24 Agustus, 2026","Fakshi IAIN Parepare Perkuat Mutu Akademik, Targetkan 100 Persen Prodi Unggul pada 2027

24 Agustus, 2026

oleh

Humas IAIN Parepare

Humas IAIN Parepare — Dekan Fakultas Syariah dan Ilmu Hukum Islam (Fakshi) IAIN Parepare, Dr. Budiman, M.HI., memaparkan kondisi dan kesiapan akademik fakultas dalam Rapat Akademik IAIN Parepare Semester Ganjil Tahun Akademik 2026/2027 yang berlangsung di Ballroom Laboratorium Terpadu IAIN Parepare, Senin (24/8/2026). Paparan tersebut menjadi bagian dari evaluasi sekaligus persiapan penyelenggaraan perkuliahan semester ganjil.

Dalam laporan akademiknya, Fakshi mencatat 792 mahasiswa aktif yang tersebar pada empat program studi, yakni Hukum Ekonomi Syariah sebanyak 149 mahasiswa, Hukum Keluarga Islam 189 mahasiswa, Hukum Pidana Islam 186 mahasiswa, dan Hukum Tata Negara 268 mahasiswa. Fakultas juga mencatat 167 lulusan, dengan rata-rata IPK tertinggi diraih Program Studi Hukum Keluarga Islam sebesar 3,84.

Menurut Dr. Budiman, data tersebut menjadi dasar bagi fakultas dalam melakukan evaluasi sekaligus menyusun langkah penguatan akademik. “Rapat akademik ini menjadi momentum untuk melihat secara objektif kondisi Fakultas Syariah dan Ilmu Hukum Islam, baik dari sisi mahasiswa, dosen, proses pembelajaran, maupun capaian mutu. Dari evaluasi ini, kami ingin memastikan pelaksanaan semester ganjil berjalan lebih tertib dan kualitas pembelajaran terus meningkat,” ujarnya.

Pada aspek pengembangan pengalaman akademik, sebanyak enam mahasiswa mengikuti program magang Merdeka Belajar Kampus Merdeka (MBKM). Selain itu, dua mahasiswa Program Studi Hukum Tata Negara mengikuti program mutasi ke perguruan tinggi di Makassar. Program tersebut menjadi bagian dari upaya memperluas pengalaman belajar mahasiswa melalui aktivitas akademik di luar lingkungan kampus.

Dari sisi sumber daya manusia, Fakshi memiliki 5 guru besar, 12 lektor kepala, 9 lektor, dan 8 asisten ahli. Fakultas juga mencatat enam dosen yang sedang menempuh studi lanjut serta dua dosen dalam proses pemenuhan sertifikat pendidik. Penguatan kapasitas dosen tersebut dinilai penting untuk mendukung peningkatan kualitas pembelajaran dan layanan akademik.

Dalam bidang penjaminan mutu, Fakshi menargetkan seluruh program studi berstatus unggul pada 2027. Saat ini, capaian akreditasi unggul berada pada angka 75 persen. Untuk mencapai target tersebut, fakultas mendorong penguatan kurikulum berbasis Outcome Based Education (OBE), perluasan program MBKM dan kemitraan strategis, serta percepatan pemutakhiran dokumen akreditasi.

“Target kami jelas, pada 2027 seluruh program studi di Fakshi dapat mencapai predikat unggul. Karena itu, penguatan kurikulum berbasis OBE, peningkatan kualitas SDM, kemitraan, serta kesiapan dokumen akreditasi harus menjadi perhatian bersama,” jelas Budiman.

Fakshi juga memetakan sejumlah area yang masih perlu diperkuat, meliputi kepatuhan akademik, dinamika mahasiswa, akselerasi kelulusan, serta infrastruktur dan layanan. Beberapa hal yang menjadi perhatian antara lain keterlambatan penginputan presensi dan nilai, partisipasi mahasiswa dalam kompetisi akademik yang perlu ditingkatkan, penyelesaian skripsi, serta kebutuhan penguatan fasilitas ruang transit dosen dan jaringan internet.

Pada aspek pembelajaran, Evaluasi Dosen oleh Mahasiswa (EDOM) turut menjadi bagian dari laporan akademik. Tiga dosen dengan skor EDOM tertinggi yakni Dr. H. Islamul Haq, Lc., M.A. dengan skor 3,83, Dr. Hj. Saidah, M.H. dengan skor 3,75, dan Dr. M. Ali Rusdi,

S.Th

.I., M.HI. dengan skor 3,74. Capaian tersebut menjadi salah satu indikator dalam mengevaluasi kualitas layanan pembelajaran di lingkungan Fakshi.

Dr. Hj. Saidah, M.H., salah satu dosen Fakshi, menyambut kesiapan fakultas menghadapi semester ganjil. Ia menegaskan kesiapannya untuk kembali melaksanakan perkuliahan dengan mempersiapkan perangkat pembelajaran dan memastikan proses belajar mahasiswa berjalan sesuai target yang telah ditetapkan.

“Kami sebagai dosen siap melaksanakan perkuliahan pada semester ini. Persiapan pembelajaran terus kami lakukan, mulai dari RPS, bahan ajar, hingga instrumen evaluasi. Yang paling penting, kami ingin mahasiswa mendapatkan proses pembelajaran yang terarah dan mampu mencapai capaian pembelajaran yang telah ditetapkan,” ujar Saidah.

Untuk menghadapi Semester Ganjil Tahun Akademik 2026/2027, Fakshi menyiapkan sejumlah langkah, mulai dari monitoring registrasi dan KRS mahasiswa, distribusi mata kuliah berdasarkan struktur kurikulum OBE dan pemerataan beban dosen, pengaturan jadwal perkuliahan, hingga finalisasi dan publikasi jadwal melalui Sistem Informasi Akademik. Dosen juga diarahkan menyiapkan RPS, kontrak perkuliahan, bahan ajar, dan instrumen evaluasi pembelajaran.

Melalui rapat akademik tersebut, Fakshi menegaskan komitmennya memperkuat mutu akademik melalui peningkatan kapasitas dosen, pengembangan pengalaman belajar mahasiswa, percepatan akreditasi, serta pembenahan infrastruktur dan layanan digital. Langkah tersebut diharapkan mendukung pelaksanaan Semester Ganjil Tahun Akademik 2026/2027 yang lebih tertib, efektif, dan berorientasi pada peningkatan mutu pendidikan di IAIN Parepare.

Penulis  : Tasrif

Editor    :  Suherman

di dalam

Berita

Humas IAIN Parepare

24 Agustus 2026

blog kami

Riset

Opini

Kerja sama

Zona Integitasme

Berita

Pengumuman

Podcast

Media Highlights

Kisah Inspiratif

Essai

Arsip

Semua tanggal

Desember

2013

2014

Juni

2014

Desember

2015

Januari

2016

Februari

2016

Maret

2016

April

2016

2016

Juni

2016

Juli

2016

Agustus

2016

September

2016

Oktober

2016

November

2016

Desember

2016

Januari

2017

Februari

2017

Maret

2017

April

2017

2017

Juni

2017

Juli

2017

Agustus

2017

Oktober

2017

November

2017

Desember

2017

Januari

2018

Februari

2018

Maret

2018

April

2018

2018

Juni

2018

Juli

2018

Agustus

2018

September

2018

Oktober

2018

November

2018

Desember

2018

Januari

2019

Februari

2019

Maret

2019

April

2019

2019

Juli

2019

Januari

2020

Februari

2020

Maret

2020

April

2020

2020

September

2020

Oktober

2020

November

2020

Desember

2020

Januari

2021

Februari

2021

Maret

2021

April

2021

2021

Juni

2021

Juli

2021

Agustus

2021

September

2021

Oktober

2021

November

2021

Desember

2021

Januari

2022

Februari

2022

Maret

2022

April

2022

2022

Juni

2022

Juli

2022

Agustus

2022

September

2022

Oktober

2022

November

2022

Desember

2022

Januari

2023

Februari

2023

Maret

2023

April

2023

2023

Juni

2023

Juli

2023

Agustus

2023

September

2023

Oktober

2023

November

2023

Desember

2023

Januari

2024

Februari

2024

Maret

2024

April

2024

2024

Juni

2024

Juli

2024

Agustus

2024

September

2024

Oktober

2024

November

2024

Desember

2024

Januari

2025

Februari

2025

Maret

2025

April

2025

2025

Juni

2025

Juli

2025

Agustus

2025

September

2025

Oktober

2025

November

2025

Desember

2025

Januari

2026

Februari

2026

Maret

2026

April

2026

2026

Juni

2026

Juli

2026

Agustus

2026

September

2026

Oktober

2026

Masuk

untuk meninggalkan komentar

Baca Berikutnya

Semester Gasal Dimulai, Dekan FEBI IAIN Parepare Paparkan Peta Akademik 2.456 Mahasiswa",https://ppid.iainpare.ac.id/web/image/9153-426f4a8e/700x0/gedung-rektorat.png
https://www.iainpare.ac.id/blog/berita-1/pascasarjana-iain-parepare-bekali-mahasiswa-s2-dan-s3-melalui-matrikulasi-6545,Pascasarjana IAIN Parepare Bekali Mahasiswa S2 dan S3 melalui Matrikulasi,"24 Agustus, 2026","Pascasarjana IAIN Parepare Bekali Mahasiswa S2 dan S3 melalui Matrikulasi

24 Agustus, 2026

oleh

Humas IAIN Parepare

Humas IAIN Parepare - Pascasarjana Institut Agama Islam Negeri (IAIN) Parepare menggelar matrikulasi bagi mahasiswa baru Program Magister (S2) dan Doktor (S3), pada hari Senin, 24 Agustus 2026. Kegiatan yang berlangsung selama tiga hari, yakni 24, 26, dan 27 Agustus 2026, tersebut menjadi bagian dari upaya mengenalkan lingkungan akademik sekaligus memperkuat kesiapan mahasiswa dalam menjalani studi di tingkat pascasarjana. Salah satu fokus utama rangkaian kegiatan ialah peningkatan kapasitas publikasi ilmiah.

Kegiatan dibuka secara resmi oleh Direktur Pascasarjana IAIN Parepare, Prof. Dr. Rahmawati, S.Ag., M.Ag., bersama Rektor IAIN Parepare, Prof. Dr. Hj. Darmawati, S.Ag., M.Pd. Dalam sambutannya, Prof. Dr. Hj. Darmawati menekankan bahwa matrikulasi merupakan jembatan intelektual yang membantu mahasiswa mengubah cara berpikir, menyamakan persepsi, sekaligus mengenal tradisi keilmuan di lingkungan Pascasarjana.

Rektor mengingatkan mahasiswa baru S2 dan S3 agar tidak lagi sekadar belajar untuk mengetahui, tetapi belajar untuk menemukan melalui kedalaman analisis, integritas akademik, dan keberanian melahirkan gagasan baru yang solutif bagi masyarakat. Menurutnya, tingginya jenjang pendidikan harus diimbangi dengan adab dan kerendahan hati. Mahasiswa juga didorong untuk bertransformasi dari konsumen ilmu menjadi produsen ilmu dengan menjadikan membaca sebagai kebutuhan, penelitian sebagai kebiasaan, dan menulis sebagai tradisi.

Sebelumnya

Berikutnya

Sesi materi diawali oleh Wakil Rektor I IAIN Parepare, Dr. Zulfah, S.Pd., M.Pd., yang membawakan materi tentang pengenalan budaya akademik. Dalam pemaparannya, Dr. Zulfah menekankan pentingnya pemahaman terhadap fondasi, regulasi, dan norma akademik yang berlaku di lingkungan Pascasarjana IAIN Parepare.

Ia mendorong mahasiswa baru untuk mentransformasi pola pikir menjadi peneliti yang kritis, mandiri, dan berintegritas. Keberhasilan studi pada jenjang magister dan doktor, menurutnya, sangat ditentukan oleh kedisiplinan dalam mengikuti pedoman tata kelola akademik serta keterlibatan aktif dalam atmosfer ilmiah kampus.

Materi berikutnya disampaikan oleh Wakil Rektor II, Dr. Nurhikmah, M.Sos.I., yang membahas sistem keuangan perguruan tinggi. Selain menjelaskan kerangka hukum serta mekanisme pengelolaan DIPA dan BLU, Warek II menyoroti skema pembayaran biaya ujian yang saat ini ditagihkan sekaligus. Skema tersebut dinilai cukup membebani mahasiswa, khususnya mahasiswa Program Doktor.

Sebagai langkah solutif, pihak rektorat berkomitmen untuk mendiskusikan opsi pembayaran secara bertahap agar beban mahasiswa dapat diringankan. Dr. Nurhikmah juga menekankan pentingnya etika dalam transaksi keuangan, termasuk memastikan setiap pembayaran dilakukan melalui kanal resmi dan menghindari penggunaan rekening pribadi.

Sesi terakhir pada hari pertama diisi oleh Wakil Rektor III, Dr. Kaharuddin, S.Ag., M.Pd.I., dengan materi “Penguatan Karakter Mahasiswa Pascasarjana melalui Pembinaan Kemahasiswaan dan Jaringan Kerja Sama IAIN Parepare.” Dalam pemaparannya, Dr. Kaharuddin menegaskan bahwa pendidikan pascasarjana bukan sekadar upaya memperoleh gelar, melainkan ruang untuk membangun gagasan, integritas, dan kontribusi.

Ia menguraikan lima karakter utama yang perlu dimiliki mahasiswa pascasarjana, yaitu keunggulan akademik, integritas, kepemimpinan, tanggung jawab sosial, dan kemampuan membangun jejaring kerja sama. Mahasiswa juga diingatkan untuk menjaga etika dalam membangun relasi, merawat kepercayaan, serta mengelola reputasi digital secara bijak.

Rangkaian matrikulasi pada hari berikutnya akan difokuskan pada pendampingan publikasi ilmiah guna memastikan mahasiswa S2 dan S3 memiliki kesiapan dalam memenuhi standar luaran riset yang bereputasi. Pendampingan tersebut mencakup metodologi penulisan artikel ilmiah, strategi publikasi pada jurnal terindeks, serta pemahaman mengenai etika publikasi dan tata kelola karya ilmiah.

Melalui rangkaian matrikulasi tersebut, Pascasarjana IAIN Parepare berupaya memastikan mahasiswa baru tidak hanya mampu menyelesaikan studi secara tepat waktu, tetapi juga menghasilkan karya akademik yang berkualitas, berdaya saing, dan memberikan kontribusi nyata bagi pengembangan ilmu pengetahuan serta kemajuan masyarakat.

Kontributor: Ardiansyah

Editor : Sri Rahayu Andira

di dalam

Berita

Humas IAIN Parepare

24 Agustus 2026

blog kami

Riset

Opini

Kerja sama

Zona Integitasme

Berita

Pengumuman

Podcast

Media Highlights

Kisah Inspiratif

Essai

Arsip

Semua tanggal

Desember

2013

2014

Juni

2014

Desember

2015

Januari

2016

Februari

2016

Maret

2016

April

2016

2016

Juni

2016

Juli

2016

Agustus

2016

September

2016

Oktober

2016

November

2016

Desember

2016

Januari

2017

Februari

2017

Maret

2017

April

2017

2017

Juni

2017

Juli

2017

Agustus

2017

Oktober

2017

November

2017

Desember

2017

Januari

2018

Februari

2018

Maret

2018

April

2018

2018

Juni

2018

Juli

2018

Agustus

2018

September

2018

Oktober

2018

November

2018

Desember

2018

Januari

2019

Februari

2019

Maret

2019

April

2019

2019

Juli

2019

Januari

2020

Februari

2020

Maret

2020

April

2020

2020

September

2020

Oktober

2020

November

2020

Desember

2020

Januari

2021

Februari

2021

Maret

2021

April

2021

2021

Juni

2021

Juli

2021

Agustus

2021

September

2021

Oktober

2021

November

2021

Desember

2021

Januari

2022

Februari

2022

Maret

2022

April

2022

2022

Juni

2022

Juli

2022

Agustus

2022

September

2022

Oktober

2022

November

2022

Desember

2022

Januari

2023

Februari

2023

Maret

2023

April

2023

2023

Juni

2023

Juli

2023

Agustus

2023

September

2023

Oktober

2023

November

2023

Desember

2023

Januari

2024

Februari

2024

Maret

2024

April

2024

2024

Juni

2024

Juli

2024

Agustus

2024

September

2024

Oktober

2024

November

2024

Desember

2024

Januari

2025

Februari

2025

Maret

2025

April

2025

2025

Juni

2025

Juli

2025

Agustus

2025

September

2025

Oktober

2025

November

2025

Desember

2025

Januari

2026

Februari

2026

Maret

2026

April

2026

2026

Juni

2026

Juli

2026

Agustus

2026

September

2026

Oktober

2026

Masuk

untuk meninggalkan komentar

Baca Berikutnya

Jelang Semester Ganjil, Rektor IAIN Parepare Bedah Masalah Akademik dan Dorong Solusi Nyata",https://ppid.iainpare.ac.id/web/image/9153-426f4a8e/700x0/gedung-rektorat.png
https://www.iainpare.ac.id/blog/berita-1/pbak-2026-resmi-dibuka-rektor-iain-parepare-ajak-1-031-maba-menjadi-generasi-berkarakter-6547,"PBAK 2026 Resmi Dibuka, Rektor IAIN Parepare Ajak 1.031 Maba Menjadi Generasi Berkarakter","25 Agustus, 2026","PBAK 2026 Resmi Dibuka, Rektor IAIN Parepare Ajak 1.031 Maba Menjadi Generasi Berkarakter

25 Agustus, 2026

oleh

Humas IAIN Parepare

Humas IAIN Parepare- Sebanyak 1.031 mahasiswa baru secara resmi memulai perjalanan akademik mereka di Institut Agama Islam Negeri (IAIN) Parepare melalui pembukaan Pengenalan Budaya Akademik dan Kemahasiswaan (PBAK) 2026 yang digelar di Auditorium, Selasa (25/8/2026). Mengusung tema ""Akulturasi Budaya dan Ekoteologi Menuju Mahasiswa Berkarakter Unggul"", kegiatan ini dihadiri oleh Rektor beserta jajaran pimpinan, pengurus DEMA dan SEMA Institut, instruktur panitia, serta seluruh mahasiswa baru.

Mengawali rangkaian agenda, Wakil Rektor Bidang Kemahasiswaan dan Kerja Sama, Kaharuddin, melaporkan bahwa PBAK 2026 merupakan amanah rutin dari Direktorat Jenderal Pendidikan Islam Kementerian Agama yang dijadwalkan berlangsung selama empat hari, yakni 25 hingga 28 Agustus 2026. Dari total 1.031 peserta, sebarannya meliputi Fakultas Tarbiyah sebanyak 314 orang, Fakultas Ekonomi dan Bisnis Islam (FEBI) 383 orang, Fakultas Ushuluddin, Adab, dan Dakwah (FUAD) 179 orang, Fakultas Syariah dan Hukum Islam (Fakshi) 155 orang, serta satu peserta susulan dari angkatan 2024.

Melalui

laporan tersebut, Dr. Kaharuddin juga menegaskan pesan penting di balik tema

yang diusung pada PBAK kali ini. ""Sesuai tema yang kita angkat, kami

berharap mahasiswa baru memiliki pemahaman dan sikap yang mampu memadukan

keragaman budaya dengan nilai-nilai Islam, serta tumbuh menjadi pribadi yang

peduli terhadap lingkungan,"" Ujarnya.

PBAK 2026 dibuka secara resmi oleh Rektor IAIN Parepare, Prof. Hj. Darmawati. Dalam sambutannya, Ia menekankan bahwa para mahasiswa baru tidak sekadar memasuki perguruan tinggi, melainkan melangkah ke dalam sebuah ruang peradaban. ""Kampus bukan tempat untuk mengejar nilai akademik semata, melainkan wadah untuk membentuk manusia yang utuh, berilmu, beradab, memiliki akhlakul karimah, serta peka terhadap dinamika kehidupan sosial,"" ungkap Rektor di hadapan ribuan mahasiswa baru.

Lebih lanjut, Rektor menguraikan makna mendalam di balik tema PBAK tahun ini. Mahasiswa IAIN Parepare diimbau untuk mampu berdiri di ""dua dunia"", yaitu menghargai akar budaya tanpa terbelenggu masa lalu, sekaligus terbuka pada kemajuan zaman tanpa kehilangan identitas keislaman. Keberagaman latar belakang suku, bahasa, dan tradisi di antara peserta PBAK diminta tidak dijadikan sebagai tembok pemisah, melainkan sebagai perekat kebersamaan dalam ruang dialog yang konstruktif.

Terkait konsep ekoteologi, Prof. Darmawati mengingatkan bahwa hubungan manusia dengan alam bukan sebatas eksplorasi material, melainkan bentuk amanah keagamaan. ""Saya mengajak para mahasiswa menjaga kelestarian lingkungan kampus melalui tindakan konkret, seperti tidak membuang sampah sembarangan, menghemat energi dan air, hingga menanam serta merawat pohon,"" tegas Rektor.

Sebagai bekal menjalani kehidupan kampus, Rektor menyampaikan lima pesan utama kepada mahasiswa baru: menjaga adab sebelum mengejar prestasi, tidak takut bertanya namun rajin membaca, menggunakan kebebasan akademik secara kritis dan bertanggung jawab, merawat lingkungan, serta senantiasa mengingat perjuangan dan doa orang tua. Mengutip pandangan Imam Syafi'i dan Buya Hamka, Prof. Darmawati mengingatkan agar ilmu yang diperoleh senantiasa memberi manfaat nyata dan perkuliahan dijalani dengan penuh makna.

Pembukaan PBAK ditandai secara simbolis melalui penabuhan gendang oleh Rektor yang didampingi para Wakil Rektor, Ketua Senat, dan Ketua Panitia, dilanjutkan dengan penyematan atribut PBAK kepada perwakilan mahasiswa baru. Acara bertepatan dengan momentum peringatan Maulid Nabi Muhammad SAW ini semakin semarak dengan pertunjukan Tari Nusantara yang dibawakan oleh Aliansi Seni Mahasiswa IAIN Parepare dalam balutan pakaian adat berbagai daerah, sebelum akhirnya ditutup secara khidmat melalui doa bersama yang dipimpin oleh Ustadz Hasanuddin.

Penulis : Irmawati

Editor: Mifda Hilmiyah

di dalam

Berita

Humas IAIN Parepare

25 Agustus 2026

blog kami

Riset

Opini

Kerja sama

Zona Integitasme

Berita

Pengumuman

Podcast

Media Highlights

Kisah Inspiratif

Essai

Arsip

Semua tanggal

Desember

2013

2014

Juni

2014

Desember

2015

Januari

2016

Februari

2016

Maret

2016

April

2016

2016

Juni

2016

Juli

2016

Agustus

2016

September

2016

Oktober

2016

November

2016

Desember

2016

Januari

2017

Februari

2017

Maret

2017

April

2017

2017

Juni

2017

Juli

2017

Agustus

2017

Oktober

2017

November

2017

Desember

2017

Januari

2018

Februari

2018

Maret

2018

April

2018

2018

Juni

2018

Juli

2018

Agustus

2018

September

2018

Oktober

2018

November

2018

Desember

2018

Januari

2019

Februari

2019

Maret

2019

April

2019

2019

Juli

2019

Januari

2020

Februari

2020

Maret

2020

April

2020

2020

September

2020

Oktober

2020

November

2020

Desember

2020

Januari

2021

Februari

2021

Maret

2021

April

2021

2021

Juni

2021

Juli

2021

Agustus

2021

September

2021

Oktober

2021

November

2021

Desember

2021

Januari

2022

Februari

2022

Maret

2022

April

2022

2022

Juni

2022

Juli

2022

Agustus

2022

September

2022

Oktober

2022

November

2022

Desember

2022

Januari

2023

Februari

2023

Maret

2023

April

2023

2023

Juni

2023

Juli

2023

Agustus

2023

September

2023

Oktober

2023

November

2023

Desember

2023

Januari

2024

Februari

2024

Maret

2024

April

2024

2024

Juni

2024

Juli

2024

Agustus

2024

September

2024

Oktober

2024

November

2024

Desember

2024

Januari

2025

Februari

2025

Maret

2025

April

2025

2025

Juni

2025

Juli

2025

Agustus

2025

September

2025

Oktober

2025

November

2025

Desember

2025

Januari

2026

Februari

2026

Maret

2026

April

2026

2026

Juni

2026

Juli

2026

Agustus

2026

September

2026

Oktober

2026

Masuk

untuk meninggalkan komentar

Baca Berikutnya

Tujuh DTPS Tadris IPS Raih Sertifikasi Profesional Peneliti Bertaraf Internasional",https://ppid.iainpare.ac.id/web/image/9153-426f4a8e/700x0/gedung-rektorat.png
https://www.iainpare.ac.id/blog/berita-1/wisuda-146-magister-rektor-iain-parepare-tekankan-alumni-harus-jadi-value-creator-6529,"Wisuda 146 Magister, Rektor IAIN Parepare Tekankan Alumni Harus Jadi Value Creator","22 Agustus, 2026","Wisuda 146 Magister, Rektor IAIN Parepare Tekankan Alumni Harus Jadi Value Creator

22 Agustus, 2026

oleh

Humas IAIN Parepare

Humas IAIN Parepare – Program Pascasarjana Institut Agama Islam Negeri (IAIN) Parepare mengukuhkan 146 lulusan magister pada Sidang Senat Terbuka Wisuda Program Sarjana dan Magister Sesi II yang digelar di Auditorium IAIN Parepare, Sabtu (22/8/2026).

Pelaksanaan wisuda Pascasarjana kali ini dilaksanakan bersamaan dengan Fakultas Ekonomi dan Bisnis Islam (FEBI) yang mengukuhkan 276 wisudawan. Dengan demikian, total lulusan yang dikukuhkan pada prosesi tersebut mencapai 422 orang.

Prosesi wisuda secara resmi dibuka oleh Ketua Senat IAIN Parepare, Dr. Zainal Said, M.H. Dalam amanatnya, Rektor IAIN Parepare, Prof. Dr. Hj. Darmawati, S.Ag., M.Pd., menyampaikan pesan tegas kepada para lulusan magister agar tidak berhenti pada pencapaian akademik maupun sekadar mengandalkan ijazah untuk mencari pekerjaan.

Rektor mendorong para lulusan Pascasarjana IAIN Parepare yang merupakan kampus berakreditasi Unggul untuk memiliki ketangguhan, keberanian, dan kreativitas dalam menciptakan peluang serta membuka jalan keberhasilan secara mandiri.

«“Pesan saya, jangan hanya menjadi pencari kerja (job seeker), tetapi jadilah pencipta nilai dan pembuat peluang (value creator dan job creator). Jika pintu kesempatan belum terbuka, jangan hanya berdiri di depan pintu yang terkunci. Buatlah pintu baru melalui inovasi, kewirausahaan, karya digital, dan kolaborasi,” tegas Prof. Darmawati.»

Selain mendorong semangat kewirausahaan dan inovasi, Rektor mengingatkan para alumni agar tetap memegang teguh falsafah kebudayaan Bugis Taro Ada Taro Gau, yakni keselarasan antara perkataan dan perbuatan. Prinsip tersebut, menurutnya, sejalan dengan konsep peradaban ‘Umran yang dikembangkan Ibnu Khaldun, bahwa ilmu harus diwujudkan dalam tindakan nyata yang memberikan manfaat bagi masyarakat.

Rektor juga menekankan pentingnya peran alumni sebagai pelopor moderasi beragama (wasathiyah) yang menghadirkan kedamaian di tengah masyarakat. Di penghujung pesannya, ia mengingatkan para wisudawan untuk tidak melupakan jasa orang tua dengan bersimpuh dan memohon doa serta restu setelah prosesi wisuda sebagai bentuk penghormatan atas doa, dukungan, dan pengorbanan yang telah diberikan.

Pada periode wisuda kali ini, sebanyak 146 lulusan Pascasarjana berasal dari enam program studi magister. Program Studi Hukum Keluarga Islam (HKI) menjadi penyumbang lulusan terbanyak dengan 58 orang, disusul Pendidikan Agama Islam (PAI) sebanyak 27 orang, Ekonomi Syariah (ES) 25 orang, Tadris Bahasa Inggris (TBI) 18 orang, Komunikasi dan Penyiaran Islam (KPI) 11 orang, serta Pendidikan Bahasa Arab (PBA) sebanyak 7 orang.

Suasana auditorium sempat mencair dan disambut tepuk tangan riuh para hadirin ketika Wakil Direktur Pascasarjana IAIN Parepare, Prof. Dr. Fikri, S.Ag., M.H.I., menyampaikan pantun segar dan penuh makna sebelum membacakan naskah konsideran kelulusan.

Pada kesempatan tersebut, Pascasarjana IAIN Parepare juga mengumumkan wisudawan terbaik tingkat magister. Predikat tersebut diraih oleh Ahdiatul Badirah, S.H., M.H., lulusan Program Studi Magister Hukum Keluarga Islam (HKI). Ia berhasil menyelesaikan studi dengan Indeks Prestasi Kumulatif (IPK) 3,96 dan meraih predikat Dengan Pujian (Cumlaude).

Penulis: Ardi

Editor: Suherman

di dalam

Berita

Humas IAIN Parepare

22 Agustus 2026

blog kami

Riset

Opini

Kerja sama

Zona Integitasme

Berita

Pengumuman

Podcast

Media Highlights

Kisah Inspiratif

Essai

Arsip

Semua tanggal

Desember

2013

2014

Juni

2014

Desember

2015

Januari

2016

Februari

2016

Maret

2016

April

2016

2016

Juni

2016

Juli

2016

Agustus

2016

September

2016

Oktober

2016

November

2016

Desember

2016

Januari

2017

Februari

2017

Maret

2017

April

2017

2017

Juni

2017

Juli

2017

Agustus

2017

Oktober

2017

November

2017

Desember

2017

Januari

2018

Februari

2018

Maret

2018

April

2018

2018

Juni

2018

Juli

2018

Agustus

2018

September

2018

Oktober

2018

November

2018

Desember

2018

Januari

2019

Februari

2019

Maret

2019

April

2019

2019

Juli

2019

Januari

2020

Februari

2020

Maret

2020

April

2020

2020

September

2020

Oktober

2020

November

2020

Desember

2020

Januari

2021

Februari

2021

Maret

2021

April

2021

2021

Juni

2021

Juli

2021

Agustus

2021

September

2021

Oktober

2021

November

2021

Desember

2021

Januari

2022

Februari

2022

Maret

2022

April

2022

2022

Juni

2022

Juli

2022

Agustus

2022

September

2022

Oktober

2022

November

2022

Desember

2022

Januari

2023

Februari

2023

Maret

2023

April

2023

2023

Juni

2023

Juli

2023

Agustus

2023

September

2023

Oktober

2023

November

2023

Desember

2023

Januari

2024

Februari

2024

Maret

2024

April

2024

2024

Juni

2024

Juli

2024

Agustus

2024

September

2024

Oktober

2024

November

2024

Desember

2024

Januari

2025

Februari

2025

Maret

2025

April

2025

2025

Juni

2025

Juli

2025

Agustus

2025

September

2025

Oktober

2025

November

2025

Desember

2025

Januari

2026

Februari

2026

Maret

2026

April

2026

2026

Juni

2026

Juli

2026

Agustus

2026

September

2026

Oktober

2026

Masuk

untuk meninggalkan komentar

Baca Berikutnya

Selesaikan S2 1 Tahun 9 Bulan dengan IPK 3,90, Subhan Idris Puji Layanan Akademik IAIN Parepare",https://ppid.iainpare.ac.id/web/image/9153-426f4a8e/700x0/gedung-rektorat.png
https://www.iainpare.ac.id/blog/berita-1/di-tengah-ujian-keluarga-ahdiatul-badirah-raih-wisudawan-terbaik-pascasarjana-iain-parepare-6532,"Di Tengah Ujian Keluarga, Ahdiatul Badirah Raih Wisudawan Terbaik Pascasarjana IAIN Parepare","22 Agustus, 2026","Di Tengah Ujian Keluarga, Ahdiatul Badirah Raih Wisudawan Terbaik Pascasarjana IAIN Parepare

22 Agustus, 2026

oleh

Humas IAIN Parepare

Humas IAIN Parepare

- Di tengah perjuangan menyelesaikan tesis dan ujian keluarga saat sang ayah jatuh sakit, Ahdiatul Badirah memilih untuk tidak berhenti. Ia bertahan, menuntaskan janji kepada diri sendiri, dan menutup perjalanan magisternya sebagai Wisudawan Terbaik Pascasarjana dengan IPK 3,96.

Kisah perjuangan Ahdiatul tersebut mengemuka dalam Wisuda Sarjana dan Magister Tahap II IAIN Parepare Tahun 2026 Sesi 2 yang berlangsung di Auditorium IAIN Parepare, Sabtu, 22 Agustus 2026.

Ahdiatul merupakan wisudawati Program Studi Hukum Keluarga Islam Pascasarjana IAIN Parepare asal Kabupaten Sidrap. Ia berhasil menyelesaikan pendidikan magister dalam waktu 1 tahun 10 bulan 14 hari. Perjalanan menuju predikat wisudawan terbaik tidak ditempuh tanpa tantangan. Sejak awal memasuki pendidikan magister, Ahdiatul harus beradaptasi dengan tuntutan akademik yang lebih tinggi.

Ia dituntut untuk berpikir lebih kritis, sekaligus menyesuaikan diri dengan lingkungan perkuliahan yang mempertemukannya dengan mahasiswa dari rentang usia yang cukup beragam. Tantangan semakin terasa ketika memasuki tahap penyusunan tesis. Pada masa tersebut, perhatian Ahdiatul harus terbagi karena sang ayah mengalami sakit.

“Fokus tesis saya sempat terganggu ketika ayah sakit. Itu menjadi salah satu masa yang cukup berat, tetapi saya tetap berusaha menjalani semuanya dan menyelesaikan apa yang sudah saya mulai,” ujar Ahdiatul.

Situasi tersebut sempat membuat proses penyelesaian tesis menjadi lebih berat. Namun, ia memilih untuk tetap tenang dan konsisten menjalani setiap tahapan yang harus dilalui. Menurutnya, menyelesaikan pendidikan bukan sekadar memperoleh gelar, melainkan juga bentuk tanggung jawab terhadap proses yang telah dimulai sejak awal.

“Yang membuat saya tetap bangun dan berjuang setiap hari adalah proses yang memang harus dituntaskan. Saya belajar untuk tetap konsisten dan tidak membiarkan rasa lelah membuat saya berhenti di tengah jalan,” tuturnya.

Di balik perjuangan tersebut, orang tua menjadi sumber kekuatan terbesar bagi Ahdiatul, terutama sang ayah. Doa, kasih sayang, dan kepercayaan yang diberikan keluarga menjadi alasan baginya untuk terus melangkah. Kepercayaan tersebut pula yang membuat pencapaian pada hari wisuda terasa begitu bermakna. Predikat wisudawan terbaik menjadi persembahan atas dukungan keluarga yang selama ini tidak pernah berhenti mengiringi perjalanan pendidikannya.

“Terima kasih sudah membesarkan saya dengan penuh cinta dan percaya kepada saya, bahkan lebih dari saya percaya kepada diri sendiri. Apa yang saya capai hari ini tidak lepas dari doa dan kepercayaan orang tua, terutama ayah,” ungkapnya.

Bagi Ahdiatul, toga yang dikenakan dalam prosesi wisuda juga memiliki makna yang mendalam. Toga bukan hanya simbol kelulusan, tetapi menjadi bukti bahwa ia berhasil menepati janji kepada diri sendiri dan kepada orang-orang yang sejak awal memberikan kepercayaan.

Kini, di balik toga yang dikenakan, tersimpan perjalanan seorang perempuan asal Sidrap yang memilih bertahan ketika keadaan tidak selalu berpihak. Baginya, keberhasilan bukan tentang tidak pernah merasa lelah atau menghadapi keraguan, tetapi tentang keberanian untuk tetap melanjutkan langkah.

“Tidak apa-apa kalau kita merasa lelah. Yang penting tetap bertahan. Percayalah, selalu ada keajaiban bagi mereka yang mau terus berjuang dan tidak menyerah pada proses,” pungkasnya.

Kisah Ahdiatul Badirah menjadi salah satu cerita inspiratif yang mewarnai Wisuda Sarjana dan Magister Tahap II IAIN Parepare Tahun 2026 Sesi 2. Sebuah kisah tentang konsistensi, keluarga, ketenangan, dan keberanian untuk menuntaskan apa yang telah dimulai.

Penulis : Nur Aeni K

Editor   : Sri Rahayu

di dalam

Berita

Humas IAIN Parepare

22 Agustus 2026

blog kami

Riset

Opini

Kerja sama

Zona Integitasme

Berita

Pengumuman

Podcast

Media Highlights

Kisah Inspiratif

Essai

Arsip

Semua tanggal

Desember

2013

2014

Juni

2014

Desember

2015

Januari

2016

Februari

2016

Maret

2016

April

2016

2016

Juni

2016

Juli

2016

Agustus

2016

September

2016

Oktober

2016

November

2016

Desember

2016

Januari

2017

Februari

2017

Maret

2017

April

2017

2017

Juni

2017

Juli

2017

Agustus

2017

Oktober

2017

November

2017

Desember

2017

Januari

2018

Februari

2018

Maret

2018

April

2018

2018

Juni

2018

Juli

2018

Agustus

2018

September

2018

Oktober

2018

November

2018

Desember

2018

Januari

2019

Februari

2019

Maret

2019

April

2019

2019

Juli

2019

Januari

2020

Februari

2020

Maret

2020

April

2020

2020

September

2020

Oktober

2020

November

2020

Desember

2020

Januari

2021

Februari

2021

Maret

2021

April

2021

2021

Juni

2021

Juli

2021

Agustus

2021

September

2021

Oktober

2021

November

2021

Desember

2021

Januari

2022

Februari

2022

Maret

2022

April

2022

2022

Juni

2022

Juli

2022

Agustus

2022

September

2022

Oktober

2022

November

2022

Desember

2022

Januari

2023

Februari

2023

Maret

2023

April

2023

2023

Juni

2023

Juli

2023

Agustus

2023

September

2023

Oktober

2023

November

2023

Desember

2023

Januari

2024

Februari

2024

Maret

2024

April

2024

2024

Juni

2024

Juli

2024

Agustus

2024

September

2024

Oktober

2024

November

2024

Desember

2024

Januari

2025

Februari

2025

Maret

2025

April

2025

2025

Juni

2025

Juli

2025

Agustus

2025

September

2025

Oktober

2025

November

2025

Desember

2025

Januari

2026

Februari

2026

Maret

2026

April

2026

2026

Juni

2026

Juli

2026

Agustus

2026

September

2026

Oktober

2026

Masuk

untuk meninggalkan komentar

Baca Berikutnya

Dari Hampir Putus Kuliah hingga Wisudawan Inspiratif, Muh. Yusuf Tak Menyerah",https://ppid.iainpare.ac.id/web/image/9153-426f4a8e/700x0/gedung-rektorat.png
https://www.iainpare.ac.id/blog/berita-1/kebanggaan-fakultas-syariah-fahruddin-ungkap-harga-mahal-dan-ritual-unik-di-balik-gelar-wisudawan-terbaik-6517,Kebanggaan Fakultas Syariah! Fahruddin Ungkap “Harga Mahal” dan Ritual Unik di Balik Gelar Wisudawan Terbaik,"21 Agustus, 2026","Kebanggaan Fakultas Syariah! Fahruddin Ungkap “Harga Mahal” dan Ritual Unik di Balik Gelar Wisudawan Terbaik

21 Agustus, 2026

oleh

Humas IAIN Parepare

Humas IAIN Parepare

- Perjalanan menempuh pendidikan tinggi bukanlah jalan yang selalu mulus. Di balik jubah wisuda dan senyuman kebanggaan, tersimpan cerita tentang keringat, air mata, serta pengorbanan yang tak terlihat. Kisah tersebut nyata dialami Fahruddin, pemuda asal Desa Batetangnga, Kecamatan Binuang, Kabupaten Polewali Mandar, Sulawesi Barat, yang dinobatkan sebagai Wisudawan Terbaik IAIN Parepare Tahun 2026.

Lahir di Kanang pada 20 Agustus 2000 dari pasangan Mursalim dan Tahira Wati, Fahruddin sukses merampungkan studi pada Program Studi Hukum Keluarga Islam (HKI), Fakultas Syariah dan Ilmu Hukum Islam (Fakshi), hanya dalam waktu 3 tahun, 9 bulan, dan 17 hari dengan pencapaian akademik gemilang, yakni IPK sempurna 4,00.

Keberhasilan tersebut menjadi bagian dari kemeriahan Prosesi Wisuda Sarjana dan Magister Tahap II Tahun 2026 yang digelar Institut Agama Islam Negeri (IAIN) Parepare dalam dua sesi. Sesi pertama berlangsung di Auditorium IAIN Parepare pada Kamis, 20 Agustus 2026, yang diikuti lulusan Fakultas Tarbiyah, Fakultas Syariah dan Ilmu Hukum Islam (Fakshi), serta Fakultas Ushuluddin, Adab, dan Dakwah (FUAD).

Menjadi yang terbaik tentu bukanlah sesuatu yang diraih secara instan. Fahruddin mengungkapkan, masa paling berat selama kuliah adalah ketika harus menghadapi akumulasi kelelahan fisik, tekanan akademik, kerinduan mendalam kepada keluarga, serta kewajiban membagi waktu antara tugas kuliah dan tanggung jawabnya di Ma’had Al-Jami’ah.

“Ada masa ketika saya merasa ingin berhenti sejenak. Tetapi, setiap kali rasa lelah itu datang, saya kembali mengingat tujuan awal saya kuliah dan harapan orang tua. Lelah boleh, tetapi menyerah bukan pilihan,” kenang Fahruddin penuh keteguhan.

Harga terbesar yang harus ia bayar demi meraih gelar tersebut adalah waktu, kenyamanan, dan kesempatan menikmati masa muda seperti orang seusianya. Namun, ia membuktikan bahwa pengorbanan tersebut terbayar melalui kedisiplinan, doa, serta konsistensi dalam menjalankan hal-hal kecil.

Sebagai “ritual” penunjang prestasi, Fahruddin memiliki kebiasaan unik, yakni selalu mengajarkan kembali materi perkuliahan yang diperolehnya kepada para mahasantri. Ia juga membiasakan diri membuat target-target kecil, menyelesaikan tanggung jawab sedini mungkin, serta melakukan evaluasi diri secara berkala.

Ia menyadari bahwa pencapaian tersebut tidak diraih seorang diri. Fahruddin menyampaikan rasa terima kasih yang mendalam kepada para dosen pembimbing dan mentornya, yakni Dr. M. Ali Rusdi Bedong,

S.Th

.I., M.H.I., Dr. Budiman,

S.Ag

., M.H.I., dan Dr. Aris, M.H.I., serta rekan-rekan seangkatannya di kelas HKI-C.

Kepada kedua orang tuanya, ia mempersembahkan pencapaian istimewa tersebut dengan penuh rasa haru.

“Terima kasih karena telah mempercayai saya ketika saya sendiri pernah meragukan kemampuan saya. Gelar ini bukan hanya milik saya, tetapi juga milik Bapak, Ibu, dan semua orang yang telah mendoakan,” ungkapnya.

Bagi Fahruddin, satu kata yang paling mewakili perjalanan kuliahnya adalah perjuangan. Setelah menanggalkan status sebagai mahasiswa IAIN Parepare, ia berencana melanjutkan pendidikan ke jenjang yang lebih tinggi serta mengabdikan ilmu Hukum Keluarga Islam agar benar-benar memberikan manfaat bagi masyarakat luas.

di dalam

Berita

Humas IAIN Parepare

21 Agustus 2026

blog kami

Riset

Opini

Kerja sama

Zona Integitasme

Berita

Pengumuman

Podcast

Media Highlights

Kisah Inspiratif

Essai

Arsip

Semua tanggal

Desember

2013

2014

Juni

2014

Desember

2015

Januari

2016

Februari

2016

Maret

2016

April

2016

2016

Juni

2016

Juli

2016

Agustus

2016

September

2016

Oktober

2016

November

2016

Desember

2016

Januari

2017

Februari

2017

Maret

2017

April

2017

2017

Juni

2017

Juli

2017

Agustus

2017

Oktober

2017

November

2017

Desember

2017

Januari

2018

Februari

2018

Maret

2018

April

2018

2018

Juni

2018

Juli

2018

Agustus

2018

September

2018

Oktober

2018

November

2018

Desember

2018

Januari

2019

Februari

2019

Maret

2019

April

2019

2019

Juli

2019

Januari

2020

Februari

2020

Maret

2020

April

2020

2020

September

2020

Oktober

2020

November

2020

Desember

2020

Januari

2021

Februari

2021

Maret

2021

April

2021

2021

Juni

2021

Juli

2021

Agustus

2021

September

2021

Oktober

2021

November

2021

Desember

2021

Januari

2022

Februari

2022

Maret

2022

April

2022

2022

Juni

2022

Juli

2022

Agustus

2022

September

2022

Oktober

2022

November

2022

Desember

2022

Januari

2023

Februari

2023

Maret

2023

April

2023

2023

Juni

2023

Juli

2023

Agustus

2023

September

2023

Oktober

2023

November

2023

Desember

2023

Januari

2024

Februari

2024

Maret

2024

April

2024

2024

Juni

2024

Juli

2024

Agustus

2024

September

2024

Oktober

2024

November

2024

Desember

2024

Januari

2025

Februari

2025

Maret

2025

April

2025

2025

Juni

2025

Juli

2025

Agustus

2025

September

2025

Oktober

2025

November

2025

Desember

2025

Januari

2026

Februari

2026

Maret

2026

April

2026

2026

Juni

2026

Juli

2026

Agustus

2026

September

2026

Oktober

2026

Masuk

untuk meninggalkan komentar

Baca Berikutnya",https://ppid.iainpare.ac.id/web/image/9153-426f4a8e/700x0/gedung-rektorat.png
https://www.iainpare.ac.id/blog/berita-1/iain-parepare-gelar-wisuda-tahap-ii-rektor-ingatkan-tanggung-jawab-moral-alumni-6516,IAIN Parepare Gelar Wisuda Tahap II: Rektor Ingatkan Tanggung Jawab Moral Alumni,"21 Agustus, 2026","21 Agustus, 2026

oleh

Humas IAIN Parepare

Humas IAIN Parepare - Institut Agama Islam Negeri (IAIN) Parepare sukses menggelar prosesi Wisuda Sarjana dan Magister Tahap II Tahun 2026 untuk sesi pertama. Berlangsung di Auditorium IAIN Parepare, sidang senat terbuka tersebut diikuti ratusan lulusan dari berbagai fakultas, pada hari Kamis, 20 Agustus 2026.

Rangkaian acara diawali dengan pembukaan resmi oleh Ketua Senat IAIN Parepare dan laporan akademik Wakil Rektor Bidang Akademik dan Pengembangan Lembaga. Acara kemudian dilanjutkan dengan sambutan Rektor IAIN Parepare, Prof. Dr. Hj. Darmawati,

S.Ag

., M.Pd.

Dalam pidatonya, Rektor menyampaikan apresiasi kepada para lulusan yang telah melewati proses panjang dalam menyelesaikan pendidikan, mulai dari penelitian, penulisan skripsi, hingga ujian akhir.

""Selamat kepada para wisudawan atas keberhasilan kalian meraih gelar sarjana setelah berjuang melalui proses penelitian, skripsi, dan ujian,"" ujar Prof. Dr. Hj. Darmawati di hadapan ratusan hadirin.

Lebih lanjut, Rektor menegaskan bahwa momentum wisuda bukanlah garis akhir dari proses belajar, melainkan gerbang awal untuk mengabdikan ilmu di tengah masyarakat. Mengutip pandangan tokoh bangsa Buya Hamka, ia berpesan agar para alumni senantiasa menjadi agen perubahan yang mampu memberikan manfaat bagi lingkungan sekitarnya.

""Wisuda bukanlah akhir dari perjalanan, melainkan perubahan status menjadi individu yang memikul tanggung jawab di masyarakat. Jangan hanya silau oleh gelar, tetapi jadilah pribadi yang memberikan rasa aman, jalan keluar, dan kedamaian bagi orang di sekitarnya,"" pesan Rektor saat mengutip wejangan tersebut.

Selain itu, Rektor memberikan arahan kepada para lulusan agar menjalankan profesi sesuai bidang keahlian masing-masing dengan menjunjung tinggi integritas dan etika. Para lulusan diharapkan mampu menjadi pendidik yang teladan, penegak hukum yang adil, pengusaha yang beretika, hingga birokrat yang bersih dan antikorupsi.

Rektor juga mengajak para wisudawan untuk bersujud syukur serta mengenang pengorbanan dan perjuangan orang tua yang telah mendampingi mereka hingga mencapai titik kelulusan.

Pada prosesi wisuda sesi pertama ini, Fakultas Tarbiyah menjadi fakultas dengan jumlah lulusan terbanyak, yakni 235 wisudawan. Selanjutnya, Fakultas Syariah dan Hukum Islam (Fakshi) melepas 163 wisudawan, sementara Fakultas Ushuluddin, Adab, dan Dakwah (FUAD) mengukuhkan 132 lulusan.

Prosesi wisuda turut dihadiri jajaran pimpinan IAIN Parepare, senat, dosen, tenaga kependidikan, serta keluarga wisudawan. Kehadiran orang tua dan keluarga menjadi bagian penting dalam momentum tersebut sebagai bentuk apresiasi atas perjuangan dan dukungan yang telah diberikan selama para lulusan menempuh pendidikan.

Wisuda Tahap II Tahun 2026 IAIN Parepare dilaksanakan dalam dua sesi. Sesi pertama berlangsung pada Kamis, 20 Agustus 2026, sedangkan sesi kedua dijadwalkan pada Sabtu, 22 Agustus 2026. Secara keseluruhan, Wisuda Tahap II Tahun 2026 diikuti 955 calon wisudawan.

Melalui momentum tersebut, IAIN Parepare tidak hanya melepas para lulusan dengan bekal akademik, tetapi juga menitipkan harapan agar mereka mampu mengimplementasikan ilmu, menjaga integritas, serta memberikan kontribusi nyata bagi masyarakat.

Dengan demikian, gelar akademik yang disandang para wisudawan diharapkan tidak berhenti sebagai pencapaian pribadi, tetapi menjadi amanah untuk terus belajar, berkarya, dan menghadirkan kemaslahatan di tengah masyarakat.

Penulis Nur Aeni K

Editor : Sri Rahayu

di dalam

Berita

Humas IAIN Parepare

21 Agustus 2026

blog kami

Riset

Opini

Kerja sama

Zona Integitasme

Berita

Pengumuman

Podcast

Media Highlights

Kisah Inspiratif

Essai

Arsip

Semua tanggal

Desember

2013

2014

Juni

2014

Desember

2015

Januari

2016

Februari

2016

Maret

2016

April

2016

2016

Juni

2016

Juli

2016

Agustus

2016

September

2016

Oktober

2016

November

2016

Desember

2016

Januari

2017

Februari

2017

Maret

2017

April

2017

2017

Juni

2017

Juli

2017

Agustus

2017

Oktober

2017

November

2017

Desember

2017

Januari

2018

Februari

2018

Maret

2018

April

2018

2018

Juni

2018

Juli

2018

Agustus

2018

September

2018

Oktober

2018

November

2018

Desember

2018

Januari

2019

Februari

2019

Maret

2019

April

2019

2019

Juli

2019

Januari

2020

Februari

2020

Maret

2020

April

2020

2020

September

2020

Oktober

2020

November

2020

Desember

2020

Januari

2021

Februari

2021

Maret

2021

April

2021

2021

Juni

2021

Juli

2021

Agustus

2021

September

2021

Oktober

2021

November

2021

Desember

2021

Januari

2022

Februari

2022

Maret

2022

April

2022

2022

Juni

2022

Juli

2022

Agustus

2022

September

2022

Oktober

2022

November

2022

Desember

2022

Januari

2023

Februari

2023

Maret

2023

April

2023

2023

Juni

2023

Juli

2023

Agustus

2023

September

2023

Oktober

2023

November

2023

Desember

2023

Januari

2024

Februari

2024

Maret

2024

April

2024

2024

Juni

2024

Juli

2024

Agustus

2024

September

2024

Oktober

2024

November

2024

Desember

2024

Januari

2025

Februari

2025

Maret

2025

April

2025

2025

Juni

2025

Juli

2025

Agustus

2025

September

2025

Oktober

2025

November

2025

Desember

2025

Januari

2026

Februari

2026

Maret

2026

April

2026

2026

Juni

2026

Juli

2026

Agustus

2026

September

2026

Oktober

2026

Masuk

untuk meninggalkan komentar

Baca Berikutnya

IPK Nyaris Sempurna, Kiat Nur Asma Jadi Wisudawan Terbaik IAIN Parepare",https://ppid.iainpare.ac.id/web/image/9153-426f4a8e/700x0/gedung-rektorat.png
https://www.iainpare.ac.id/blog/berita-1/lulus-dengan-ipk-sempurna-wisudawan-terbaik-fakultas-tarbiyah-kenang-perjuangan-masa-kuliah-6513,"Lulus dengan IPK Sempurna, Wisudawan Terbaik Fakultas Tarbiyah Kenang Perjuangan Masa Kuliah","21 Agustus, 2026","Lulus dengan IPK Sempurna, Wisudawan Terbaik Fakultas Tarbiyah Kenang Perjuangan Masa Kuliah

21 Agustus, 2026

oleh

Humas IAIN Parepare

Humas IAIN Parepare

- Di antara ratusan wisudawan pada sesi pertama, nama Andi Nurul Hafiza Darwis mencuri perhatian. Mahasiswi Program Studi Pendidikan Agama Islam (PAI), Fakultas Tarbiyah, ini dikukuhkan sebagai wisudawan terbaik setelah berhasil meraih Indeks Prestasi Kumulatif (IPK) sempurna 4,00 dengan masa studi 3 tahun 7 bulan.

Institut Agama Islam Negeri (IAIN) Parepare menggelar Wisuda Sarjana dan Magister Tahap II Tahun 2026 dalam dua sesi. Sesi pertama berlangsung di Auditorium IAIN Parepare pada hari Kamis, 20 Agustus 2026, yang diikuti lulusan dari Fakultas Tarbiyah, Fakultas Syariah dan Ilmu Hukum Islam (Fakshi), serta Fakultas Ushuluddin, Adab, dan Dakwah (FUAD).

Namun, di balik raihan gelar dan predikat wisudawan terbaik tersebut, mahasiswi kelahiran Maroangin, 26 April 2004, asal Kabupaten Enrekang, ini menyimpan kisah perjuangan yang penuh liku.

“Momen paling sesak terjadi saat awal kuliah. Saya harus mengejar ketertinggalan sebagai alumni SMA di Prodi PAI. Ditambah lagi komunikasi dengan orang tua terbatas karena beliau tidak memiliki ponsel, dan saya harus berjalan kaki ke mana-mana karena mengandalkan beasiswa,” ujar Hafiza.

Tantangan fisik dan mental terus menguji dirinya dalam membagi waktu antara perkuliahan dan aktivitas padat di asrama Ma’had Al-Jami’ah. Ujian terberat bahkan dialaminya saat memasuki fase akhir perkuliahan, setelah menuntaskan seminar hasil skripsi.

“Setelah seminar hasil, saya harus menghadapi dinginnya ruang operasi. Di situ saya sempat berpikir, apakah ini akhir jalan hidup saya, padahal saya belum jadi apa-apa yang berarti untuk Mama,” kenang putri almarhum Darwis dan A. St. Syamsinar tersebut.

Untuk menjaga kedisiplinan sekaligus mengelola emosi di tengah keterbatasan fasilitas, Hafiza konsisten menerapkan kebiasaan mencatat rutinitas harian (_journaling_) sejak awal memasuki dunia perkuliahan.

“Bagi saya, kuliah bukan sekadar mengejar angka, melainkan bagaimana kita mengarungi dunia dengan _soft skill_ dan pola pikir yang terbentuk setelah terbentur berkali-kali,” tegasnya.

Setelah resmi menyandang gelar Sarjana Pendidikan (S.Pd.), Hafiza berencana merambah dunia usaha sebagai _business owner_, sembari mempersiapkan diri untuk mendaftar beasiswa dan melanjutkan studi ke jenjang magister.

Bagi Hafiza, IPK sempurna bukanlah akhir dari perjuangan, melainkan buah dari proses panjang yang mengajarkannya tentang ketekunan, keterbatasan, dan keberanian untuk terus melangkah.

Penulis : Nur Aeni K

Editor   : Sri Rahayu

di dalam

Berita

Humas IAIN Parepare

21 Agustus 2026

blog kami

Riset

Opini

Kerja sama

Zona Integitasme

Berita

Pengumuman

Podcast

Media Highlights

Kisah Inspiratif

Essai

Arsip

Semua tanggal

Desember

2013

2014

Juni

2014

Desember

2015

Januari

2016

Februari

2016

Maret

2016

April

2016

2016

Juni

2016

Juli

2016

Agustus

2016

September

2016

Oktober

2016

November

2016

Desember

2016

Januari

2017

Februari

2017

Maret

2017

April

2017

2017

Juni

2017

Juli

2017

Agustus

2017

Oktober

2017

November

2017

Desember

2017

Januari

2018

Februari

2018

Maret

2018

April

2018

2018

Juni

2018

Juli

2018

Agustus

2018

September

2018

Oktober

2018

November

2018

Desember

2018

Januari

2019

Februari

2019

Maret

2019

April

2019

2019

Juli

2019

Januari

2020

Februari

2020

Maret

2020

April

2020

2020

September

2020

Oktober

2020

November

2020

Desember

2020

Januari

2021

Februari

2021

Maret

2021

April

2021

2021

Juni

2021

Juli

2021

Agustus

2021

September

2021

Oktober

2021

November

2021

Desember

2021

Januari

2022

Februari

2022

Maret

2022

April

2022

2022

Juni

2022

Juli

2022

Agustus

2022

September

2022

Oktober

2022

November

2022

Desember

2022

Januari

2023

Februari

2023

Maret

2023

April

2023

2023

Juni

2023

Juli

2023

Agustus

2023

September

2023

Oktober

2023

November

2023

Desember

2023

Januari

2024

Februari

2024

Maret

2024

April

2024

2024

Juni

2024

Juli

2024

Agustus

2024

September

2024

Oktober

2024

November

2024

Desember

2024

Januari

2025

Februari

2025

Maret

2025

April

2025

2025

Juni

2025

Juli

2025

Agustus

2025

September

2025

Oktober

2025

November

2025

Desember

2025

Januari

2026

Februari

2026

Maret

2026

April

2026

2026

Juni

2026

Juli

2026

Agustus

2026

September

2026

Oktober

2026

Masuk

untuk meninggalkan komentar

Baca Berikutnya

Lepas 167 Calon Wisudawan, Fakshi IAIN Parepare Gelar Ramah Tamah Penuh Haru",https://ppid.iainpare.ac.id/web/image/9153-426f4a8e/700x0/gedung-rektorat.png
https://www.iainpare.ac.id/blog/berita-1/lepas-167-calon-wisudawan-fakshi-iain-parepare-gelar-ramah-tamah-penuh-haru-6512,"Lepas 167 Calon Wisudawan, Fakshi IAIN Parepare Gelar Ramah Tamah Penuh Haru","21 Agustus, 2026","Lepas 167 Calon Wisudawan, Fakshi IAIN Parepare Gelar Ramah Tamah Penuh Haru

21 Agustus, 2026

oleh

Humas IAIN Parepare

Humas IAIN Parepare - Fakultas Syariah dan Ilmu Hukum Islam (Fakshi) Institut Agama Islam Negeri (IAIN) Parepare menggelar acara Ramah Tamah di Ballroom Laboratorium Terpadu pada Rabu (19/08/2026). Suasana penuh kehangatan dan kekeluargaan mewarnai pelepasan 167 mahasiswa calon wisudawan periode ini.

Acara tersebut dihadiri langsung oleh Dekan Fakshi, Dr. Budiman, M.HI., didampingi jajaran pimpinan fakultas secara lengkap. Turut hadir Wakil Dekan I Dr. H. Syafaat Anugrah Pradana, M.H., Wakil Dekan II Dr. Hj. Sunuwati, Lc., M.HI., serta Kepala Bagian Tata Usaha (Kabag TU), Hamid,

S.Ag

., M.Pd.

Kehadiran para pengelola program studi semakin melengkapi kesakralan agenda ini. Jajaran Ketua Program Studi (Prodi) yang hadir di antaranya Ketua Prodi Hukum Ekonomi Syariah (HES) Rustam Magun Pikahulan, S.HI., M.H., Ketua Prodi Hukum Pidana Islam (HPI) Dr. Roswati Nurdin, M.H., Ketua Prodi Hukum Keluarga Islam (HKI) Iin Mutmainnah, M.HI., dan Ketua Prodi Hukum Tata Negara (HTN) Hasanuddin Hasim, M.H., bersama seluruh staf kependidikan lingkungan Fakshi.

Dalam sambutannya, Dekan Fakshi Dr. Budiman, M.HI., menyampaikan rasa bangga dan apresiasi setinggi-tingginya atas pencapaian akademis para calon alumni. Ia menekankan pentingnya menjaga integritas, membawa nilai-nilai keislaman, serta mengamalkan keilmuan syariah dan hukum di tengah dinamika masyarakat luas.

Momen haru terpancar ketika tiga mahasiswa terbaik mewakili masing-masing prodi berdiri menyampaikan pesan dan kesan selama menimba ilmu. Di hadapan para pimpinan dan sejawatnya, mereka mengungkapkan rasa terima kasih yang mendalam atas dedikasi, bimbingan, dan kesabaran para dosen serta staf kependidikan selama masa perkuliahan.

Rangkaian kegiatan ramah tamah ini kemudian ditutup dengan doa bersama, penyerahan kenang-kenangan, dan sesi foto bersama seluruh civitas akademika Fakshi IAIN Parepare. Momen kebersamaan tersebut menjadi penanda awal langkah baru bagi 167 wisudawan untuk mengabdi dan berkarya bagi bangsa.

Selamat kepada 167 calon wisudawan Fakultas Syariah dan Ilmu Hukum Islam Institut Agama Islam Negeri Parepare. Semoga ilmu yang telah diraih menjadi keberkahan, kebermanfaatan bagi masyarakat, serta menjadi awal dari pilar kesuksesan dalam mengabdi kepada agama, bangsa, dan negara. Selamat menyongsong gerbang masa depan!

Kontributor : Arfiah. B | Editor : Hayana

di dalam

Berita

Humas IAIN Parepare

21 Agustus 2026

blog kami

Riset

Opini

Kerja sama

Zona Integitasme

Berita

Pengumuman

Podcast

Media Highlights

Kisah Inspiratif

Essai

Arsip

Semua tanggal

Desember

2013

2014

Juni

2014

Desember

2015

Januari

2016

Februari

2016

Maret

2016

April

2016

2016

Juni

2016

Juli

2016

Agustus

2016

September

2016

Oktober

2016

November

2016

Desember

2016

Januari

2017

Februari

2017

Maret

2017

April

2017

2017

Juni

2017

Juli

2017

Agustus

2017

Oktober

2017

November

2017

Desember

2017

Januari

2018

Februari

2018

Maret

2018

April

2018

2018

Juni

2018

Juli

2018

Agustus

2018

September

2018

Oktober

2018

November

2018

Desember

2018

Januari

2019

Februari

2019

Maret

2019

April

2019

2019

Juli

2019

Januari

2020

Februari

2020

Maret

2020

April

2020

2020

September

2020

Oktober

2020

November

2020

Desember

2020

Januari

2021

Februari

2021

Maret

2021

April

2021

2021

Juni

2021

Juli

2021

Agustus

2021

September

2021

Oktober

2021

November

2021

Desember

2021

Januari

2022

Februari

2022

Maret

2022

April

2022

2022

Juni

2022

Juli

2022

Agustus

2022

September

2022

Oktober

2022

November

2022

Desember

2022

Januari

2023

Februari

2023

Maret

2023

April

2023

2023

Juni

2023

Juli

2023

Agustus

2023

September

2023

Oktober

2023

November

2023

Desember

2023

Januari

2024

Februari

2024

Maret

2024

April

2024

2024

Juni

2024

Juli

2024

Agustus

2024

September

2024

Oktober

2024

November

2024

Desember

2024

Januari

2025

Februari

2025

Maret

2025

April

2025

2025

Juni

2025

Juli

2025

Agustus

2025

September

2025

Oktober

2025

November

2025

Desember

2025

Januari

2026

Februari

2026

Maret

2026

April

2026

2026

Juni

2026

Juli

2026

Agustus

2026

September

2026

Oktober

2026

Masuk

untuk meninggalkan komentar

Baca Berikutnya

Dua Dosen IAIN Parepare Tempuh Promosi Doktor, Perkuat Tradisi Keilmuan",https://ppid.iainpare.ac.id/web/image/9153-426f4a8e/700x0/gedung-rektorat.png
https://www.iainpare.ac.id/blog/berita-1/sulap-sampah-jadi-karya-estetis-civitas-academica-antusias-ikuti-lomba-kebersihan-6490,"Sulap Sampah Jadi Karya Estetis, Civitas Academica Antusias Ikuti Lomba Kebersihan","15 Agustus, 2026","Sulap Sampah Jadi Karya Estetis, Civitas Academica Antusias Ikuti Lomba Kebersihan

15 Agustus, 2026

oleh

Humas IAIN Parepare

Humas IAIN Parepare - Dalam rangka menyemarakkan Hari Ulang Tahun (HUT) ke-81 Kemerdekaan Republik Indonesia, Institut Agama Islam Negeri (IAIN) Parepare menggelar Lomba Kebersihan dan Keindahan Lingkungan Kerja pada, Rabu (12/8/2026). Ajang ini menjadi wadah untuk menumbuhkan budaya hidup bersih sekaligus meningkatkan kepedulian civitas academica terhadap pengelolaan lingkungan kampus yang asri dan sehat.

Koordinator Lomba, Ahmad Dzul Ilmi, menjelaskan bahwa kompetisi ini tidak sekadar untuk memeriahkan kemerdekaan, tetapi juga mendorong kreativitas penataan ruang serta pengelolaan sampah. Penilaian menyasar empat fakultas yakni Fakultas Ekonomi dan Bisnis Islam (FEBI), Tarbiyah, Fakultas Syariah dan Hukum Islam (Fakshi), serta Fakultas Ushuluddin, Adab, dan Dakwah (FUAD), bersama Pascasarjana, UPT Perpustakaan, Ma'had Al-Jami'ah, Lembaga Penjaminan Mutu (LPM), dan Lembaga Penelitian dan Pengabdian kepada Masyarakat (LPPM).

Sebelumnya

Berikutnya

""Lomba ini bertujuan untuk menumbuhkan budaya hidup bersih dan sehat, meningkatkan kepedulian terhadap lingkungan kerja, mendorong kreativitas penataan ruang, serta menyemarakkan HUT ke-81 RI. Kami berharap semangat kebersihan ini terus terjaga secara berkelanjutan,"" ujar Dzul Ilmi.

Sebelumnya

Berikutnya

Proses penilaian dilakukan secara ketat oleh tim juri independen yang terdiri dari Wakil Rektor II Nurhikmah, Prof. Nurhayati, dan Prof. Hj. Muliati. Penilaian didasarkan pada delapan aspek kriteria terukur, yaitu kebersihan lingkungan kerja, kerapian penataan ruangan, keindahan dan estetika, penghijauan dan tanaman, dekorasi HUT RI, pengelolaan sampah, inovasi ramah lingkungan, serta kedisiplinan pemeliharaan lingkungan.

Sebelumnya

Berikutnya

Antusiasme peserta dari setiap fakultas, pascasarjana, dan unit kerja terlihat sangat tinggi selama proses visitasi juri. Hal tersebut tercermin dari berbagai upaya bersolek yang dilakukan masing-masing unit kerja untuk memoles area kerja mereka agar tampak lebih bersih, rapi, dan semarak dengan ornamen bertema kemerdekaan.

Berbagai hiasan bernuansa merah-putih, mulai dari umbul-umbul, pengecatan ornamen, hingga hiasan kreatif khas HUT RI menghiasi tiap sudut ruangan. Semangat gotong royong dan kekompakan civitas academica tampak sangat kuat saat para pegawai bahu-membahu menata dan merapikan lingkungan kerja mereka.

Kreativitas peserta pun menjadi daya tarik utama, salah satu fakultas bahkan menghadirkan photo booth dari bahan bekas sebagai bentuk pemanfaatan limbah bernilai estetis, sementara fakultas lain mulai menerapkan pemilahan sampah yang tertata. Partisipasi aktif ini membuktikan bahwa ajang ini sukses menanamkan kesadaran bersama akan pentingnya menciptakan lingkungan kampus yang nyaman dan ramah lingkungan.

Penulis : Irmawati

Editor : Mifda Hilmiyah

di dalam

Berita

Humas IAIN Parepare

15 Agustus 2026

blog kami

Riset

Opini

Kerja sama

Zona Integitasme

Berita

Pengumuman

Podcast

Media Highlights

Kisah Inspiratif

Essai

Arsip

Semua tanggal

Desember

2013

2014

Juni

2014

Desember

2015

Januari

2016

Februari

2016

Maret

2016

April

2016

2016

Juni

2016

Juli

2016

Agustus

2016

September

2016

Oktober

2016

November

2016

Desember

2016

Januari

2017

Februari

2017

Maret

2017

April

2017

2017

Juni

2017

Juli

2017

Agustus

2017

Oktober

2017

November

2017

Desember

2017

Januari

2018

Februari

2018

Maret

2018

April

2018

2018

Juni

2018

Juli

2018

Agustus

2018

September

2018

Oktober

2018

November

2018

Desember

2018

Januari

2019

Februari

2019

Maret

2019

April

2019

2019

Juli

2019

Januari

2020

Februari

2020

Maret

2020

April

2020

2020

September

2020

Oktober

2020

November

2020

Desember

2020

Januari

2021

Februari

2021

Maret

2021

April

2021

2021

Juni

2021

Juli

2021

Agustus

2021

September

2021

Oktober

2021

November

2021

Desember

2021

Januari

2022

Februari

2022

Maret

2022

April

2022

2022

Juni

2022

Juli

2022

Agustus

2022

September

2022

Oktober

2022

November

2022

Desember

2022

Januari

2023

Februari

2023

Maret

2023

April

2023

2023

Juni

2023

Juli

2023

Agustus

2023

September

2023

Oktober

2023

November

2023

Desember

2023

Januari

2024

Februari

2024

Maret

2024

April

2024

2024

Juni

2024

Juli

2024

Agustus

2024

September

2024

Oktober

2024

November

2024

Desember

2024

Januari

2025

Februari

2025

Maret

2025

April

2025

2025

Juni

2025

Juli

2025

Agustus

2025

September

2025

Oktober

2025

November

2025

Desember

2025

Januari

2026

Februari

2026

Maret

2026

April

2026

2026

Juni

2026

Juli

2026

Agustus

2026

September

2026

Oktober

2026

Masuk

untuk meninggalkan komentar

Baca Berikutnya

Semarak HUT RI ke-81, Rektor Pimpin Jalan Santai Civitas Academica IAIN Parepare",https://ppid.iainpare.ac.id/web/image/9153-426f4a8e/700x0/gedung-rektorat.png
https://www.iainpare.ac.id/blog/berita-1/direktur-pascasarjana-iain-parepare-hadiri-silaknas-fordipas-xiii-dan-the-6th-incoils-2026-di-padang-6474,Direktur Pascasarjana IAIN Parepare Hadiri SILAKNAS FORDIPAS XIII dan The 6th INCOILS 2026 di Padang,"10 Agustus, 2026","Direktur Pascasarjana IAIN Parepare Hadiri SILAKNAS FORDIPAS XIII dan The 6th INCOILS 2026 di Padang

10 Agustus, 2026

oleh

Humas IAIN Parepare

Humas IAIN Parepare – Direktur Pascasarjana Institut Agama Islam Negeri (IAIN) Parepare, Prof. Dr. Rahmawati, M.Ag., menghadiri Forum Direktur Pascasarjana Perguruan Tinggi Keagamaan Islam Negeri (FORDIPAS) XIII yang dirangkaikan dengan The 6th International Conference on Islam, Law, and Society (INCOILS) 2026. Kegiatan bergengsi tingkat nasional dan internasional ini berlangsung selama tiga hari, 6 hingga 8 Agustus 2026, berpusat di The ZHM Premiere Padang, Sumatera Barat.

Kegiatan kolaboratif antara FORDIPAS dan Pascasarjana UIN Imam Bonjol Padang selaku tuan rumah ini dihadiri oleh pimpinan dan perwakilan dari 41 PTKIN se-Indonesia. Forum ini diselenggarakan sebagai langkah strategis dalam menguatkan peran dan fungsi Pascasarjana PTKIN untuk merespons dinamika serta tantangan perkembangan dunia global.

Acara dibuka secara resmi oleh Direktur Jenderal Pendidikan Islam / Direktur Pendidikan Tinggi Keagamaan Islam Kemenag RI, Prof. Dr. Phil. Sahiron Syamsuddin, M.A. Dalam sambutannya, Prof. Sahiron menegaskan peningkatan kualitas lembaga dan SDM di Pascasarjana PTKIN harus dilakukan melalui strategi yang integratif. Tiga model integrasi yang menjadi perhatian utama adalah integrasi metodis, integrasi substansi, dan integrasi saintifik. Berbagai program prioritas seperti visiting professor ke luar negeri dan peningkatan kemampuan bahasa asing bagi dosen muda terus digencarkan untuk mendukung visi tersebut.

Sebagai bagian dari Silaturahim Kerja Nasional (SILAKNAS) FORDIPAS XIII, para pimpinan Pascasarjana mendiskusikan beberapa poin mendasar, antara lain pokok pikiran terkait instrumen akreditasi program studi baru 5.0.1, brainstorming manajemen penguatan tata kelola Pascasarjana, hingga wacana pembentukan asosiasi keilmuan studi Islam. Forum ini juga mengukuhkan pengurus Forum Komunikasi Prodi Pascasarjana dan menetapkan lokasi FORDIPAS tahun 2027 yang rencananya diselenggarakan di Makassar dan Semarang.

Sementara itu, pada gelaran konferensi internasional INCOILS VI, para peserta disuguhkan berbagai gagasan akademis terkait hubungan Islam, hukum, dan isu lingkungan. Prof. Dr. H. Mujiburrahman, M.S. mengulas pentingnya pendekatan spiritual dalam menghadapi krisis ekologis global melalui pemikiran Seyyed Hossein Nasr, di mana alam dipandang sebagai tanda kebesaran Allah SWT dan bukan sekadar objek eksploitasi.

Rangkaian acara yang turut dihadiri sejumlah narasumber internasional dari Korea Selatan dan Iran ini juga menyelipkan pesan moral tentang amanah kepemimpinan. Jabatan dikiaskan seperti tugas seorang tukang parkir yang senantiasa menyadari bahwa apa yang dikelolanya hanyalah titipan sementara dari Allah SWT yang harus dijalankan dengan keikhlasan dan rasa tanggung jawab.

Keikutsertaan Prof. Dr. Rahmawati, M.Ag. dalam agenda ini menjadi momentum penting bagi Pascasarjana IAIN Parepare untuk memperluas jejaring akademik, menyerap strategi pengembangan tata kelola dan akreditasi terbaru, serta memperkuat kolaborasi Tridharma Perguruan Tinggi di tingkat nasional maupun internasional.

Penulis: Ardi

Editor: Hayana

di dalam

Berita

Humas IAIN Parepare

10 Agustus 2026

blog kami

Riset

Opini

Kerja sama

Zona Integitasme

Berita

Pengumuman

Podcast

Media Highlights

Kisah Inspiratif

Essai

Arsip

Semua tanggal

Desember

2013

2014

Juni

2014

Desember

2015

Januari

2016

Februari

2016

Maret

2016

April

2016

2016

Juni

2016

Juli

2016

Agustus

2016

September

2016

Oktober

2016

November

2016

Desember

2016

Januari

2017

Februari

2017

Maret

2017

April

2017

2017

Juni

2017

Juli

2017

Agustus

2017

Oktober

2017

November

2017

Desember

2017

Januari

2018

Februari

2018

Maret

2018

April

2018

2018

Juni

2018

Juli

2018

Agustus

2018

September

2018

Oktober

2018

November

2018

Desember

2018

Januari

2019

Februari

2019

Maret

2019

April

2019

2019

Juli

2019

Januari

2020

Februari

2020

Maret

2020

April

2020

2020

September

2020

Oktober

2020

November

2020

Desember

2020

Januari

2021

Februari

2021

Maret

2021

April

2021

2021

Juni

2021

Juli

2021

Agustus

2021

September

2021

Oktober

2021

November

2021

Desember

2021

Januari

2022

Februari

2022

Maret

2022

April

2022

2022

Juni

2022

Juli

2022

Agustus

2022

September

2022

Oktober

2022

November

2022

Desember

2022

Januari

2023

Februari

2023

Maret

2023

April

2023

2023

Juni

2023

Juli

2023

Agustus

2023

September

2023

Oktober

2023

November

2023

Desember

2023

Januari

2024

Februari

2024

Maret

2024

April

2024

2024

Juni

2024

Juli

2024

Agustus

2024

September

2024

Oktober

2024

November

2024

Desember

2024

Januari

2025

Februari

2025

Maret

2025

April

2025

2025

Juni

2025

Juli

2025

Agustus

2025

September

2025

Oktober

2025

November

2025

Desember

2025

Januari

2026

Februari

2026

Maret

2026

April

2026

2026

Juni

2026

Juli

2026

Agustus

2026

September

2026

Oktober

2026

Masuk

untuk meninggalkan komentar

Baca Berikutnya

Dari 3T Menembus Batas: Fakultas Tarbiyah Dampingi Guru Madrasah dengan AI, Pascasarjana Sosialisasikan S2–S3",https://ppid.iainpare.ac.id/web/image/9153-426f4a8e/700x0/gedung-rektorat.png
https://www.iainpare.ac.id/blog/berita-1/pascasarjana-iain-parepare-reviu-pedoman-pkti-bahas-plagiasi-dan-ai-6574,"Pascasarjana IAIN Parepare Reviu Pedoman PKTI, Bahas Plagiasi dan AI","12 Agustus, 2026","Pascasarjana IAIN Parepare Reviu Pedoman PKTI, Bahas Plagiasi dan AI

12 Agustus, 2026

oleh

Humas IAIN Parepare

Humas IAIN Parepare

- Program Pascasarjana IAIN Parepare menggelar

Focus Group Discussion (FGD)

Reviu Pedoman PKTI Pascasarjana IAIN Parepare, pada hari Rabu, 12 Agustus 2026. Kegiatan yang berlangsung secara

hybrid

di Gedung Perpustakaan Lantai 5 dan melalui Zoom Meeting tersebut diikuti sekitar 60 peserta yang terdiri atas unsur pimpinan, ketua program studi, tim penyusun, dosen, dan pihak terkait lainnya.

Kegiatan dimulai pukul 09.00 WITA hingga sekitar pukul 12.30 WITA. FGD dilaksanakan sebagai bagian dari proses penyempurnaan Pedoman PKTI Pascasarjana Edisi Revisi 2026, sekaligus memastikan pedoman tersebut mampu menjawab kebutuhan akademik dan perkembangan penelitian di lingkungan Pascasarjana IAIN Parepare.

Rektor IAIN Parepare, Prof. Dr. Hj. Darmawati, M.Pd., memberikan sambutan sekaligus membuka secara resmi kegiatan FGD. Dalam sambutannya, Rektor menegaskan pentingnya penyempurnaan pedoman akademik sebagai bagian dari upaya meningkatkan kualitas penyelenggaraan pendidikan, penelitian, dan karya ilmiah di lingkungan perguruan tinggi.

Wakil Direktur Pascasarjana IAIN Parepare, Prof. Dr. Fikri, M.H.I., hadir mewakili Direktur Pascasarjana dan turut menyampaikan sambutan. Kehadiran pimpinan tersebut menjadi bentuk dukungan terhadap proses penyempurnaan Pedoman PKTI agar dapat menjadi acuan yang lebih komprehensif, sistematis, dan relevan bagi mahasiswa serta civitas academica Pascasarjana.

Ketua Tim Penyusun Pedoman PKTI Pascasarjana, Dr. Andar, M.Pd., turut mengikuti kegiatan secara daring. Ia memberikan pengantar sekaligus memaparkan proses penyusunan dan arah revisi Pedoman PKTI Pascasarjana Edisi Revisi 2026 sebelum memasuki sesi pembahasan substansi pedoman.

Selanjutnya, Sekretaris Tim Penyusun, Dr. Hamzah, S.S., M.Pd.I., memaparkan sejumlah poin penting dalam Pedoman PKTI Pascasarjana Edisi Revisi 2026. Pemaparan tersebut menjadi dasar bagi peserta untuk memberikan tanggapan, koreksi, dan rekomendasi terhadap berbagai aspek yang terdapat dalam pedoman.

Diskusi berlangsung aktif dan konstruktif. Sedikitnya 10 peserta menyampaikan saran dan masukan secara langsung dalam forum sebagai bahan penyempurnaan pedoman. Masukan yang disampaikan tidak hanya berkaitan dengan substansi akademik, tetapi juga aspek teknis dan redaksional yang dinilai penting agar pedoman lebih jelas dan mudah diterapkan.

Sejumlah aspek yang menjadi perhatian dalam FGD meliputi teknik penulisan karya ilmiah, penggunaan diksi atau istilah bahasa asing, transliterasi bahasa Arab, sistem penomoran, kesesuaian dengan regulasi akademik, serta metodologi penelitian. Pembahasan tersebut diarahkan untuk memastikan Pedoman PKTI mampu memberikan standar yang lebih jelas bagi mahasiswa dalam melaksanakan penelitian dan menyusun karya ilmiah, baik pada jenjang magister maupun doktor.

Salah satu pembahasan yang mendapat perhatian dalam FGD adalah persoalan plagiasi dan tingkat

similarity

pada naskah karya ilmiah. Peserta mendiskusikan batas persentase

similarity

yang masih dapat ditoleransi serta pentingnya membedakan kemiripan teks yang bersifat teknis atau tidak substantif dengan tindakan plagiasi yang bertentangan dengan prinsip integritas akademik.

Pembahasan tersebut dinilai penting seiring semakin berkembangnya teknologi pemeriksa kemiripan naskah. Di sisi lain, karya ilmiah memiliki karakteristik penulisan yang memungkinkan munculnya kesamaan istilah, frasa, maupun struktur pada bagian tertentu. Karena itu, peserta mendorong agar ketentuan mengenai

similarity

dalam Pedoman PKTI dirumuskan secara proporsional dan tidak semata-mata menjadikan angka persentase sebagai satu-satunya indikator untuk menentukan ada atau tidaknya plagiasi.

Selain plagiasi dan

similarity

, pemanfaatan

Artificial Intelligence (AI)

dalam penyusunan karya ilmiah turut menjadi salah satu isu penting yang mengemuka dalam forum. Perkembangan teknologi AI yang semakin pesat dinilai perlu direspons dalam penyusunan pedoman akademik. Berbagai perangkat AI saat ini mampu membantu, bahkan menghasilkan teks akademik dalam waktu yang sangat singkat.

Salah seorang peserta yang mengikuti kegiatan melalui Zoom, Dr. Ali Rusdi, M.H.I., merekomendasikan agar Pedoman PKTI Pascasarjana turut memuat panduan atau ketentuan mengenai penggunaan AI yang diperbolehkan atau ditoleransi dalam penyusunan karya ilmiah. Menurutnya, perkembangan zaman dan kecanggihan teknologi perlu direspons melalui regulasi akademik yang adaptif, bukan dengan mengabaikan keberadaan teknologi tersebut.

Rekomendasi tersebut menjadi penting karena teknologi AI memungkinkan seseorang menghasilkan teks dalam waktu yang sangat singkat melalui proses generate. Namun, pemanfaatannya dalam karya ilmiah perlu ditempatkan dalam kerangka integritas akademik, transparansi, tanggung jawab penulis, dan orisinalitas gagasan.

Dengan demikian, AI dapat diposisikan sebagai alat bantu dalam proses akademik, bukan sebagai pengganti kemampuan berpikir, analisis, dan tanggung jawab ilmiah penulis. Pembahasan mengenai AI sekaligus menunjukkan bahwa Pedoman PKTI Pascasarjana Edisi Revisi 2026 diharapkan tidak hanya mampu menjawab persoalan akademik saat ini, tetapi juga memiliki perspektif ke depan dalam menghadapi transformasi digital dan perkembangan teknologi kecerdasan buatan.

Berbagai masukan yang disampaikan dalam FGD menjadi catatan penting bagi Tim Penyusun untuk ditindaklanjuti dalam proses penyempurnaan pedoman. Revisi Pedoman PKTI tidak hanya diarahkan pada aspek format dan tata tulis, tetapi juga untuk memperkuat integritas akademik, standar metodologi, etika penelitian, serta adaptasi terhadap perkembangan teknologi.

Melalui FGD tersebut, berbagai masukan peserta selanjutnya menjadi bahan bagi Tim Penyusun untuk melakukan penyempurnaan dan finalisasi Pedoman PKTI Pascasarjana IAIN Parepare Edisi Revisi 2026. Forum ini diharapkan menghasilkan pedoman yang lebih sistematis, aplikatif, dan adaptif serta mampu mendukung peningkatan mutu karya ilmiah mahasiswa Pascasarjana.

Kegiatan ditutup sekitar pukul 12.30 WITA setelah seluruh agenda dan pokok-pokok pembahasan selesai dilaksanakan. Melalui proses review secara partisipatif tersebut, Pascasarjana IAIN Parepare berkomitmen menghadirkan Pedoman PKTI yang tidak hanya memenuhi aspek administratif dan teknis, tetapi juga mencerminkan standar akademik yang bermutu serta mendukung terwujudnya budaya penelitian yang unggul, berintegritas, dan adaptif terhadap perkembangan zaman.

Kontributor: Hamzah

Editor: Sri Rahayu Andira

di dalam

Berita

Humas IAIN Parepare

12 Agustus 2026

blog kami

Riset

Opini

Kerja sama

Zona Integitasme

Berita

Pengumuman

Podcast

Media Highlights

Kisah Inspiratif

Essai

Arsip

Semua tanggal

Desember

2013

2014

Juni

2014

Desember

2015

Januari

2016

Februari

2016

Maret

2016

April

2016

2016

Juni

2016

Juli

2016

Agustus

2016

September

2016

Oktober

2016

November

2016

Desember

2016

Januari

2017

Februari

2017

Maret

2017

April

2017

2017

Juni

2017

Juli

2017

Agustus

2017

Oktober

2017

November

2017

Desember

2017

Januari

2018

Februari

2018

Maret

2018

April

2018

2018

Juni

2018

Juli

2018

Agustus

2018

September

2018

Oktober

2018

November

2018

Desember

2018

Januari

2019

Februari

2019

Maret

2019

April

2019

2019

Juli

2019

Januari

2020

Februari

2020

Maret

2020

April

2020

2020

September

2020

Oktober

2020

November

2020

Desember

2020

Januari

2021

Februari

2021

Maret

2021

April

2021

2021

Juni

2021

Juli

2021

Agustus

2021

September

2021

Oktober

2021

November

2021

Desember

2021

Januari

2022

Februari

2022

Maret

2022

April

2022

2022

Juni

2022

Juli

2022

Agustus

2022

September

2022

Oktober

2022

November

2022

Desember

2022

Januari

2023

Februari

2023

Maret

2023

April

2023

2023

Juni

2023

Juli

2023

Agustus

2023

September

2023

Oktober

2023

November

2023

Desember

2023

Januari

2024

Februari

2024

Maret

2024

April

2024

2024

Juni

2024

Juli

2024

Agustus

2024

September

2024

Oktober

2024

November

2024

Desember

2024

Januari

2025

Februari

2025

Maret

2025

April

2025

2025

Juni

2025

Juli

2025

Agustus

2025

September

2025

Oktober

2025

November

2025

Desember

2025

Januari

2026

Februari

2026

Maret

2026

April

2026

2026

Juni

2026

Juli

2026

Agustus

2026

September

2026

Oktober

2026

Masuk

untuk meninggalkan komentar

Baca Berikutnya

Pascasarjana IAIN Parepare Gelar International Guest Lecture, Bahas Dinamika Hukum Keluarga Islam",https://ppid.iainpare.ac.id/web/image/9153-426f4a8e/700x0/gedung-rektorat.png
https://www.iainpare.ac.id/blog/berita-1/mengurai-kerumitan-pemilu-buku-dosen-iain-parepare-dibedah-kpu-sekadau-6484,"Mengurai Kerumitan Pemilu, Buku Dosen IAIN Parepare Dibedah KPU Sekadau","13 Agustus, 2026","Mengurai Kerumitan Pemilu, Buku Dosen IAIN Parepare Dibedah KPU Sekadau

13 Agustus, 2026

oleh

Humas IAIN Parepare

Humas IAIN Parepare - Komisi Pemilihan Umum (KPU) Kabupaten Sekadau, Kalimantan Barat, menggelar bedah buku bertajuk Kerumitan Teknis Pemilu di Indonesia, karya akademisi Institut Agama Islam Negeri (IAIN) Parepare, Rusdianto Sudirman, S.H., M.H. Kegiatan tersebut berlangsung di Sekadau, Kamis, 13 Agustus 2026, dan diikuti jajaran KPU Provinsi Kalimantan Barat serta KPU Kabupaten/Kota se-Kalimantan Barat.

Kegiatan bedah buku ini menjadi langkah strategis untuk memperkuat pemahaman mengenai penyelenggaraan pemilu sekaligus menjadi referensi praktis bagi penyelenggara dalam memahami kompleksitas teknis yang kerap muncul dalam setiap pelaksanaan pemilu di Indonesia.

Buku yang diterbitkan IAIN Parepare Nusantara Press pada 2023 ini mengupas berbagai problematika, mulai dari tahapan pemilu, sistem multipartai ekstrem, hingga kelemahan regulasi dalam penegakan hukum pemilu.

Dalam acara tersebut, penulis memaparkan bahwa Pemilu Indonesia dinobatkan sebagai salah satu pemilu satu hari yang paling kompleks di dunia. Kerumitan tersebut tercermin dari beban pemilih yang harus memilih lima jenis surat suara dalam satu hari, serta beban penyelenggara dalam mendistribusikan ratusan juta surat suara ke ribuan TPS di seluruh pelosok negeri.

“Buku ini saya harapkan dapat menjadi bahan referensi bagi KPU dalam menyusun perubahan Undang-Undang Pemilu. Kerumitan teknis yang kita hadapi tidak boleh dibiarkan berulang setiap periode,” ujar Rusdianto dalam pemaparannya.

Salah satu poin penting yang dibahas dalam buku tersebut adalah desain surat suara. Penulis mengusulkan penyederhanaan dari lima lembar surat suara menjadi dua hingga tiga lembar, yang berpotensi menghemat anggaran logistik hingga Rp400 miliar.

Selain itu, buku ini menyoroti kelemahan regulasi dalam penanganan praktik politik uang. Dalam kajiannya, UU Pemilu hanya melarang tiga subjek tertentu sehingga dinilai masih membuka celah hukum bagi pihak di luar ketiga subjek tersebut.

Ketua KPU Kabupaten Sekadau dalam sambutannya menyatakan bahwa kegiatan bedah buku tersebut sangat relevan dengan kebutuhan penyelenggara pemilu di daerah.

“Buku ini menjadi momentum penting bagi kami untuk mengasah pemahaman terhadap dinamika teknis pemilu. Gagasan dan kajian di dalamnya memberikan panduan nyata untuk merancang penyelenggaraan pemilu yang lebih baik ke depan,” ungkapnya.

Bedah buku yang dilaksanakan secara daring dan luring tersebut diikuti secara antusias oleh jajaran KPU se-Kalimantan Barat. Diskusi interaktif juga menghadirkan sejumlah panelis yang membedah substansi buku dari berbagai perspektif, baik teknis penyelenggaraan maupun aspek regulasi.

Kegiatan ini menandai semakin eratnya sinergi antara akademisi dan penyelenggara pemilu dalam upaya mewujudkan penyelenggaraan pemilu yang lebih sederhana, transparan, dan berintegritas.

Rusdianto Sudirman merupakan dosen Fakultas Syariah dan Ilmu Hukum Islam IAIN Parepare yang juga aktif sebagai advokat dan konsultan hukum. Buku Kerumitan Teknis Pemilu di Indonesia merupakan hasil riset akademik yang mengkaji secara mendalam dinamika dan kompleksitas penyelenggaraan pemilu di Indonesia.

Penulis : Irmawati

Editor : Sri Rahayu Andira

di dalam

Berita

Humas IAIN Parepare

13 Agustus 2026

blog kami

Riset

Opini

Kerja sama

Zona Integitasme

Berita

Pengumuman

Podcast

Media Highlights

Kisah Inspiratif

Essai

Arsip

Semua tanggal

Desember

2013

2014

Juni

2014

Desember

2015

Januari

2016

Februari

2016

Maret

2016

April

2016

2016

Juni

2016

Juli

2016

Agustus

2016

September

2016

Oktober

2016

November

2016

Desember

2016

Januari

2017

Februari

2017

Maret

2017

April

2017

2017

Juni

2017

Juli

2017

Agustus

2017

Oktober

2017

November

2017

Desember

2017

Januari

2018

Februari

2018

Maret

2018

April

2018

2018

Juni

2018

Juli

2018

Agustus

2018

September

2018

Oktober

2018

November

2018

Desember

2018

Januari

2019

Februari

2019

Maret

2019

April

2019

2019

Juli

2019

Januari

2020

Februari

2020

Maret

2020

April

2020

2020

September

2020

Oktober

2020

November

2020

Desember

2020

Januari

2021

Februari

2021

Maret

2021

April

2021

2021

Juni

2021

Juli

2021

Agustus

2021

September

2021

Oktober

2021

November

2021

Desember

2021

Januari

2022

Februari

2022

Maret

2022

April

2022

2022

Juni

2022

Juli

2022

Agustus

2022

September

2022

Oktober

2022

November

2022

Desember

2022

Januari

2023

Februari

2023

Maret

2023

April

2023

2023

Juni

2023

Juli

2023

Agustus

2023

September

2023

Oktober

2023

November

2023

Desember

2023

Januari

2024

Februari

2024

Maret

2024

April

2024

2024

Juni

2024

Juli

2024

Agustus

2024

September

2024

Oktober

2024

November

2024

Desember

2024

Januari

2025

Februari

2025

Maret

2025

April

2025

2025

Juni

2025

Juli

2025

Agustus

2025

September

2025

Oktober

2025

November

2025

Desember

2025

Januari

2026

Februari

2026

Maret

2026

April

2026

2026

Juni

2026

Juli

2026

Agustus

2026

September

2026

Oktober

2026

Masuk

untuk meninggalkan komentar

Baca Berikutnya

Perkuat Kompetensi Konseling, Dosen BKI Susun Modul Ajar",https://ppid.iainpare.ac.id/web/image/9153-426f4a8e/700x0/gedung-rektorat.png
https://www.iainpare.ac.id/blog/berita-1/demokratis-dan-transparan-fakshi-iain-parepare-tetapkan-anggota-senat-terpilih-6467,"Demokratis dan Transparan, FAKSHI IAIN Parepare Tetapkan Anggota Senat Terpilih","5 Agustus, 2026","Demokratis dan Transparan, FAKSHI IAIN Parepare Tetapkan Anggota Senat Terpilih

5 Agustus, 2026

oleh

Humas IAIN Parepare

Humas IAIN Parepare - Fakultas Syariah dan Ilmu Hukum Islam (FAKSHI) IAIN Parepare sukses menyelenggarakan Pemilihan Anggota Senat Institut dari unsur wakil dosen pada Rabu, 5 Agustus 2026. Kegiatan yang berlangsung di Ruang Seminar FAKSHI ini berjalan khidmat, tertib, dan demokratis sebagai wujud komitmen fakultas dalam memperkuat tata kelola kelembagaan serta menyalurkan aspirasi civitas academica.

Pelaksanaan pemungutan suara dihadiri oleh Dekan FAKSHI, Dr. Budiman,

S.Ag

., M.HI.; Wakil Dekan Bidang Akademik, Penelitian, dan Pengabdian kepada Masyarakat, Dr. H. Syafaat Anugrah Pradana, S.H., M.H.; Wakil Dekan Bidang Administrasi Umum, Keuangan, Sumber Daya, dan Perencanaan, Dr. Hj. Sunuwati, Lc., M.HI.; Kepala Bagian Tata Usaha, Hamid,

S.Ag

., M.Pd.; serta 34 dosen yang menggunakan hak pilihnya.

Di sela-sela proses pemungutan suara, Rektor IAIN Parepare, Prof. Dr. Hj. Darmawati,

S.Ag

., M.Pd., bersama Wakil Rektor Bidang Keuangan, Administrasi Umum, Perencanaan, dan Sumber Daya, Dr. Nurhikmah, M.Sos.I., melakukan peninjauan langsung ke lokasi kegiatan. Kehadiran pimpinan institut tersebut disambut oleh jajaran pimpinan fakultas, panitia, dan para dosen. Peninjauan dilakukan untuk memastikan seluruh tahapan pemilihan berlangsung lancar, transparan, dan sesuai dengan ketentuan yang berlaku.

Sebelum pemungutan suara dimulai, tiga calon tetap anggota senat dari unsur wakil dosen memaparkan visi dan misi di hadapan peserta. Ketiga kandidat tersebut ialah Dr. M. Ali Rusdi,

S.Th

.I., M.HI.; Dr. Hj. Saidah, M.H.; dan Dr. Zainal Said, M.H. Masing-masing menyampaikan gagasan dan komitmen dalam memperjuangkan aspirasi dosen serta mendukung peningkatan mutu akademik di lingkungan FAKSHI.

Usai penyampaian visi dan misi, panitia melanjutkan proses pemungutan suara yang kemudian dilanjutkan dengan rekapitulasi hasil secara terbuka. Berdasarkan hasil penghitungan suara, Dr. Zainal Said, M.H. memperoleh dukungan terbanyak dengan 15 suara, disusul Dr. M. Ali Rusdi,

S.Th

.I., M.HI. dengan 12 suara, dan Dr. Hj. Saidah, M.H. dengan 3 suara. Atas hasil tersebut, Ketua Panitia secara resmi menetapkan Dr. Zainal Said, M.H. sebagai anggota senat terpilih dari unsur wakil dosen dan menyerahkan berita acara hasil pemilihan kepada Dekan FAKSHI.

Dekan FAKSHI, Dr. Budiman,

S.Ag

., M.HI., menyampaikan apresiasi dan terima kasih kepada Rektor beserta Wakil Rektor atas perhatian dan peninjauan langsung terhadap jalannya proses pemilihan. Ia juga mengucapkan selamat kepada Dr. Zainal Said, M.H. atas amanah yang diberikan oleh para dosen.

""Semoga anggota senat yang terpilih dapat menjadi jembatan komunikasi yang efektif antara dosen dan pimpinan institut, sekaligus menjadi mitra strategis dalam mendorong peningkatan mutu, prestasi, dan pengembangan FAKSHI IAIN Parepare,"" harapnya.

Kontributor : Arfiah | Editor : Sri Rahayu Andira

di dalam

Berita

Humas IAIN Parepare

5 Agustus 2026

blog kami

Riset

Opini

Kerja sama

Zona Integitasme

Berita

Pengumuman

Podcast

Media Highlights

Kisah Inspiratif

Essai

Arsip

Semua tanggal

Desember

2013

2014

Juni

2014

Desember

2015

Januari

2016

Februari

2016

Maret

2016

April

2016

2016

Juni

2016

Juli

2016

Agustus

2016

September

2016

Oktober

2016

November

2016

Desember

2016

Januari

2017

Februari

2017

Maret

2017

April

2017

2017

Juni

2017

Juli

2017

Agustus

2017

Oktober

2017

November

2017

Desember

2017

Januari

2018

Februari

2018

Maret

2018

April

2018

2018

Juni

2018

Juli

2018

Agustus

2018

September

2018

Oktober

2018

November

2018

Desember

2018

Januari

2019

Februari

2019

Maret

2019

April

2019

2019

Juli

2019

Januari

2020

Februari

2020

Maret

2020

April

2020

2020

September

2020

Oktober

2020

November

2020

Desember

2020

Januari

2021

Februari

2021

Maret

2021

April

2021

2021

Juni

2021

Juli

2021

Agustus

2021

September

2021

Oktober

2021

November

2021

Desember

2021

Januari

2022

Februari

2022

Maret

2022

April

2022

2022

Juni

2022

Juli

2022

Agustus

2022

September

2022

Oktober

2022

November

2022

Desember

2022

Januari

2023

Februari

2023

Maret

2023

April

2023

2023

Juni

2023

Juli

2023

Agustus

2023

September

2023

Oktober

2023

November

2023

Desember

2023

Januari

2024

Februari

2024

Maret

2024

April

2024

2024

Juni

2024

Juli

2024

Agustus

2024

September

2024

Oktober

2024

November

2024

Desember

2024

Januari

2025

Februari

2025

Maret

2025

April

2025

2025

Juni

2025

Juli

2025

Agustus

2025

September

2025

Oktober

2025

November

2025

Desember

2025

Januari

2026

Februari

2026

Maret

2026

April

2026

2026

Juni

2026

Juli

2026

Agustus

2026

September

2026

Oktober

2026

Masuk

untuk meninggalkan komentar

Baca Berikutnya

Musyawarah Mufakat, FEBI IAIN Parepare Tetapkan Dua Anggota Senat Wakil Dosen Periode 2026-2030",https://ppid.iainpare.ac.id/web/image/9153-426f4a8e/700x0/gedung-rektorat.png
https://www.iainpare.ac.id/blog/berita-1/iglopas-seri-iv-soroti-masa-depan-hukum-keluarga-islam-di-tengah-perubahan-global-6572,IGLoPAS Seri IV Soroti Masa Depan Hukum Keluarga Islam di Tengah Perubahan Global,"6 Agustus, 2026","IGLoPAS Seri IV Soroti Masa Depan Hukum Keluarga Islam di Tengah Perubahan Global

6 Agustus, 2026

oleh

Humas IAIN Parepare

Humas IAIN Parepare

- Dinamika kehidupan keluarga Muslim di era globalisasi menghadirkan tantangan baru bagi perkembangan hukum keluarga Islam. Persoalan tersebut menjadi salah satu pokok bahasan dalam

International Guest Lecture of Post Graduate Academic Studies at IAIN Parepare (IGLoPAS)

Seri IV yang mengangkat tema

“The Dynamics of Islamic Family Law in the Context of Cultural Diversity and Global Civilization”.

Kegiatan dilaksanakan pada Kamis, 6 Agustus 2026, mulai pukul 09.30 WITA hingga selesai dan terbuka untuk publik melalui Zoom dan YouTube.

IGLoPAS Seri IV menghadirkan Prof. Dr. Zaini Nasohah, pensyarah pada Pusat Kajian Syariah, Fakulti Pengajian Islam, Universiti Kebangsaan Malaysia, sebagai international speaker. Sementara dari IAIN Parepare hadir Dr. Agus Muchsin, M.Ag., sebagai speaker.

Dalam kegiatan yang diselenggarakan Program Pascasarjana IAIN Parepare tersebut, Dr. Agus Muchsin, M.Ag., menguraikan bahwa hukum keluarga Islam berada dalam ruang sosial yang terus mengalami perubahan. Perubahan budaya, globalisasi, perkembangan teknologi, hingga transformasi bentuk keluarga menuntut hukum keluarga Islam mampu merespons persoalan-persoalan kontemporer tanpa kehilangan pijakan normatifnya.

Materi yang disampaikan Dr. Agus Muchsin menempatkan Indonesia sebagai salah satu ruang penting dalam pengembangan hukum Islam, khususnya dalam melihat hubungan antara syariah, adat, dan hukum nasional. Keragaman budaya Indonesia, mulai dari Bugis, Mandar, Aceh, Banjar, hingga Papua Muslim, menunjukkan bahwa praktik hukum keluarga dapat berkembang dalam konteks budaya yang berbeda selama tidak bertentangan dengan prinsip-prinsip syariah.

Perspektif tersebut memperlihatkan bahwa budaya memiliki posisi penting dalam memahami praktik hukum keluarga Islam. Dalam materi juga digambarkan keragaman karakter budaya dunia, seperti budaya Timur yang menekankan keluarga besar dan kolektivitas, budaya Barat yang lebih menonjolkan individualisme dan privasi, budaya Afrika yang bersifat komunal, serta budaya Nusantara yang dikenal dengan adat, musyawarah, dan gotong royong.

Menurut perspektif yang dipaparkan, setiap budaya melahirkan praktik keluarga yang berbeda. Dalam tradisi Islam dikenal konsep

al-‘urf

atau adat kebiasaan yang dapat menjadi pertimbangan selama tidak bertentangan dengan prinsip syariat. Karena itu, pembacaan terhadap hukum keluarga Islam membutuhkan sensitivitas terhadap konteks budaya sekaligus keteguhan pada prinsip-prinsip dasar agama.

Dari Keluarga Besar Menuju Keluarga Digital

Transformasi masyarakat turut membawa perubahan terhadap struktur dan pola relasi keluarga. Materi IGLoPAS menunjukkan adanya pergeseran dari

extended family

menuju

nuclear family,

yang kemudian berkembang ke arah digital parenting dan bahkan kehadiran

AI companion

dalam kehidupan manusia.

Perubahan tersebut menunjukkan bahwa persoalan hukum keluarga tidak lagi terbatas pada isu klasik seperti pernikahan, perceraian, waris, dan hak anak. Perkembangan teknologi melahirkan sejumlah isu baru, seperti pernikahan daring, konsultasi hukum keluarga secara online, perkawinan lintas negara, kecerdasan buatan, big data, bioetika, hingga teknologi reproduksi.

Di sisi lain, sejumlah tantangan kontemporer juga muncul, antara lain perubahan pola pernikahan, pernikahan beda kewarganegaraan, perlindungan anak, LGBT, perkawinan online,

surrogacy

, tes DNA, serta perkembangan kecerdasan buatan. Kompleksitas persoalan tersebut menuntut pendekatan hukum keluarga yang lebih adaptif dan multidimensional.

Syariah Tetap Menjadi Landasan. Meskipun perubahan sosial berlangsung sangat cepat, materi tersebut menegaskan bahwa adaptasi hukum keluarga Islam tidak berarti meninggalkan prinsip syariah. Prinsip yang ditekankan adalah bahwa syariah bersifat tetap, sedangkan implementasi fikih dapat mengalami perubahan sesuai dengan konteks zaman.

Karena itu, pendekatan hukum keluarga perlu memadukan landasan normatif dan rasional. Al-Qur’an, Sunnah, ijma, qiyas, dan berbagai sumber hukum Islam menjadi bagian dari landasan normatif. Sementara itu, pertimbangan seperti

maslahah, ‘urf,

dan metode-metode hukum lainnya dapat digunakan untuk membaca persoalan dalam konteks masyarakat yang terus berubah.

Pendekatan epistemologis tersebut diarahkan untuk menghasilkan hukum yang adaptif tanpa kehilangan legitimasi syariah. Dengan demikian, fleksibilitas dalam implementasi hukum bukan dimaknai sebagai pelemahan prinsip, melainkan sebagai upaya agar nilai-nilai syariah tetap mampu menjawab kebutuhan masyarakat.

Salah satu perspektif penting yang ditawarkan dalam materi adalah pendekatan

Maqashid al-Syariah

. Tujuan hukum keluarga diarahkan pada terwujudnya sakinah, mawaddah, dan rahmah, sekaligus menjaga sejumlah prinsip fundamental seperti kehormatan, martabat manusia, keadilan, agama, jiwa, akal, keturunan, dan harta.

Dengan pendekatan maqashid, hukum keluarga Islam tidak hanya dilihat dari aspek legal-formal, tetapi juga dari tujuan dan kemaslahatan yang hendak diwujudkan dalam kehidupan keluarga.

Materi tersebut juga menawarkan model adaptasi hukum keluarga Islam yang bergerak melalui sejumlah tahapan, yakni teks, konteks, budaya, peradaban, ijtihad, reformasi hukum, hingga kemanfaatan publik. Model ini menunjukkan pentingnya proses dialog antara sumber normatif Islam dan realitas masyarakat.

Dalam perspektif masa depan, hukum keluarga Islam diharapkan memiliki karakter global, digital, responsif, inklusif, humanistik, dan berorientasi pada

maqashid

. Karakter tersebut menjadi penting karena masyarakat Muslim akan terus berhadapan dengan perubahan teknologi, mobilitas global, keragaman budaya, serta bentuk-bentuk baru relasi sosial dan keluarga.

Sejumlah rekomendasi yang ditawarkan dalam materi antara lain digitalisasi layanan hukum keluarga, dialog lintas budaya, integrasi ilmu sosial, ijtihad kolektif internasional, reformasi pendidikan hukum Islam, serta penguatan maqashid syariah.

Pada akhirnya, kekuatan hukum keluarga Islam tidak semata-mata terletak pada kemampuannya mempertahankan ketentuan-ketentuan yang telah ada, tetapi juga pada kemampuannya merespons perubahan global dengan tetap berpegang pada Al-Qur’an dan Sunnah.

Pesan tersebut menjadi relevan dalam konteks Indonesia yang memiliki keragaman budaya dan tradisi hukum. Indonesia dengan kekayaan adat dan praktik sosialnya dapat menjadi ruang penting untuk terus mengembangkan kajian hukum keluarga Islam yang kontekstual, dialogis, dan berorientasi pada kemaslahatan.

Melalui IGLoPAS Seri IV, Pascasarjana IAIN Parepare tidak hanya menghadirkan forum transfer pengetahuan, tetapi juga membuka ruang dialog mengenai bagaimana hukum keluarga Islam dapat terus hidup dan berkembang di tengah perubahan zaman. Tradisi akademik semacam ini diharapkan dapat memperkuat posisi Pascasarjana IAIN Parepare sebagai ruang pengembangan pemikiran Islam yang responsif terhadap persoalan masyarakat dan perkembangan peradaban global.

Kontributor: Hamzah

Editor: Sri Rahayu Andira

di dalam

Berita

Humas IAIN Parepare

6 Agustus 2026

blog kami

Riset

Opini

Kerja sama

Zona Integitasme

Berita

Pengumuman

Podcast

Media Highlights

Kisah Inspiratif

Essai

Arsip

Semua tanggal

Desember

2013

2014

Juni

2014

Desember

2015

Januari

2016

Februari

2016

Maret

2016

April

2016

2016

Juni

2016

Juli

2016

Agustus

2016

September

2016

Oktober

2016

November

2016

Desember

2016

Januari

2017

Februari

2017

Maret

2017

April

2017

2017

Juni

2017

Juli

2017

Agustus

2017

Oktober

2017

November

2017

Desember

2017

Januari

2018

Februari

2018

Maret

2018

April

2018

2018

Juni

2018

Juli

2018

Agustus

2018

September

2018

Oktober

2018

November

2018

Desember

2018

Januari

2019

Februari

2019

Maret

2019

April

2019

2019

Juli

2019

Januari

2020

Februari

2020

Maret

2020

April

2020

2020

September

2020

Oktober

2020

November

2020

Desember

2020

Januari

2021

Februari

2021

Maret

2021

April

2021

2021

Juni

2021

Juli

2021

Agustus

2021

September

2021

Oktober

2021

November

2021

Desember

2021

Januari

2022

Februari

2022

Maret

2022

April

2022

2022

Juni

2022

Juli

2022

Agustus

2022

September

2022

Oktober

2022

November

2022

Desember

2022

Januari

2023

Februari

2023

Maret

2023

April

2023

2023

Juni

2023

Juli

2023

Agustus

2023

September

2023

Oktober

2023

November

2023

Desember

2023

Januari

2024

Februari

2024

Maret

2024

April

2024

2024

Juni

2024

Juli

2024

Agustus

2024

September

2024

Oktober

2024

November

2024

Desember

2024

Januari

2025

Februari

2025

Maret

2025

April

2025

2025

Juni

2025

Juli

2025

Agustus

2025

September

2025

Oktober

2025

November

2025

Desember

2025

Januari

2026

Februari

2026

Maret

2026

April

2026

2026

Juni

2026

Juli

2026

Agustus

2026

September

2026

Oktober

2026

Masuk

untuk meninggalkan komentar

Baca Berikutnya

Keren! Aktif Amalkan Tri Dharma Perguruan Tinggi, Muh. Yusuf Lulus Lewat Jurnal Sinta 3",https://ppid.iainpare.ac.id/web/image/9153-426f4a8e/700x0/gedung-rektorat.png
https://www.iainpare.ac.id/blog/essai-34/lampu-dan-informasi-produk-yang-tidak-transparan-perlindungan-konsumen-dalam-hukum-ekonomi-indonesia-6468,“LAMPU” DAN INFORMASI PRODUK YANG TIDAK TRANSPARAN: PERLINDUNGAN KONSUMEN DALAM HUKUM EKONOMI INDONESIA,"6 Agustus, 2026","“LAMPU” DAN INFORMASI PRODUK YANG TIDAK TRANSPARAN: PERLINDUNGAN KONSUMEN DALAM HUKUM EKONOMI INDONESIA

Oleh: Dr. Zainal Said.,MH. (Dosen fakultas  Syariah dan Ilmu Hukum IAIN Parepare)

6 Agustus, 2026

oleh

Humas IAIN Parepare

Pendahuluan

Informasi produk

ibarat lampu dalam ruang transaksi. Tanpa lampu, konsumen masuk

ke pasar dalam keadaan remang-remang: melihat barang,

tetapi tidak mengetahui mutunya;

membaca harga, tetapi tidak

memahami biaya tambahannya; melihat kemasan, tetapi tidak mengetahui risiko,

bahan, masa berlaku, garansi,

atau akibat penggunaannya.

Dalam keadaan gelap,

konsumen mudah

tersandung.

Ia membeli bukan karena benar-benar memahami, melainkan karena diarahkan oleh tampilan, promosi, iklan, atau janji pelaku usaha.

Dalam hukum ekonomi, transaksi yang adil membutuhkan

cahaya informasi.

Konsumen tidak

boleh dibiarkan

membeli dalam kegelapan. Pelaku usaha wajib menyalakan lampu keterangan agar konsumen dapat menilai barang

atau jasa secara rasional.

Informasi produk yang tidak transparan menciptakan ketimpangan antara pelaku usaha dan

konsumen. Pelaku usaha mengetahui lebih banyak

tentang barang

yang

dijual, sementara konsumen hanya melihat apa yang

ditampilkan kepadanya.

Masalah informasi produk

yang tidak transparan semakin

penting dalam era digital.

pasar fisik, konsumen masih

dapat menyentuh,

melihat, atau bertanya langsung

kepada penjual.

Namun,

dalam transaksi daring, konsumen sering

hanya bergantung

pada foto,

deskripsi

singkat, rating,

ulasan, label harga, dan janji promosi. Jika informasi tersebut tidak

benar, tidak jelas,

atau

tidak jujur,

maka

transaksi berubah dari pertukaran

sukarela menjadi hubungan yang timpang.

Undang-Undang Nomor

8 Tahun 1999 tentang Perlindungan

Konsumen menegaskan bahwa konsumen memiliki hak atas informasi yang

benar, jelas,

dan jujur

mengenai kondisi dan

jaminan barang dan/atau

jasa. Norma ini menjadi lampu hukum

yang harus menerangi setiap

transaksi.

Tanpa keterbukaan informasi,

asas kebebasan

berkontrak, asas keadilan, dan asas

perlindungan konsumen

kehilangan makna.

Lampu sebagai Metafora Informasi Produk

Lampu berfungsi menerangi.

Ia membantu

manusia melihat benda sebagaimana adanya. Lampu

tidak menciptakan benda,

tetapi mengungkap bentuk, warna,

cacat, jarak, dan bahaya

yang mungkin tersembunyi. Demikian

pula

informasi produk.

Informasi tidak

menciptakan

barang,

tetapi membantu

konsumen memahami barang sebelum mengambil keputusan.

Jika informasi adalah lampu,

maka

transparansi adalah

cahayanya. Semakin terang

cahaya informasi,

semakin bebas konsumen menentukan

pilihan.

Sebaliknya, semakin gelap

informasi,

semakin besar

kemungkinan

konsumen tertipu, salah memilih, atau menerima

risiko

yang tidak ia pahami.

Menurut Ahmadi Miru

dan Sutarman

Yodo,

perlindungan konsumen diperlukan

karena posisi konsumen sering

lebih lemah

daripada pelaku usaha, terutama dalam penguasaan

informasi, kemampuan

menawar, dan

akses terhadap

penyelesaian

sengketa (Miru &

Yodo, 2015). Pandangan

menjelaskan

bahwa informasi produk bukan

sekadar

pelengkap transaksi,

melainkan

instrumen untuk menyeimbangkan

posisi konsumen

dan pelaku usaha.

Dalam metafora lampu, pelaku usaha memegang

sakelar.

Ia dapat menyalakan

informasi

secara terang,

tetapi juga dapat meredupkannya.

Ia dapat menampilkan kelebihan

produk dengan jelas, tetapi menyembunyikan

kelemahannya dalam huruf

kecil,

syarat panjang, atau

informasi yang sulit ditemukan. Karena itu, hukum

harus memastikan bahwa sakelar

informasi tidak sepenuhnya berada dalam kuasa pelaku usaha.

Ketimpangan Informasi dalam Transaksi Konsumen

Informasi produk

yang tidak transparan lahir

dari ketimpangan informasi. Pelaku

usaha

mengetahui bahan,

kualitas,

risiko, proses produksi, komposisi,

asal barang, garansi, batas penggunaan, dan

kelemahan produk. Konsumen tidak

selalu

mengetahui hal tersebut.

Konsumen hanya mengetahui apa yang diberitahukan kepadanya.

George Akerlof menjelaskan

konsep

asymmetric information

melalui contoh

pasar mobil

bekas, yaitu

keadaan ketika salah satu

pihak

dalam transaksi memiliki informasi lebih

banyak

daripada pihak lain, sehingga pasar dapat menghasilkan

keputusan

yang

merugikan pihak yang

kurang informasi (Akerlof,

1970). Dalam konteks perlindungan konsumen, teori ini menunjukkan

bahwa ketidakterbukaan informasi dapat membuat konsumen membeli produk yang

tidak

sesuai harapan, tidak aman, atau tidak

sebanding dengan harga yang dibayar.

Ketimpangan informasi dapat muncul dalam berbagai bentuk. Pertama, informasi yang tidak lengkap, misalnya produk tidak mencantumkan

komposisi,

risiko, tanggal kedaluwarsa, atau

ketentuan garansi. Kedua, informasi yang

menyesatkan, misalnya iklan

menyebut produk “aman” atau

“alami” tanpa dasar

yang jelas. Ketiga,

informasi yang disembunyikan, misalnya

biaya tambahan

baru muncul saat pembayaran. Keempat,

informasi yang terlalu

teknis sehingga sulit dipahami konsumen awam.

Kelima,

informasi yang

sengaja dikaburkan melalui desain aplikasi atau klausula baku panjang.

Dalam keadaan

demikian,

pasar tidak

benar-benar

bekerja secara adil. Konsumen

tampak

bebas memilih, tetapi pilihannya dibentuk oleh cahaya informasi yang sengaja diredupkan. Kebebasan memilih

tanpa informasi yang

benar

hanyalah

kebebasan

semu.

Dasar Hukum Hak atas Informasi yang Benar

Dasar hukum utama perlindungan konsumen dari informasi produk

yang tidak transparan adalah

UU No. 8 Tahun 1999

tentang Perlindungan Konsumen

. Pasal 4

Perlindungan Konsumen

memberi hak kepada konsumen untuk memperoleh informasi yang

benar,

jelas, dan

jujur

mengenai kondisi dan jaminan

barang

dan/atau

jasa.

juga berkaitan

dengan hak

atas

kenyamanan, keamanan,

keselamatan,

hak memilih,

hak didengar, hak memperoleh

kompensasi,

dan hak memperoleh

perlakuan

yang

benar

serta tidak diskriminatif.

Kewajiban pelaku usaha juga ditegaskan dalam UU Perlindungan

Konsumen. Pelaku usaha wajib beritikad baik dalam melakukan kegiatan

usahanya, memberikan

informasi yang

benar,

jelas,

jujur, serta menjamin mutu

barang dan/atau jasa yang diproduksi atau diperdagangkan. Dengan

demikian,

keterbukaan

informasi bukanlah

kemurahan

hati pelaku

usaha, melainkan kewajiban

hukum.

Dalam perdagangan

elektronik,

PP No.

80 Tahun 2019 tentang

Perdagangan Melalui Sistem Elektronik

memperkuat kewajiban

kejelasan informasi. PP tersebut mengatur

perdagangan melalui sistem elektronik sebagai pelaksanaan UU Perdagangan dan

menegaskan pentingnya kejelasan informasi dalam transaksi elektronik. Pemerintah

juga menjelaskan

bahwa pelaku PMSE wajib memenuhi berbagai kewajiban terkait sistem

elektronik

dan mematuhi regulasi sektoral perizinan kegiatan usaha PMSE.

Dengan dasar hukum

tersebut,

informasi produk

yang

tidak

transparan

dapat dipandang sebagai pelanggaran terhadap hak

konsumen, pelanggaran

kewajiban

pelaku usaha,

dan bentuk praktik bisnis yang

tidak sesuai dengan prinsip

itikad

baik.

Informasi Produk sebagai Syarat Persetujuan yang Sah

Dalam hukum perjanjian,

persetujuan

para pihak

menjadi syarat penting lahirnya perjanjian. Namun, persetujuan yang

diberikan dalam keadaan

tidak mengetahui fakta penting

dapat dipersoalkan.

Konsumen yang menyetujui pembelian tanpa informasi benar

sebenarnya tidak

memberikan persetujuan secara utuh.

Asas konsensualisme dalam hukum perjanjian menghendaki adanya kesepakatan. Akan tetapi,

kesepakatan

yang sehat membutuhkan

informasi yang cukup.

Jika pelaku usaha menyembunyikan

fakta material,

maka kesepakatan dapat menjadi timpang. Konsumen

seolah-olah setuju, padahal ia tidak

mengetahui risiko atau

keadaan sebenarnya.

Mariam Darus Badrulzaman menjelaskan bahwa dalam perjanjian baku,

posisi konsumen

sering lemah

karena isi perjanjian

telah ditentukan

sepihak

oleh pelaku usaha (Badrulzaman,1994).

Dalam konteks informasi produk, kelemahan ini semakin besar

ketika konsumen hanya diberi pilihan “setuju” tanpa kesempatan memahami syarat transaksi secara wajar.

Informasi produk

adalah lampu

sebelum tanda tangan. Ia harus menyala sebelum konsumen membeli,

bukan setelah sengketa terjadi. Garansi, risiko, harga total,

batas tanggung jawab,

cara

pengembalian, syarat komplain,

dan spesifikasi barang

harus diberitahukan

sejak awal

agar

persetujuan

konsumen benar-benar sadar dan

rasional.

Bentuk-Bentuk Informasi Produk yang Tidak Transparan

Informasi produk

yang tidak transparan dapat ditemukan dalam berbagai bentuk.

Pertama,

label yang

tidak lengkap

. Produk

tidak

mencantumkan komposisi,

ukuran,

berat

bersih, tanggal kedaluwarsa, izin edar, cara penggunaan, efek samping, atau peringatan risiko.

Kedua,

iklan yang menyesatkan

. Produk

dipromosikan

dengan

klaim berlebihan, seperti “paling aman”, “paling murah”, “100

persen berhasil”,

“tanpa risiko”, atau “alami sepenuhnya”, tetapi tidak

didukung

bukti yang memadai.

Ketiga,

harga yang tidak terang

Harga awal tampak murah, tetapi konsumen

baru mengetahui biaya administrasi,

biaya layanan, ongkos kirim, pajak,

biaya platform, atau

biaya tambahan

lain pada tahap

akhir pembayaran.

Keempat,

foto produk yang tidak sesuai

. Dalam perdagangan

elektronik, foto

sering dibuat

sangat menarik, tetapi barang yang

dikirim berbeda kualitas, ukuran,

warna, atau

bentuknya.

Kelima,

garansi yang

tidak jelas

Pelaku

usaha mencantumkan kata “garansi”, tetapi tidak menjelaskan jangka waktu, cakupan

kerusakan, prosedur klaim,

biaya pengiriman, dan

pengecualian tanggung

jawab.

Keenam,

ulasan dan rating

palsu

Konsumen diarahkan

oleh testimoni yang seolah-olah berasal dari pembeli nyata, padahal dibuat, dibayar, atau dimanipulasi.

Ketujuh,

klausula tersembunyi

Syarat penting diletakkan dalam teks panjang,

huruf kecil, atau tautan terpisah

yang sulit diakses.

Kedelapan,

dark patterns

dalam desain digital.

Aplikasi atau

situs dirancang

agar

konsumen sulit membatalkan

pesanan, sulit berhenti berlangganan, atau tidak sadar menyetujui biaya

tambahan.

Semua bentuk tersebut menunjukkan bahwa lampu

informasi tidak

dimatikan sepenuhnya, tetapi dibuat redup.

Konsumen masih melihat sesuatu,

tetapi tidak cukup

terang untuk

memahami keadaan sebenarnya.

Informasi Tidak Transparan dalam Ekonomi Digital

Ekonomi digital memperbesar

risiko

informasi tidak transparan.

Platform marketplace, media

sosial, aplikasi layanan,

dan situs jual beli memberi kemudahan, tetapi juga menciptakan jarak antara konsumen

produk. Konsumen tidak selalu

tahu

siapa penjual sebenarnya,dari mana barang dikirim, apakah produk

asli, apakah

garansi resmi, atau apakah ulasan dapat dipercaya.

Frank Pasquale menyebut masyarakat digital sebagai

black box society

yaitu keadaan

ketika keputusan penting

dalam sistem digital dibuat oleh mekanisme tertutup

yang sulit dipahami oleh

publik (Pasquale, 2015). Dalam transaksi digital,

ketertutupan

ini dapat muncul dalam algoritma pencarian

produk, sistem rekomendasi, promosi berbayar,

rating,

penentuan harga personal.

Shoshana Zuboff

menjelaskan

bahwa ekonomi digital dapat bergerak melalui pengumpulan dan

pemanfaatan data perilaku

manusia untuk kepentingan prediksi dan keuntungankomersial (Zuboff,

2019). Dalam konteks informasi produk,

konsumen tidak hanya menerima informasi, tetapi juga diarahkan

oleh

data dan algoritma.

Produk yang muncul di layar belum tentu produk terbaik, tetapi produk

yang paling sesuai dengan strategi platform.

Karena itu, transparansi dalam ekonomi digital harus mencakup

bukan

hanya informasi barang, tetapi juga informasi mengenai penjual,

promosi,

biaya,

sistem rekomendasi,

perlindungan data, dan mekanisme penyelesaian

sengketa.

Lampu

digital tidak cukup

menerangi produk;

ia juga harus menerangi sistem yang mengarahkan

konsumen kepada

produk tersebut.

Dampak

terhadap Konsumen

Informasi produk

yang tidak transparan menimbulkan berbagai kerugian

bagi konsumen. Pertama,

konsumen dapat membeli barang

yang

tidak sesuai kebutuhan. Kedua, konsumen dapat membayar lebih mahal dari yang ia pahami. Ketiga,

konsumen dapat mengalami

kerugian kesehatan

atau

keselamatan akibat tidak mengetahui risiko produk. Keempat,

konsumen dapat kehilangan

hak komplain karena tidak

memahami syarat garansi. Kelima, konsumen dapat terjebak

dalam langganan atau layanan berulang. Keenam, konsumen dapat

mengalami kebocoran data pribadi karena tidak memahami persetujuan

penggunaan data.

Menurut Philip Kotler

dan Kevin Lane Keller, pemasaran yang

baik harus membangun nilai

dan hubungan jangka panjang dengan konsumen, bukan hanya mengejar

penjualan

sesaat (Kotler &

Keller, 2016). Informasi yang

tidak transparan mungkin meningkatkan penjualan dalam jangka pendek,

tetapi merusak kepercayaan

dalam jangka panjang.Kepercayaan adalah modal utama dalam pasar. Konsumen

yang merasa tertipu

akan kehilangan kepercayaan,

bukan

hanya kepada satu

pelaku

usaha, tetapi juga kepada

ekosistem pasar. Dalam transaksi digital,

hilangnya kepercayaan

dapat menyebar

cepat melalui ulasan negatif,

media sosial, dan pengaduan publik.

Dalam metafora lampu, konsumen yang

pernah tersandung

dalam ruang gelap

akan

ragu masuk kembali. Karena itu, transparansi bukan beban

bagi

pelaku usaha, tetapi investasi dalam kepercayaan.

Dampak

terhadap Persaingan Usaha

Informasi produk

yang tidak transparan tidak

hanya merugikan

konsumen, tetapi juga merusak

persaingan usaha.

Pelaku

usaha yang jujur dapat kalah

bersaing

dari

pelaku usaha yang

menggunakan klaim palsu,

harga menyesatkan, atau promosi manipulatif.

Akibatnya, pasar

memberi hadiah kepada pelaku

usaha yang tidak etis, bukan

kepada pelaku

usaha yang

berkualitas.

Richard

A. Posner menjelaskan

bahwa hukum persaingan

usaha bertujuan

mencegah

perilaku yang

merusak efisiensi dan kompetisi pasar (Posner,

2001). Dalam pasar yang dipenuhi informasi tidak transparan, kompetisi tidak

lagi didasarkan pada mutu dan

harga yang

jujur, tetapi pada kemampuan mengaburkan informasi.

Hal ini dapat menciptakan persaingan

usaha

tidak

sehat.

UU No. 5 Tahun

1999 tentang Larangan Praktik Monopoli dan Persaingan Usaha Tidak

Sehat dapat menjadi rujukan apabila informasi tidak transparan digunakan sebagai bagian dari strategi penguasaan

pasar, diskriminasi, atau tindakan yang

menghambat persaingan.Namun, untuk perlindungan

langsung terhadap

konsumen,

Perlindungan Konsumen tetap menjadi dasar

utama.

Pasar yang sehat membutuhkan lampu

yang

sama terang

bagi

semua pelaku.

Jika pelaku

usaha jujur

menyalakan

lampu, sementara pelaku lain sengaja menciptakan kabut,

maka

persaingan

menjadi tidak adil. Negara harus memastikan bahwa kejujuran

tidak menjadi

kelemahan dalam bisnis.

Tanggung Jawab Pelaku Usaha

Pelaku usaha memiliki tanggung jawab untuk

memberikan informasi yang benar,

jelas,

dan jujur. Tanggung jawab

ini mencakup tahap

produksi, pengemasan,

promosi,

penjualan,

pembayaran, pengiriman, layanan purna jual,

dan penyelesaian

pengaduan.

Informasi yang benar

berarti sesuai fakta.

Informasi yang

jelas berarti mudah dipahami oleh

konsumen. Informasi yang jujur berarti tidak menyembunyikan risiko atau

syarat penting.

Ketiga unsur

harus hadir

bersama. Informasi yang

benar

tetapi disampaikan dengan bahasa sangat teknis dapat tetap tidak

jelas. Informasi yang

jelas tetapi tidak lengkap dapat

tetap menyesatkan. Informasi yang lengkap

tetapi disembunyikan

dalam teks panjang

dapat

tetap tidak jujur

secara etis.

Menurut Richard T. De George,

etika bisnis menuntut pelaku usaha bertindak jujur,

adil,

bertanggung

jawab

kepada para pemangku

kepentingan

George, 2010). Dalam konteks

informasi produk,

tanggung

jawab etis berarti pelaku usaha tidak

boleh

memanfaatkan

ketidaktahuan

konsumen sebagai peluang

keuntungan.Pelaku usaha harus memahami bahwa konsumen bukan sekadar target pasar.

Konsumen adalah subjek

hukum yang memiliki hak.

Barang

jasa bukan

hanya komoditas, tetapi

bagian

dari hubungan

sosial yang

harus dijalankan dengan

itikad

baik.

Peran Negara dan Lembaga Pengawas

Negara memiliki kewajiban untuk memastikan agar

lampu

informasi di pasar tetap menyala.

Peran negara dilakukan melalui regulasi, pengawasan,

pembinaan,

penindakan, dan

penyelesaian sengketa konsumen.

Tanpa pengawasan,

pelaku usaha yang tidak

transparan dapat terus berulang

karena keuntungan

dari ketidakjujuran

lebih besar

daripada risiko

sanksi.

Pemerintah perlu memperkuat pengawasan label,

iklan,

produk digital, marketplace,

produk impor, pangan,

kosmetik, obat, layanan keuangan digital, dan barang berisiko

tinggi. Dalam

sektor tertentu, pengawasan

juga

melibatkan lembaga seperti BPOM,

OJK, Bank Indonesia,

Kementerian Perdagangan, Kementerian Komunikasi dan

Digital, pemerintah daerah,

serta Badan Penyelesaian

Sengketa Konsumen.

Lawrence M. Friedman

menjelaskan bahwa hukum bekerja melalui substansi, struktur, dan

budaya hukum (Friedman,

1975). Substansi hukum perlindungan konsumen

sudah

mengatur hak

atas

informasi.

Struktur hukum perlu memastikan pengawasan berjalan. Budaya hukum

perlu

mendorong pelaku usaha jujur dan

konsumen kritis.

Negara juga harus memperkuat literasi konsumen.

Konsumen perlu dilatih membaca label, memahami klaim iklan, memeriksa izin edar,

membandingkan

harga total, memahami syarat

garansi,

dan berhati-hati terhadap

promosi yang terlalu

indah.

Lampu

hukum harus dibantu oleh

mata konsumen

yang

kritis.

Perlindungan

Konsumen Rentan

Informasi produk

yang tidak transparan paling

berbahaya bagi konsumen rentan,

seperti

anak-anak, orang tua, masyarakat berpendidikan

rendah,

masyarakat miskin, penyandang

disabilitas, dan

konsumen yang rendah literasi digital. Mereka lebih mudah percaya pada

iklan,

testimoni,

label, atau promosi yang

tampak meyakinkan.

John Rawls menyatakan bahwa ketimpangan

sosial dan

ekonomi hanya dapat dibenarkan

apabila memberikan manfaat terbesar

bagi kelompok yang

paling kurang beruntung

(Rawls,1999). Dalam perlindungan konsumen,

prinsip ini berarti hukum harus memberi perhatian lebih kepada konsumen rentan.

Informasi produk harus disampaikan dengan

bahasa yang

mudah

dipahami, tidak menyesatkan,

dan tidak

mengeksploitasi kelemahan

konsumen.

Amartya Sen

menegaskan

bahwa pembangunan

harus memperluas kemampuan manusia

untuk menjalani kehidupan yang

bernilai (Sen,

1999). Dalam konteks informasi produk, kemampuan

konsumen untuk memilih

hanya dapat berkembang apabila ia memperoleh

informasi yang cukup.

Tanpa informasi, konsumen

tidak benar-benar

bebas.Lampu yang baik

tidak hanya menerangi orang yang matanya tajam. Lampu juga harus membantu mereka yang

penglihatannya lemah. Itulah makna keadilan

dalam perlindungan konsumen.

Strategi Mengatasi Informasi Produk yang Tidak Transparan

Untuk mengatasi informasi produk

yang tidak transparan, beberapa strategi dapat dilakukan. Pertama, memperkuat kewajiban label yang

benar, lengkap,

dan mudah dipahami.

Informasi penting tidak

boleh

disembunyikan

dalam tulisan kecil atau

istilah teknis yang membingungkan.

Kedua, memperketat pengawasan iklan

promosi, terutama klaim kesehatan,

kecantikan, keuangan,

investasi, pendidikan,

dan produk digital yang berisiko tinggi.

Ketiga, mewajibkan

transparansi harga total sejak awal,

termasuk

biaya layanan,

pajak,

ongkos kirim, biaya administrasi, biaya platform, atau

potongan lain.

Keempat, memperjelas aturan

garansi dan layanan purna jual agar

konsumen memahami haknya sebelum membeli.

Kelima, memperkuat tanggung

jawab platform digital terhadap informasi penjual dan produk yang diperdagangkan melalui sistemnya.

Keenam,

menyediakan

mekanisme pengaduan yang sederhana, cepat,

mudah diakses.

Ketujuh, meningkatkan literasi konsumen

melalui pendidikan publik.

Kedelapan, memperkuat sanksi terhadap pelaku usaha yang

sengaja memberikan informasi palsu, menyesatkan, atau tidak

lengkap.

Kesembilan, mendorong

pelaku

usaha menerapkan etika bisnis dan kepatuhan

internal. Kesepuluh,

memperkuat koordinasi antara lembaga pengawas pusat dan daerah.

Strategi tersebut penting agar

lampu informasi tidak hanya menyala di teks hukum, tetapi juga menerangi praktik

pasar sehari-hari.

Penutup

Informasi produk

adalah lampu

dalam ruang transaksi. Tanpa lampu, konsumen berjalan

dalam gelap. Ia mungkin membeli,

tetapi tidak

benar-benar memahami.

Ia mungkin

setuju, tetapi tidak

benar-benar

mengetahui. Ia mungkin memilih, tetapi pilihannya dibentuk

oleh

informasi yang disembunyikan,

dikaburkan, atau dimanipulasi.

Informasi produk

yang tidak transparan merusak

perlindungan konsumen, melemahkan

kepercayaan

pasar, menciptakan persaingan tidak sehat,

dan mencederai keadilan ekonomi.

Karena itu,

atas

informasi yang benar,

jelas, dan jujur harus dipahami sebagai hak fundamental dalam transaksi modern.

Hukum perlindungan

konsumen hadir

sebagai lampu negara.

Ia mewajibkan

pelaku usaha menyalakan

informasi, melarang penyesatan,

dan memberi jalan bagi konsumen

untuk

menuntut haknya. Namun, lampu hukum harus dijaga oleh pengawasan

yang kuat, budaya bisnis yang

jujur,

dan konsumen yang

kritis.

Pada akhirnya, pasar

yang adil bukanlah

pasar yang paling

ramai, melainkan pasar

yang

paling terang. Di pasar

yang terang, konsumen

dapat melihat,

pelaku

usaha jujur dapat bersaing,

dan hukum dapat bekerja untuk

melindungi

manusia. Jika informasi adalah cahaya,

maka

transparansi adalah

keadilan yang

menyala.

Editor / layout  : Tasrif

Daftar Pustaka

Akerlof,

G. A.

(1970). The market for “lemons”: Quality

uncertainty and the market

mechanism.

The Quarterly Journal of Economics, 84

(3),

488–500.

Badrulzaman,

M. D.

(1994).

Aneka hukum bisnis

. Bandung: Alumni.

De George,

R. T.

(2010).

Business ethics

(7th

ed.). Boston: Prentice Hall.

Friedman, L.

M. (1975).

The legal system:

A social science perspective

. New York: Russell

Sage Foundation.

Kotler, P., &

Keller, K.

L. (2016).

Marketing management

(15th ed.).

Boston: Pearson. Miru, A.,

& Yodo, S. (2015).

Hukum perlindungan

konsumen

. Jakarta: RajaGrafindo

Persada.

Pasquale, F.

(2015).

The black box society: The secret algorithms that control money and

information

. Cambridge, MA:

Harvard University Press.

Posner,

R. A. (2001).

Antitrust law

(2nd ed.). Chicago: University

of Chicago Press.

Rahardjo, S.

(2009).

Hukum progresif: Sebuah

sintesa

hukum Indonesia

. Yogyakarta: Genta

Publishing

Rawls,

J. (1999).

A theory of justice

revised

edition. Cambridge, MA: Harvard

University

Press.

Sen, A. (1999).

Development as freedom

. New York: Alfred

A. Knopf.

Zuboff, S.

(2019).

The age of surveillance capitalism: The fight for a human

future at the new frontier of power

New York: PublicAffairs.

Undang-Undang Republik Indonesia Nomor 8 Tahun 1999 tentang Perlindungan

Konsumen. Undang-Undang

Republik Indonesia Nomor 5 Tahun 1999 tentang Larangan

Praktek

Monopoli dan

Persaingan Usaha Tidak

Sehat.

Undang-Undang Republik Indonesia Nomor 7 Tahun 2014 tentang Perdagangan. Peraturan

Pemerintah Republik

Indonesia Nomor 80 Tahun 2019 tentang Perdagangan

Melalui Sistem Elektronik.

di dalam

Essai

Humas IAIN Parepare

6 Agustus 2026

blog kami

Riset

Opini

Kerja sama

Zona Integitasme

Berita

Pengumuman

Podcast

Media Highlights

Kisah Inspiratif

Essai

Arsip

Semua tanggal

Juni

2026

Juli

2026

Agustus

2026

September

2026

Oktober

2026

Masuk

untuk meninggalkan komentar

Baca Berikutnya

“BOTOL” DAN KEWAJIBAN MENGGUNAKAN SISTEM PEMBAYARAN TERTENTU: ANTARA EFISIENSI DIGITAL, KEBEBASAN KONSUMEN, DAN KEADILAN PASAR

Oleh: Dr. Zainal Said.,MH (Dosen Fakultas Syariah dan Ilmu Hukum IAIN Parepare)",https://ppid.iainpare.ac.id/web/image/9153-426f4a8e/700x0/gedung-rektorat.png
https://www.iainpare.ac.id/blog/berita-1/pascasarjana-iain-parepare-gelar-international-guest-lecture-bahas-dinamika-hukum-keluarga-islam-6573,"Pascasarjana IAIN Parepare Gelar International Guest Lecture, Bahas Dinamika Hukum Keluarga Islam","5 Agustus, 2026","Pascasarjana IAIN Parepare Gelar International Guest Lecture, Bahas Dinamika Hukum Keluarga Islam

5 Agustus, 2026

oleh

Humas IAIN Parepare

Humas IAIN Parepare

- Program Pascasarjana IAIN Parepare kembali menyelenggarakan

International Guest Lecture of Post Graduate Program at IAIN Parepare (IGLoPAS)

dengan mengangkat tema

“The Dynamics of Islamic Family Law in the Context of Cultural Diversity and Global Civilization”

. Kegiatan yang dilaksanakan pada Kamis, 6 Agustus 2026, ini menghadirkan akademisi dari Indonesia dan Malaysia untuk mendiskusikan dinamika hukum keluarga Islam dalam menghadapi keberagaman budaya dan perkembangan peradaban global.

Kegiatan yang berlangsung secara daring melalui Zoom tersebut menghadirkan Prof. Dr. Zaini Nasohah, Pensyarah pada Pusat Kajian Syariah, Fakulti Pengajian Islam, Universiti Kebangsaan Malaysia, sebagai pembicara internasional. Sementara itu, dari Indonesia hadir Dr. Agus Muchsin, M.Ag., dosen IAIN Parepare, sebagai pembicara. Kegiatan dipandu oleh Faisal Nur Shadiq Shabri, Lc., M.H., selaku moderator.

Wakil Direktur Pascasarjana IAIN Parepare, Prof. Dr. Fikri, M.H.I., secara resmi membuka kegiatan tersebut. Dalam sambutannya, ia menyampaikan bahwa IGLoPAS telah memasuki seri keempat. Menurutnya, kegiatan yang dirancang secara berseri tersebut diharapkan dapat terus dilaksanakan secara berkelanjutan pada tahun-tahun berikutnya.

“IGLoPAS ini sudah memasuki seri keempat dari enam seri. Kita berharap kegiatan berseri ini tetap berlanjut meskipun nanti berganti tahun. Budaya seperti ini perlu dilanggengkan,” ungkap Prof. Dr. Fikri dalam sambutannya.

Ia menilai keberlanjutan kegiatan semacam ini penting bagi pengembangan atmosfer akademik di lingkungan Pascasarjana IAIN Parepare. Terlebih, setiap pelaksanaan IGLoPAS memerlukan proses untuk menemukan pemateri yang tepat dan memiliki kompetensi sesuai dengan tema yang diusung.

Menurutnya, menghadirkan narasumber yang tepat menjadi salah satu aspek penting agar diskusi akademik yang dibangun benar-benar relevan dengan isu yang sedang dikaji. Karena itu, tradisi akademik melalui kegiatan IGLoPAS diharapkan dapat terus dipertahankan dan dikembangkan sebagai bagian dari penguatan jejaring akademik Pascasarjana IAIN Parepare.

IGLoPAS seri keempat ini mendapat antusiasme yang baik dari peserta. Tercatat sekitar 110 peserta mengikuti kegiatan tersebut. Peserta tidak hanya berasal dari wilayah Sulawesi Selatan, tetapi juga dari berbagai daerah di Indonesia, di antaranya Sumatera, Kalimantan, Jawa, dan Papua.

Keragaman asal peserta tersebut menunjukkan bahwa kegiatan akademik yang diselenggarakan Pascasarjana IAIN Parepare mampu menjangkau kalangan akademisi dan masyarakat dari berbagai wilayah. Format kegiatan yang dilaksanakan secara daring juga memungkinkan partisipasi yang lebih luas tanpa dibatasi jarak dan wilayah geografis.

Tema

“The Dynamics of Islamic Family Law in the Context of Cultural Diversity and Global Civilization”

dinilai relevan dengan perkembangan masyarakat Muslim kontemporer. Keberagaman budaya dan perubahan sosial yang berlangsung di berbagai belahan dunia menghadirkan tantangan tersendiri bagi pengembangan hukum keluarga Islam. Karena itu, diperlukan kajian yang tidak hanya berpijak pada khazanah keislaman, tetapi juga mampu membaca dinamika sosial dan budaya dalam konteks global.

Kehadiran Prof. Dr. Zaini Nasohah dari Universiti Kebangsaan Malaysia dan Dr. Agus Muchsin, M.Ag., dari IAIN Parepare diharapkan dapat memperkaya perspektif peserta mengenai persoalan tersebut, sekaligus membuka ruang dialog akademik antara Indonesia dan Malaysia.

Melalui penyelenggaraan IGLoPAS secara berkelanjutan, Pascasarjana IAIN Parepare menunjukkan komitmennya dalam membangun budaya akademik yang terbuka, dinamis, dan berorientasi pada jejaring keilmuan internasional. Antusiasme peserta dari berbagai daerah menjadi salah satu indikator bahwa forum akademik semacam ini memiliki ruang yang luas untuk terus dikembangkan pada seri-seri berikutnya.

Kontributor: Hamzah

Editor: Sri Rahayu Andira

di dalam

Berita

Humas IAIN Parepare

5 Agustus 2026

blog kami

Riset

Opini

Kerja sama

Zona Integitasme

Berita

Pengumuman

Podcast

Media Highlights

Kisah Inspiratif

Essai

Arsip

Semua tanggal

Desember

2013

2014

Juni

2014

Desember

2015

Januari

2016

Februari

2016

Maret

2016

April

2016

2016

Juni

2016

Juli

2016

Agustus

2016

September

2016

Oktober

2016

November

2016

Desember

2016

Januari

2017

Februari

2017

Maret

2017

April

2017

2017

Juni

2017

Juli

2017

Agustus

2017

Oktober

2017

November

2017

Desember

2017

Januari

2018

Februari

2018

Maret

2018

April

2018

2018

Juni

2018

Juli

2018

Agustus

2018

September

2018

Oktober

2018

November

2018

Desember

2018

Januari

2019

Februari

2019

Maret

2019

April

2019

2019

Juli

2019

Januari

2020

Februari

2020

Maret

2020

April

2020

2020

September

2020

Oktober

2020

November

2020

Desember

2020

Januari

2021

Februari

2021

Maret

2021

April

2021

2021

Juni

2021

Juli

2021

Agustus

2021

September

2021

Oktober

2021

November

2021

Desember

2021

Januari

2022

Februari

2022

Maret

2022

April

2022

2022

Juni

2022

Juli

2022

Agustus

2022

September

2022

Oktober

2022

November

2022

Desember

2022

Januari

2023

Februari

2023

Maret

2023

April

2023

2023

Juni

2023

Juli

2023

Agustus

2023

September

2023

Oktober

2023

November

2023

Desember

2023

Januari

2024

Februari

2024

Maret

2024

April

2024

2024

Juni

2024

Juli

2024

Agustus

2024

September

2024

Oktober

2024

November

2024

Desember

2024

Januari

2025

Februari

2025

Maret

2025

April

2025

2025

Juni

2025

Juli

2025

Agustus

2025

September

2025

Oktober

2025

November

2025

Desember

2025

Januari

2026

Februari

2026

Maret

2026

April

2026

2026

Juni

2026

Juli

2026

Agustus

2026

September

2026

Oktober

2026

Masuk

untuk meninggalkan komentar

Baca Berikutnya

IGLoPAS Seri IV Soroti Masa Depan Hukum Keluarga Islam di Tengah Perubahan Global",https://ppid.iainpare.ac.id/web/image/9153-426f4a8e/700x0/gedung-rektorat.png
https://www.iainpare.ac.id/blog/essai-34/botol-dan-kewajiban-menggunakan-sistem-pembayaran-tertentu-antara-efisiensi-digital-kebebasan-konsumen-dan-keadilan-pasar-6453,"“BOTOL” DAN KEWAJIBAN MENGGUNAKAN SISTEM PEMBAYARAN TERTENTU: ANTARA EFISIENSI DIGITAL, KEBEBASAN KONSUMEN, DAN KEADILAN PASAR","30 Juli, 2026","“BOTOL” DAN KEWAJIBAN MENGGUNAKAN SISTEM PEMBAYARAN TERTENTU: ANTARA EFISIENSI DIGITAL, KEBEBASAN KONSUMEN, DAN KEADILAN PASAR

Oleh: Dr. Zainal Said.,MH (Dosen Fakultas Syariah dan Ilmu Hukum IAIN Parepare)

30 Juli, 2026

oleh

Humas IAIN Parepare

Pendahuluan

Sistem pembayaran

dalam ekonomi digital ibarat botol. Ia adalah wadah yang menampung aliran

transaksi: uang masuk, uang keluar, nilai berpindah, barang dibeli, jasa

dibayar, dan hubungan ekonomi diselesaikan. Botol membuat air transaksi tidak tumpah ke mana-mana. Ia memberi bentuk, ukuran, keamanan, dan

keteraturan. Namun, botol juga dapat menjadi masalah apabila hanya satu bentuk

botol yang dipaksakan kepada semua orang, tanpa memperhatikan kebutuhan,

kemampuan, akses, dan pilihan masyarakat.

Dalam kehidupan ekonomi modern, pembayaran

tidak lagi hanya dilakukan dengan uang tunai. Konsumen menggunakan transfer

bank, kartu debit, kartu kredit, uang elektronik, dompet digital, mobile banking,

internet banking, QRIS,

virtual account, dan berbagai kanal pembayaran lain. Perkembangan ini

memberi kemudahan besar: transaksi lebih cepat, pencatatan lebih rapi, risiko

membawa uang tunai berkurang, dan pelaku usaha dapat menjangkau konsumen secara

lebih luas.

Namun, persoalan hukum muncul ketika

konsumen atau pelaku usaha diwajibkan menggunakan sistem pembayaran tertentu.

Misalnya, pembayaran hanya boleh melalui aplikasi tertentu, hanya melalui bank

tertentu, hanya melalui dompet digital tertentu, hanya melalui QR tertentu,

atau hanya melalui kanal pembayaran yang ditunjuk sepihak.

Kewajiban semacam ini perlu dikaji secara hati-hati. Apakah kewajiban

tersebut sah karena bertujuan efisiensi, keamanan, dan standardisasi? Ataukah

justru menjadi bentuk pembatasan pilihan konsumen, penguncian pasar,

diskriminasi akses, dan persaingan usaha tidak sehat?

Botol pembayaran digital memang penting.

Tetapi dalam hukum ekonomi, pertanyaannya bukan hanya apakah botol itu praktis,

melainkan siapa yang membuat botol, siapa yang menguasai mulut botol,

siapa yang dapat

menuangkan air ke dalamnya, siapa

yang dipaksa meminumnya, dan

siapa yang memperoleh keuntungan dari bentuk botol tersebut.

Botol

sebagai Metafora Sistem

Pembayaran

Botol memiliki

fungsi utama sebagai

wadah. Tanpa botol, air mudah

tumpah. Tanpa sistem pembayaran yang tertib, transaksi

ekonomi mudah kacau. Sistem pembayaran diperlukan agar perpindahan dana

berjalan aman, efisien, cepat, dan dapat dipertanggungjawabkan.

Dalam hal ini, negara

melalui Bank Indonesia memiliki kepentingan besar

untuk mengatur sistem

pembayaran agar stabilitas moneter, stabilitas sistem keuangan, perlindungan

konsumen, dan kelancaran transaksi dapat dijaga.

Peraturan Bank

Indonesia tentang sistem pembayaran dan penyedia jasa pembayaran menempatkan tata kelola sistem pembayaran sebagai

bagian penting dari pengaturan ekonomi digital. PBI No. 23/6/PBI/2021

mengatur penyedia jasa pembayaran sebagai tindak lanjut dari reformasi pengaturan sistem pembayaran dan perkembangan

inovasi model bisnis pembayaran. Selain itu, Bank Indonesia juga menerbitkan

ketentuan standardisasi sistem pembayaran melalui PBI No. 23/11/PBI/2021

sebagai bagian dari reformasi regulasi sistem pembayaran nasional.

Namun, botol tidak boleh berubah menjadi

kurungan. Sistem pembayaran yang diwajibkan harus memiliki dasar hukum, tujuan

yang sah, dan mekanisme yang adil. Apabila kewajiban menggunakan sistem

pembayaran tertentu bersumber dari negara untuk standardisasi, keamanan,

interoperabilitas, dan efisiensi publik, maka kewajiban tersebut dapat

dibenarkan sepanjang proporsional dan tidak diskriminatif. Tetapi jika

kewajiban itu bersumber dari pelaku usaha dominan untuk mengunci konsumen atau

memaksa pedagang masuk ke ekosistem tertentu, maka ia perlu

diuji dari perspektif perlindungan konsumen dan persaingan

usaha.

Menurut Lawrence

M. Friedman, bekerjanya hukum ditentukan oleh substansi hukum, struktur hukum, dan budaya hukum (Friedman, 1975). Dalam konteks

sistem pembayaran, substansi

hukum mencakup aturan Bank Indonesia, perlindungan konsumen, persaingan usaha,

dan perlindungan data. Struktur hukum mencakup Bank Indonesia, OJK, KPPU,

pemerintah, pengadilan, dan penyelenggara sistem pembayaran. Budaya hukum mencakup kepatuhan pelaku usaha, kesadaran

konsumen, serta etika bisnis digital.

Kewajiban Pembayaran dan Kepastian Hukum

Kewajiban

menggunakan sistem pembayaran tertentu dapat dibenarkan apabila lahir dari

kebutuhan kepastian hukum dan ketertiban transaksi. Dalam transaksi publik,

misalnya, penggunaan sistem pembayaran tertentu dapat membantu pencatatan,

akuntabilitas, pengawasan, pencegahan kebocoran

penerimaan, dan transparansi keuangan. Dalam transaksi digital, standardisasi

pembayaran juga dapat menghindari fragmentasi sistem yang membingungkan

konsumen.

Contohnya, QRIS

dibangun sebagai standar nasional QR Code pembayaran. QRIS bertujuan agar

pembayaran berbasis QR Code dapat berjalan lebih terhubung, tidak

terpecah-pecah berdasarkan masing-masing penyedia layanan. Dengan standar

bersama, konsumen tidak perlu memiliki banyak

aplikasi hanya untuk

membaca kode QR yang berbeda.

Pedagang juga dapat menerima

pembayaran dari berbagai aplikasi yang tergabung dalam ekosistem QRIS. Bank Indonesia

menyebut QRIS sebagai

standardisasi pembayaran menggunakan metode QR Code dari

Bank Indonesia.

Dalam metafora

botol, QRIS dapat dipahami sebagai upaya membuat ukuran mulut botol yang seragam.

Jika setiap pelaku

usaha membuat botol

dengan tutup berbeda,

konsumen akan kesulitan

menuangkan air transaksi. Standardisasi membuat botol lebih mudah digunakan

banyak pihak.

Namun, kepastian hukum harus tetap

memperhatikan prinsip pilihan

dan proporsionalitas.

Kewajiban menggunakan sistem pembayaran tertentu tidak boleh menutup sepenuhnya

kemungkinan pembayaran lain, kecuali memang ada dasar hukum yang jelas, alasan keamanan yang kuat,

atau kebutuhan administrasi yang sah. Dalam transaksi privat, pembatasan cara

pembayaran harus diberitahukan secara jelas sejak awal, tidak boleh menipu, tidak

boleh merugikan konsumen, dan tidak boleh menimbulkan biaya

tersembunyi.

Perlindungan Konsumen: Jangan Memaksa Air Masuk ke Botol yang Sempit

Konsumen adalah

pihak yang sering berada dalam posisi lemah ketika berhadapan dengan sistem pembayaran digital. Konsumen mungkin

tidak memahami biaya layanan, risiko data pribadi,

syarat penggunaan aplikasi, prosedur pengembalian dana, atau konsekuensi dari

kegagalan transaksi. Karena

itu, kewajiban menggunakan sistem pembayaran tertentu

harus diuji dari sisi perlindungan konsumen.

UU No. 8 Tahun 1999 tentang Perlindungan

Konsumen memberikan hak kepada konsumen untuk memperoleh informasi yang benar,

jelas, dan jujur mengenai kondisi dan jaminan barang atau jasa. Dalam konteks

pembayaran digital, informasi yang benar tidak hanya mengenai barang, tetapi juga mengenai cara pembayaran, biaya administrasi, potongan,

batas waktu pembayaran, risiko gagal bayar, dan prosedur pengaduan.

Menurut Ahmadi Miru dan Sutarman

Yodo, perlindungan konsumen

diperlukan karena posisi konsumen sering tidak seimbang

dibandingkan pelaku usaha, terutama dalam hal informasi dan daya tawar (Miru

& Yodo, 2015). Ketika pelaku usaha mewajibkan pembayaran melalui sistem

tertentu tanpa memberikan alternatif dan tanpa menjelaskan konsekuensinya, maka

konsumen dapat mengalami ketidakadilan kontraktual.

Botol yang terlalu sempit membuat air sulit

masuk. Sistem pembayaran yang terlalu dipaksakan membuat konsumen sulit bertransaksi. Tidak semua orang memiliki ponsel pintar,

rekening bank, dompet digital, jaringan internet stabil, literasi digital, atau

akses ke aplikasi tertentu. Bagi sebagian masyarakat, uang tunai masih menjadi alat pembayaran paling mudah. Karena itu, kewajiban

pembayaran digital harus memperhatikan inklusi keuangan dan kesenjangan

digital.

Amartya Sen

menyatakan bahwa pembangunan harus dipahami sebagai perluasan kemampuan

manusia, bukan sekadar peningkatan angka ekonomi (Sen, 1999). Dalam konteks

pembayaran digital, kemajuan bukan hanya banyaknya transaksi non-tunai, tetapi

sejauh mana semua kelompok masyarakat memiliki kemampuan nyata

untuk menggunakan sistem

tersebut tanpa tersisih.

Persaingan Usaha: Ketika Botol

Dikuasai oleh Satu Pelaku

Kewajiban

menggunakan sistem pembayaran tertentu juga dapat menjadi persoalan persaingan usaha. Apabila pelaku usaha dominan memaksa konsumen atau mitra usaha hanya menggunakan sistem pembayaran

miliknya atau afiliasinya, maka hal itu dapat menciptakan penguncian pasar.

Konsumen kehilangan pilihan, pelaku usaha kecil kehilangan daya tawar, dan

penyedia jasa pembayaran lain kehilangan kesempatan bersaing.

UU No. 5 Tahun 1999 melarang praktik

monopoli dan persaingan usaha tidak

sehat. Dalam konteks sistem pembayaran, isu yang dapat muncul antara lain tying arrangement,

exclusive dealing,

diskriminasi akses, penyalahgunaan posisi dominan, dan penguasaan pasar. Jika

suatu platform digital mewajibkan seluruh

transaksi hanya melalui

dompet digital tertentu yang terafiliasi dengannya, maka

perlu diuji apakah kewajiban tersebut objektif, proporsional, transparan, dan

tidak menutup pasar bagi pesaing.

Menurut Richard A. Posner, hukum persaingan

usaha bertujuan mencegah perilaku pelaku usaha yang merusak kompetisi dan

merugikan konsumen (Posner, 2001). Dalam sistem pembayaran digital,

kerugian konsumen tidak

selalu tampak sebagai

harga yang lebih

mahal. Kerugian juga dapat muncul dalam bentuk kehilangan pilihan,

ketergantungan ekosistem, biaya layanan yang meningkat, dan penguasaan data

transaksi.

Jean Tirole menjelaskan bahwa kekuatan pasar

perlu dianalisis melalui struktur insentif, hambatan masuk, dan strategi pelaku

usaha dalam menguasai pasar (Tirole, 1988). Dalam ekonomi digital,

sistem pembayaran dapat

menjadi pintu masuk

dominasi karena siapa

yang menguasai pembayaran sering kali juga menguasai data, perilaku

konsumen, promosi, loyalitas, dan arus transaksi.

Dalam metafora botol, persaingan usaha tidak

sehat terjadi ketika satu pelaku bukan hanya menyediakan botol, tetapi juga

menutup semua sumber air lain dan memaksa setiap orang memakai botolnya. Pasar yang sehat

membutuhkan banyak pilihan

botol yang dapat

dipakai secara aman, adil, dan saling terhubung.

Kebebasan Berkontrak dan Batasnya

Pelaku usaha pada

prinsipnya memiliki kebebasan untuk menentukan syarat transaksi, termasuk cara pembayaran. Prinsip

ini sejalan dengan

asas kebebasan berkontrak dalam hukum perjanjian. Namun, kebebasan berkontrak tidak

bersifat mutlak. Ia dibatasi oleh undang-undang, ketertiban umum, kesusilaan,

itikad baik, kepatutan, perlindungan konsumen, dan keseimbangan para pihak.

Dalam transaksi

digital, klausula pembayaran sering disusun sepihak oleh pelaku usaha. Konsumen

hanya diberi pilihan menerima atau tidak menggunakan layanan. Dalam keadaan

demikian, kewajiban menggunakan sistem pembayaran tertentu

dapat menjadi klausula

baku. Klausula baku tidak otomatis dilarang, tetapi dapat bermasalah

apabila mengalihkan tanggung jawab pelaku usaha, membatasi hak konsumen,

menimbulkan biaya tersembunyi, atau memaksa konsumen tunduk pada ketentuan yang

tidak wajar.

Menurut Mariam Darus Badrulzaman, perjanjian baku sering menempatkan konsumen pada posisi

lemah karena isi perjanjian telah ditentukan sepihak oleh pihak yang lebih kuat

(Badrulzaman, 1994). Dalam sistem pembayaran digital, posisi lemah itu semakin

nyata karena konsumen tidak hanya berhadapan dengan teks kontrak, tetapi juga

dengan desain aplikasi, algoritma, dan ekosistem digital yang tidak mudah

dinegosiasikan.

Oleh karena itu, kewajiban menggunakan sistem pembayaran tertentu

harus memenuhi asas transparansi, keadilan, dan

keseimbangan. Konsumen harus diberi informasi sejak awal.Biaya harus jelas.

Risiko harus dijelaskan. Mekanisme pengembalian dana harus tersedia. Jika transaksi gagal karena sistem

pembayaran, konsumen tidak boleh dibebani

secara tidak adil.

Data Pribadi dan Jejak Transaksi

Sistem pembayaran

digital bukan hanya memindahkan uang, tetapi juga menciptakan data. Setiap

pembayaran menghasilkan jejak: siapa membayar, kepada siapa, kapan, berapa

jumlahnya, di mana transaksi terjadi,

barang apa yang dibeli, dan pola konsumsi

seperti apa yang terbentuk. Data ini bernilai ekonomi tinggi.

UU No. 27 Tahun 2022 tentang Pelindungan

Data Pribadi menegaskan bahwa pelindungan data pribadi merupakan bagian dari

hak asasi manusia. Karena itu, kewajiban menggunakan sistem pembayaran tertentu tidak boleh menjadi cara tersembunyi untuk mengumpulkan data secara berlebihan. Konsumen harus

mengetahui data apa yang diproses, untuk tujuan apa, berapa lama disimpan, dan

kepada siapa dibagikan.

Menurut Shoshana Zuboff, kapitalisme

pengawasan bekerja dengan cara mengambil pengalaman manusia sebagai bahan

mentah untuk diprediksi dan dikomersialisasi (Zuboff, 2019). Dalam pembayaran

digital, pengalaman manusia itu tampak dalam jejak transaksi. Apabila data pembayaran digunakan untuk iklan tertarget, penilaian kredit, segmentasi harga, atau penawaran yang manipulatif tanpa kontrol yang adil,

maka sistem pembayaran berubah dari botol transaksi menjadi botol pengawasan.

Etika hukum menghendaki agar pemrosesan data pembayaran dilakukan secara minimal, sah, transparan, aman, dan bertanggung

jawab. Botol pembayaran tidak boleh bocor. Jika botol bocor, yang tumpah bukan

hanya uang, tetapi juga privasi, martabat, dan rasa aman konsumen.

Kewajiban Pembayaran dalam Pelayanan Publik

Dalam pelayanan

publik, penggunaan sistem pembayaran tertentu dapat membantu pemerintah mengurangi pungutan liar, meningkatkan akuntabilitas, mempercepat layanan, dan memudahkan pencatatan

penerimaan. Namun, kewajiban pembayaran digital dalam pelayanan publik harus

memperhatikan akses masyarakat.

Apabila suatu

layanan publik hanya menerima pembayaran melalui kanal tertentu, pemerintah harus memastikan bahwa kanal tersebut

mudah diakses, tidak menimbulkan biaya berlebihan, tersedia alternatif bagi

masyarakat yang tidak memiliki akses digital, dan tidak menghambat hak

masyarakat memperoleh layanan. Pelayanan publik tidak boleh menjadi eksklusif

hanya bagi warga yang memiliki aplikasi, rekening, atau perangkat tertentu.

Prinsip negara hukum menuntut bahwa kebijakan pembayaran dalam pelayanan publik harus

memiliki dasar kewenangan yang jelas. Kebijakan tersebut harus diumumkan, mudah

dipahami, tidak diskriminatif, dan dapat dipertanggungjawabkan. Jika tidak,

sistem pembayaran digital dapat menjadi hambatan administratif baru.Dalam metafora botol, pemerintah boleh

menyediakan botol yang lebih rapi untuk menampung penerimaan negara atau

daerah. Tetapi pemerintah tidak boleh lupa bahwa masyarakat datang membawa

berbagai wadah kemampuan. Ada yang sudah siap digital, ada yang masih tunai, ada yang terkendala jaringan, ada yang tidak

memahami aplikasi. Keadilan pelayanan publik menuntut agar

semua tetap dapat dilayani.

QRIS dan Standarisasi yang Inklusif

QRIS merupakan

contoh penting dalam diskusi kewajiban sistem pembayaran tertentu. Sebagai

standar nasional QR Code pembayaran, QRIS bertujuan mendorong

interoperabilitas, efisiensi, keamanan, dan inklusi transaksi. PADG BI No. 3

Tahun 2025 menunjukkan bahwa QRIS terus dikembangkan, termasuk model merchant

presented mode, customer

presented mode, QRIS TUNTAS, dan interkoneksi transaksi antarnegara.

Secara konseptual, QRIS berbeda dari pemaksaan aplikasi

tunggal. QRIS justru

dimaksudkan sebagai standar agar berbagai penyedia layanan dapat saling

terhubung. Dengan demikian, QRIS dapat menjadi botol bersama, bukan botol milik

satu pelaku. Standardisasi seperti ini dapat mendukung persaingan karena

konsumen dan pedagang tidak terkunci pada satu aplikasi tertentu.

Namun,

implementasi tetap harus diawasi. Pedagang kecil perlu memahami biaya, batas

transaksi, pencairan dana, penyelesaian sengketa, dan risiko teknis. Bank

Indonesia menjelaskan bahwa untuk transaksi reguler usaha mikro dengan nominal

transaksi sampai dengan Rp500.000,00, skema merchant discount rate tertentu

dapat bernilai 0%. Informasi seperti ini penting

agar pedagang kecil tidak salah paham, tidak dibebani biaya

tidak resmi, dan tidak

dieksploitasi oleh pihak yang mengatasnamakan layanan pembayaran.

QRIS dapat menjadi

contoh botol yang baik apabila ia terbuka, interoperabel, mudah digunakan, terjangkau, aman, dan berpihak

pada inklusi. Tetapi botol

yang baik tetap harus dirawat: edukasi harus berjalan, pengawasan biaya harus kuat, dan perlindungan konsumen harus nyata.

Keadilan Sosial dalam

Sistem Pembayaran

Sistem pembayaran bukan hanya persoalan teknis perbankan. Ia adalah

infrastruktur keadilan

ekonomi. Siapa yang dapat membayar,

bagaimana cara membayar,

berapa biaya pembayaran, dan siapa yang menguasai data

pembayaran adalah persoalan hukum ekonomi yang sangat penting.

John Rawls

menyatakan bahwa ketimpangan sosial dan ekonomi hanya dapat dibenarkan apabila

memberi manfaat terbesar bagi kelompok yang paling kurang beruntung (Rawls,

1999). Jika prinsip ini digunakan dalam sistem pembayaran, maka kebijakan

pembayaran digital harus memberi manfaat nyata bagi kelompok kecil: pedagang

pasar, UMKM, masyarakat berpenghasilan rendah,

warga pedesaan, orang tua, dan kelompok yang belum

sepenuhnya melek digital.

Mohammad Hatta

menekankan bahwa ekonomi Indonesia harus berakar pada asas kebersamaan dan

kepentingan rakyat banyak (Hatta, 2015). Dalam konteks pembayaran digital, gagasan

Hatta mengingatkan bahwa modernisasi sistem pembayaran harus diarahkan

untuk memperluas partisipasi rakyat, bukan mempersempit akses melalui

ketergantungan pada ekosistem komersial tertentu.

Keadilan sosial

menuntut agar tidak ada masyarakat yang tercecer hanya karena tidak memiliki aplikasi

tertentu. Tidak boleh ada UMKM yang tersingkir hanya karena tidak mampu membayar biaya sistem pembayaran. Tidak boleh ada konsumen yang

dipaksa menyerahkan data secara berlebihan hanya untuk membeli

barang sederhana. Tidak boleh

ada pelaku usaha dominan yang mengunci pasar melalui kanal pembayaran tertutup.Botol pembayaran harus cukup luas untuk menampung semua lapisan masyarakat. Jika terlalu sempit, ia hanya menampung yang kuat dan menumpahkan

yang lemah.

Rumusan Prinsip Hukum yang Ideal

Kewajiban menggunakan sistem pembayaran tertentu

perlu diuji dengan

beberapa prinsip hukum.Pertama,

prinsip legalitas

. Kewajiban harus memiliki dasar hukum atau dasar

kontraktual yang sah. Jika berasal dari pemerintah, harus ada kewenangan. Jika berasal dari pelaku usaha, harus ada kesepakatan yang

transparan dan tidak melanggar hukum.Kedua,

prinsip transparansi

. Konsumen

harus mengetahui cara pembayaran, biaya,

risiko, waktu penyelesaian, dan prosedur pengaduan.

Ketiga,

prinsip proporsionalitas

. Kewajiban

pembayaran tertentu harus sebanding dengan tujuan yang hendak dicapai.

Efisiensi tidak boleh dijadikan alasan untuk membatasi hak secara berlebihan.Keempat,

prinsip non-diskriminasi

. Sistem pembayaran tidak boleh menyingkirkan kelompok tertentu yang

tidak memiliki akses digital atau rekening tertentu.Kelima,

prinsip perlindungan konsumen

. Konsumen harus tetap memiliki hak atas

informasi, keamanan, kenyamanan, pilihan, dan ganti rugi apabila dirugikan.Keenam,

prinsip persaingan sehat

. Kewajiban

pembayaran tidak boleh menjadi alat penguncian

pasar, penyalahgunaan posisi

dominan, atau diskriminasi terhadap penyedia jasa pembayaran lain.Ketujuh,

prinsip

perlindungan data pribadi

. Data transaksi harus

dikelola secara sah, terbatas, aman, dan bertanggung

jawab.Kedelapan,

prinsip inklusi keuangan

. Sistem

pembayaran harus memperluas akses, bukan

menciptakan tembok baru bagi masyarakat kecil.

Penutup

Kewajiban

menggunakan sistem pembayaran tertentu adalah persoalan yang tampak teknis,

tetapi sesungguhnya menyentuh

jantung hukum ekonomi

modern. Pembayaran bukan

sekadar cara memindahkan uang. Pembayaran adalah pintu masuk ke pasar,

layanan publik, konsumsi, pekerjaan, dan kehidupan sosial. Karena itu, ketika

cara pembayaran dibatasi, hak dan akses masyarakat juga dapat ikut dibatasi.

Metafora botol mengajarkan bahwa sistem pembayaran memang diperlukan sebagai

wadah transaksi. Tanpa botol, air ekonomi dapat tumpah. Namun, botol

tidak boleh menjadi alat pengurungan. Botol pembayaran harus aman, bersih,

terbuka, tidak bocor,

dan cukup luas untuk menampung seluruh masyarakat.Kewajiban menggunakan sistem pembayaran

tertentu dapat dibenarkan apabila didasarkan pada hukum, bertujuan sah,

transparan, proporsional, tidak diskriminatif, melindungi konsumen, menjaga

persaingan usaha, dan menghormati data pribadi. Sebaliknya, kewajiban tersebut dapat bermasalah apabila digunakan untuk

memaksa konsumen, mengunci pasar, memperbesar dominasi platform, membebani

UMKM, atau mengumpulkan data secara berlebihan.

Pada akhirnya, sistem pembayaran digital

Indonesia harus menjadi botol keadilan: menampung inovasi, menjaga keamanan,

mempercepat transaksi, tetapi

tetap menghormati kebebasan

memilih, perlindungan konsumen, persaingan sehat, dan keadilan sosial.

editor/Layout  : Tasrif

Daftar

Pustaka

Badrulzaman,

M. D. (1994).

Aneka hukum

bisnis

. Bandung: Alumni.

Bank Indonesia. (2025).

Quick Response Code Indonesian Standard (QRIS)

. Jakarta:

Bank Indonesia.

Friedman, L. M. (1975).

The legal system: A social science

perspective

. New York: Russell

Sage Foundation.

Hatta, M. (2015).

Membangun koperasi dan koperasi

membangun

. Jakarta: Kompas.

Miru, A., & Yodo, S. (2015).

Hukum perlindungan konsumen

. Jakarta: RajaGrafindo Persada.

Posner, R. A. (2001).

Antitrust law

(2nd ed.).

Chicago: University of Chicago Press.

Rawls, J. (1999).

A theory

of justice

revised edition. Cambridge, MA: Harvard

University Press.

Sen, A. (1999).

Development as freedom

. New York: Alfred

A. Knopf.

Tirole, J. (1988).

The theory of industrial organization

. Cambridge, MA: MIT Press.

Zuboff, S. (2019).

The age of surveillance capitalism: The fight for a human future at the new

frontier of power

. New York: PublicAffairs.

Undang-Undang Dasar Negara Republik

Indonesia Tahun 1945.

Undang-Undang Republik

Indonesia Nomor 8 Tahun 1999 tentang Perlindungan Konsumen.

Undang-Undang Republik

Indonesia Nomor 5 Tahun 1999 tentang Larangan

Praktek Monopoli dan Persaingan Usaha Tidak Sehat.

Undang-Undang Republik

Indonesia Nomor 27 Tahun 2022 tentang Pelindungan Data Pribadi.

Undang-Undang Republik

Indonesia Nomor 4 Tahun 2023 tentang Pengembangan dan Penguatan Sektor Keuangan.

Peraturan

Bank Indonesia Nomor 22/23/PBI/2020 tentang Sistem Pembayaran. Peraturan Bank Indonesia Nomor

23/6/PBI/2021 tentang Penyedia

Jasa Pembayaran.

Peraturan Bank Indonesia Nomor

23/11/PBI/2021 tentang Standar

Nasional Sistem Pembayaran.

Peraturan Pemerintah Republik Indonesia Nomor

80 Tahun 2019 tentang Perdagangan Melalui Sistem Elektronik.

Peraturan Anggota Dewan Gubernur Bank

Indonesia Nomor 21/18/PADG/2019 tentang Implementasi Standar Nasional Quick

Response Code untuk

Pembayaran, sebagaimana telah diubah terakhir dengan Peraturan

Anggota Dewan Gubernur

Bank Indonesia Nomor 3

Tahun 2025.

di dalam

Essai

Humas IAIN Parepare

30 Juli 2026

blog kami

Riset

Opini

Kerja sama

Zona Integitasme

Berita

Pengumuman

Podcast

Media Highlights

Kisah Inspiratif

Essai

Arsip

Semua tanggal

Juni

2026

Juli

2026

Agustus

2026

September

2026

Oktober

2026

Masuk

untuk meninggalkan komentar

Baca Berikutnya

“KERETA” DAN PERSAINGAN USAHA TIDAK SEHAT DI INDONESIA

Oleh: Dr. Zainal Said.,MH (Dosen Fakultas Syariah dan Ilmu Hukum IAIN Parepare)",https://ppid.iainpare.ac.id/web/image/9153-426f4a8e/700x0/gedung-rektorat.png
https://www.iainpare.ac.id/blog/essai-34/kereta-dan-persaingan-usaha-tidak-sehat-di-indonesia-6441,“KERETA” DAN PERSAINGAN USAHA TIDAK SEHAT DI INDONESIA,"27 Juli, 2026","“KERETA” DAN PERSAINGAN USAHA TIDAK SEHAT DI INDONESIA

Oleh: Dr. Zainal Said.,MH (Dosen Fakultas Syariah dan Ilmu Hukum IAIN Parepare)

27 Juli, 2026

oleh

Humas IAIN Parepare

Pendahuluan

Persaingan usaha

dalam ekonomi ibarat perjalanan sebuah kereta. Relnya adalah hukum,

lokomotifnya adalah pelaku usaha, gerbongnya adalah konsumen, pekerja,

UMKM, pemasok, investor, dan

masyarakat luas. Stasiunnya adalah kesejahteraan, efisiensi, keadilan, serta

pertumbuhan ekonomi. Jika kereta berjalan di atas rel yang benar, maka seluruh

gerbong dapat bergerak menuju tujuan bersama. Namun, apabila rel dibengkokkan

oleh monopoli, kartel, persekongkolan tender, penyalahgunaan posisi dominan,

atau praktik diskriminatif, maka kereta ekonomi dapat tergelincir dan menabrak

kepentingan rakyat.

Persaingan

usaha yang sehat

merupakan syarat penting

bagi ekonomi yang adil. Dalam

pasar yang sehat, pelaku usaha berlomba

meningkatkan kualitas, menurunkan harga, memperbaiki layanan, dan berinovasi.

Konsumen memperoleh pilihan yang lebih luas, pelaku usaha kecil memiliki peluang

masuk pasar, dan negara memperoleh iklim ekonomi yang dinamis.Sebaliknya, persaingan usaha tidak sehat membuat pasar menjadi sempit,

harga dikendalikan, kesempatan

usaha tertutup, dan kekuasaan ekonomi terkonsentrasi pada segelintir pelaku.

Di Indonesia, persaingan usaha tidak sehat

bukan hanya persoalan ekonomi, tetapi juga persoalan hukum dan keadilan

sosial. Pasal 33 UUD 1945 menegaskan bahwa perekonomian

nasional disusun sebagai usaha bersama berdasarkan asas kekeluargaan. Artinya,

ekonomi Indonesia tidak boleh dibiarkan menjadi arena bebas tanpa batas, tempat

pelaku kuat menyingkirkan pelaku lemah. Hukum harus hadir sebagai rel yang

menjaga agar kereta ekonomi tidak keluar dari jalur konstitusi.

Undang-Undang Nomor

5 Tahun 1999 lahir sebagai instrumen utama untuk mencegah praktik monopoli dan

persaingan usaha tidak sehat. Undang-undang ini mengatur berbagai larangan,

seperti perjanjian oligopoli, penetapan harga, pembagian wilayah, pemboikotan,

kartel, trust, oligopsoni, integrasi vertikal, perjanjian tertutup, monopoli,

monopsoni, penguasaan pasar, persekongkolan, dan penyalahgunaan posisi dominan.

Semua larangan tersebut pada dasarnya

bertujuan menjaga agar kereta

ekonomi berjalan di atas rel persaingan

yang adil.

Kereta sebagai Metafora Persaingan Usaha

Kereta tidak dapat

berjalan tanpa rel. Secepat apa pun lokomotifnya, sebesar apa pun mesinnya, dan sebanyak apa pun gerbongnya, kereta membutuhkan rel yang lurus, kuat, dan terawat. Dalam ekonomi, rel itu adalah

hukum persaingan usaha. Tanpa hukum persaingan, kekuatan pasar dapat bergerak

liar, menabrak pesaing, menekan konsumen, dan menguasai jalur ekonomi secara

sewenang-wenang.

Menurut Richard A.

Posner, hukum persaingan usaha berfungsi mencegah perilaku pelaku usaha yang

merusak kompetisi dan merugikan efisiensi pasar (Posner, 2001). Dalam kerangka

metafora kereta, hukum persaingan usaha memastikan bahwa setiap lokomotif

bisnis berjalan pada jalurnya masing-masing, tidak menutup rel bagi pesaing

lain, tidak merusak sinyal pasar, dan tidak menghalangi gerbong

konsumen untuk memperoleh manfaat.

Namun, kereta ekonomi tidak hanya bergerak

untuk kepentingan pelaku usaha besar. Ia membawa banyak penumpang. Konsumen

membutuhkan harga yang wajar. UMKM membutuhkan kesempatan bersaing. Pekerja

membutuhkan keberlanjutan usaha. Negara membutuhkan pasar yang efisien dan

adil. Karena itu, persaingan usaha bukan hanya soal siapa yang paling cepat

mencapai keuntungan, tetapi juga soal apakah perjalanan ekonomi itu aman,

terbuka, dan tidak merugikan penumpang lain.

Menurut Eleanor M.

Fox, hukum persaingan usaha tidak hanya melindungi efisiensi pasar, tetapi juga menjaga proses

kompetisi agar tidak

dirusak oleh konsentrasi kekuasaan ekonomi

(Fox, 2003). Pandangan ini penting bagi Indonesia karena struktur ekonomi

nasional sering ditandai oleh ketimpangan antara pelaku besar dan pelaku kecil.

Jika hukum tidak kuat, rel ekonomi dapat dikuasai oleh lokomotif besar,

sedangkan kereta kecil tidak diberi jalan.

Persaingan Usaha

Tidak Sehat sebagai

Kereta yang Keluar

Persaingan usaha

tidak sehat dapat dipahami sebagai keadaan ketika pelaku usaha tidak lagi

bersaing melalui kualitas, harga, inovasi, dan pelayanan, tetapi melalui

cara-cara yang merusak pasar. Dalam

UU No. 5 Tahun 1999,

persaingan usaha tidak

sehat diartikan sebagai persaingan antarpelaku usaha

dalam menjalankan kegiatan produksi dan/atau pemasaran barang dan/atau jasa

yang dilakukan dengan cara tidak jujur, melawan hukum, atau menghambat

persaingan usaha.

Jika pasar adalah

jalur perjalanan, maka persaingan usaha tidak sehat adalah kereta yang keluar rel. Ia mungkin

tetap bergerak, tetapi gerakannya membahayakan. Kartel membuat harga

tidak lagi lahir dari persaingan. Monopoli membuat konsumen kehilangan pilihan.

Persekongkolan tender membuat pengadaan barang dan jasa kehilangan integritas.Penyalahgunaan posisi dominan membuat

pesaing kecil sulit bertahan. Diskriminasi pasar membuat akses ekonomi tidak adil.

Andi Fahmi Lubis dan kawan-kawan menjelaskan

bahwa hukum persaingan usaha bertujuan menjaga iklim usaha yang kondusif

melalui pengaturan persaingan yang sehat, mencegah praktik monopoli, serta melindungi kepentingan umum dan efisiensi ekonomi nasional (Lubis et al., 2017). Dengan demikian,

penegakan hukum persaingan usaha tidak hanya menjaga pelaku usaha agar bersaing

secara adil, tetapi juga menjaga kepentingan masyarakat sebagai pengguna akhir

barang dan jasa.

Persaingan usaha

tidak sehat sering

kali tidak tampak

secara kasatmata. Di permukaan, harga mungkin terlihat normal, tender

tampak prosedural, distribusi terlihat berjalan, dan pelaku usaha terlihat

independen. Namun, di balik itu dapat terjadi kesepakatan tersembunyi,

pembagian wilayah, pengaturan pasokan, atau hambatan masuk bagi pesaing baru.

Karena itu, hukum persaingan usaha membutuhkan analisis ekonomi dan hukum yang

tajam.

Monopoli: Lokomotif

yang Menguasai Seluruh

Jalur

Monopoli terjadi

ketika satu pelaku

usaha atau satu kelompok usaha menguasai produksi atau

pemasaran barang dan jasa tertentu sehingga dapat mengendalikan pasar. Tidak

semua monopoli otomatis melanggar hukum, karena dalam keadaan tertentu monopoli

dapat terjadi karena efisiensi, hak kekayaan intelektual, atau penugasan negara.

Namun, monopoli menjadi masalah ketika digunakan untuk

menyingkirkan pesaing, mengendalikan harga, membatasi pasokan, atau merugikan

konsumen.

Dalam metafora

kereta, monopoli adalah lokomotif besar yang menguasai

seluruh jalur. Ia menentukan siapa yang boleh berjalan,

kapan boleh berangkat, berapa biaya tiket, dan gerbong mana yang boleh masuk.

Jika tidak diawasi, lokomotif tunggal itu dapat memperlambat perjalanan,

menaikkan harga, dan menutup kesempatan bagi kereta lain.

Menurut Herbert Hovenkamp, hukum antimonopoli

harus membedakan antara

keberhasilan bisnis yang diperoleh

secara sah melalui efisiensi dan inovasi dengan kekuasaan pasar yang

digunakan untuk menghambat kompetisi (Hovenkamp, 2005). Artinya, hukum tidak

boleh menghukum pelaku usaha hanya karena besar. Yang harus dicegah adalah

penggunaan kebesaran itu untuk merusak persaingan.

Dalam konteks Indonesia, pengawasan terhadap

monopoli penting pada sektor yang menyangkut hajat hidup orang banyak, seperti

pangan, energi, transportasi, telekomunikasi, keuangan digital, distribusi

barang pokok, dan platform ekonomi digital. Semakin penting suatu sektor

bagi masyarakat, semakin

besar kebutuhan negara

untuk memastikan agar tidak

terjadi penguasaan pasar yang merugikan kepentingan umum.

Kartel: Lokomotif yang Berpura-pura Bersaing

Kartel adalah salah

satu bentuk persaingan usaha tidak sehat yang paling merusak. Dalam kartel,

para pelaku usaha yang seharusnya bersaing justru bekerja sama untuk mengatur

harga, produksi, pasokan, atau wilayah pemasaran. Pasar tampak memiliki banyak

kereta, tetapi sebenarnya lokomotif-lokomotif itu diam-diam dikendalikan dari ruang kendali

yang sama.

Pasal 11 UU No. 5

Tahun 1999 melarang pelaku usaha membuat perjanjian dengan pesaingnya yang

bermaksud memengaruhi harga dengan mengatur produksi dan/atau pemasaran barang

dan/atau jasa, yang dapat mengakibatkan praktik monopoli dan/atau persaingan usaha tidak sehat. Larangan ini menjadi dasar penting untuk menindak kartel di

berbagai sektor.

Menurut Robert H. Bork, inti hukum

persaingan usaha adalah menjaga kesejahteraan konsumen dari tindakan pelaku

usaha yang mengurangi output, menaikkan harga, dan melemahkan efisiensi pasar (Bork, 1978).

Kartel jelas bertentangan dengan prinsip tersebut karena menghilangkan kompetisi

dan membuat konsumen membayar harga yang tidak terbentuk secara wajar.

Kartel dapat

terjadi dalam komoditas pangan, konstruksi, logistik, transportasi, jasa

keuangan, obat-obatan, atau produk industri.

Dampaknya tidak hanya

dirasakan oleh konsumen, tetapi

juga oleh ekonomi

nasional. Harga menjadi

tidak efisien, inovasi

melemah, pelaku usaha kecil sulit masuk pasar, dan kepercayaan publik

terhadap pasar menurun.Jika kereta kartel dibiarkan

berjalan, maka stasiun

persaingan sehat akan kosong. Penumpang tidak lagi memilih berdasarkan

layanan terbaik, tetapi dipaksa mengikuti harga yang sudah diatur oleh pelaku

usaha.

Persekongkolan Tender: Sinyal Palsu di Persimpangan Rel

Persekongkolan

tender merupakan praktik yang sangat berbahaya dalam pengadaan barang dan jasa.

Tender seharusnya menjadi

mekanisme persaingan terbuka

untuk memilih penyedia terbaik dengan harga dan

kualitas yang paling menguntungkan. Namun, dalam persekongkolan tender,

proses itu dibuat seolah-olah kompetitif, padahal pemenangnya sudah diatur.

Dalam

metafora kereta, persekongkolan tender adalah sinyal palsu di persimpangan rel.

Lampu terlihat hijau untuk semua, tetapi sebenarnya hanya satu kereta yang sudah diberi

jalan. Kereta lain hanya dijadikan pelengkap perjalanan agar proses tampak sah.Pasal

22 UU No. 5 Tahun 1999 melarang pelaku usaha bersekongkol untuk mengatur atau

menentukan pemenang tender sehingga dapat mengakibatkan persaingan usaha tidak sehat.

Setelah Putusan Mahkamah

Konstitusi terkait pengujian

Pasal 22 sampai Pasal 24,

frasa“pihak lain”

dalam norma persekongkolan dimaknai lebih terbatas sebagai

pihak yang terkait dengan pelaku usaha lain,

sehingga pembuktian harus dilakukan secara

hati-hati dan berbasis bukti yang kuat.Persekongkolan tender merugikan negara dan masyarakat karena dapat menyebabkan harga proyek lebih mahal, kualitas pekerjaan lebih rendah, dan

kesempatan pelaku usaha lain tertutup. Dalam pengadaan publik, praktik ini juga

dapat beririsan dengan korupsi, kolusi, dan penyalahgunaan kewenangan.

Menurut Lawrence M. Friedman, efektivitas

hukum bergantung pada substansi hukum, struktur hukum, dan budaya hukum (Friedman, 1975). Dalam kasus persekongkolan tender, substansi hukum mungkin sudah

tersedia, tetapi struktur pengawasan dan budaya integritas pengadaan harus

diperkuat agar praktik tersebut tidak terus berulang.

Penyalahgunaan Posisi Dominan: Mengunci Gerbong Pesaing

Posisi dominan

tidak selalu dilarang. Pelaku usaha dapat menjadi dominan karena efisiensi,

inovasi, reputasi, teknologi, atau kualitas layanan.

Namun, posisi dominan

menjadi persoalan hukum ketika

digunakan untuk menghambat pesaing, menekan pemasok, mendiskriminasi konsumen,

atau menutup akses pasar.Dalam metafora

kereta, penyalahgunaan posisi dominan adalah lokomotif besar yang mengunci gerbong

pesaing agar tidak dapat bergerak. Ia mungkin tidak menghancurkan rel secara langsung, tetapi menguasai

jalur, stasiun, tiket, dan sinyal. Pesaing kecil akhirnya tidak kalah karena

kualitas buruk, melainkan karena tidak diberi akses yang adil.

Menurut Jean

Tirole, kekuatan pasar perlu dianalisis melalui struktur insentif, hambatan

masuk, strategi harga, dan perilaku

pelaku usaha dalam memengaruhi persaingan (Tirole, 1988). Pandangan ini relevan terutama

dalam ekonomi modern yang melibatkan platform digital, jaringan distribusi, integrasi vertikal, dan

penguasaan data.

Dalam ekonomi digital,

posisi dominan dapat

muncul melalui efek jaringan, penguasaan data,

integrasi layanan, dan ketergantungan pengguna. Platform besar dapat menentukan

algoritma pencarian, biaya layanan, akses promosi, aturan akun, dan visibilitas

produk. Jika tidak diawasi, posisi dominan

digital dapat menjadi

bentuk baru penguasaan pasar yang sulit dilihat

dengan kacamata hukum lama.

Persaingan Usaha Tidak Sehat dan UMKM

UMKM sering menjadi

gerbong kecil dalam kereta ekonomi nasional. Jumlahnya banyak, kontribusinya

besar, tetapi daya tahannya sering terbatas. Mereka menghadapi keterbatasan

modal, teknologi, akses pasar,

perlindungan hukum, dan posisi tawar. Dalam persaingan yang sehat, UMKM dapat berkembang melalui

kreativitas dan kedekatan dengan konsumen.Namun, dalam persaingan tidak sehat, UMKM mudah tersingkir oleh kekuatan modal besar.

Persaingan usaha tidak sehat dapat merugikan UMKM melalui predatory

pricing, penguasaan jalur

distribusi, perjanjian tertutup, diskriminasi akses, peniruan produk,

ketergantungan platform, dan dominasi ritel besar. Dalam kondisi seperti itu,

UMKM tidak kalah karena tidak mampu bersaing, tetapi karena rel persaingan

telah dibuat miring.

John Rawls menyatakan bahwa ketimpangan

sosial dan ekonomi hanya dapat dibenarkan apabila memberi manfaat terbesar bagi

kelompok yang paling kurang beruntung (Rawls, 1999). Jika teori Rawls digunakan

dalam hukum persaingan usaha, maka negara harus memastikan bahwa struktur pasar tidak menutup

kesempatan bagi pelaku kecil. Persaingan tidak boleh hanya menguntungkan

yang kuat dan mempercepat tersingkirnya yang lemah.

Amartya Sen menegaskan bahwa pembangunan adalah perluasan kemampuan

manusia untuk menjalani kehidupan

yang bernilai (Sen, 1999). Dalam konteks UMKM, hukum persaingan usaha harus

memperluas kemampuan pelaku kecil untuk masuk pasar, memperoleh akses

distribusi, mendapatkan pembiayaan, menggunakan teknologi, dan menghadapi pelaku besar secara lebih setara.

KPPU

sebagai Penjaga Rel Persaingan

Komisi Pengawas

Persaingan Usaha atau KPPU merupakan lembaga utama yang bertugas mengawasi

pelaksanaan UU No. 5 Tahun 1999. Dalam metafora kereta, KPPU adalah penjaga rel, pengawas sinyal,

dan pemeriksa jalur agar perjalanan ekonomi tidak tergelincir. KPPU memiliki kewenangan untuk menerima laporan, melakukan penelitian, penyelidikan, pemeriksaan, memutus perkara, dan menjatuhkan

sanksi administratif sesuai ketentuan hukum.

KPPU berperan penting

karena praktik persaingan usaha tidak sehat

sering dilakukan secara tersembunyi. Kartel jarang ditulis

secara terang. Persekongkolan tender sering dibungkus dokumen formal.

Penyalahgunaan posisi dominan

sering disamarkan sebagai

strategi bisnis.Karena itu, KPPU membutuhkan data, keahlian ekonomi,

keberanian hukum, dan koordinasi

antarlembaga.

Dalam praktiknya, penegakan hukum persaingan usaha membutuhkan pembuktian yang kuat. KPPU harus

membedakan antara perilaku bisnis yang wajar dan perilaku anti-persaingan.Tidak semua harga

murah adalah predatory pricing. Tidak semua perusahaan besar melakukan monopoli.

Tidak semua kesamaan

harga adalah kartel.

Tetapi ketika terdapat

pola koordinasi, hambatan masuk, pengaturan pasar, atau eksploitasi

konsumen, hukum harus bergerak.

Satjipto Rahardjo

menyatakan bahwa hukum harus bekerja untuk manusia, bukan manusia untuk hukum

(Rahardjo, 2009). Dengan demikian, KPPU tidak hanya menjaga teori persaingan, tetapi juga menjaga

manusia di balik pasar: konsumen,

pedagang kecil, pekerja, dan masyarakat.

Persaingan Usaha Tidak Sehat dalam Ekonomi

Digital

Ekonomi digital

membawa bentuk baru persaingan usaha tidak sehat. Jika dahulu pasar

dikendalikan melalui gudang, toko, pelabuhan, atau jalur distribusi fisik, kini

pasar dapat dikendalikan melalui data,

algoritma, aplikasi, sistem

pembayaran, dan ekosistem platform. Rel kereta ekonomi

tidak lagi hanya besi, tetapi juga kode digital.

Platform digital dapat memberi manfaat

besar: memperluas pasar, menurunkan biaya transaksi, mempercepat layanan, dan membuka peluang

bagi UMKM. Namun, platform juga dapat menjadi penjaga gerbang yang

menentukan siapa terlihat dan siapa tenggelam.Algoritma dapat

menentukan produk mana yang muncul di halaman

utama, penjual mana yang memperoleh pelanggan, dan harga

mana yang dianggap kompetitif.

Menurut Frank Pasquale,

masyarakat digital menghadapi persoalan

black

, yaitu keputusan penting dibuat

oleh sistem tertutup

yang sulit dipahami

dan diawasi (Pasquale, 2015). Dalam konteks

persaingan usaha, algoritma yang tertutup dapat menyulitkan pembuktian

diskriminasi, manipulasi pasar, atau penyalahgunaan posisi dominan.

Karena itu, hukum persaingan usaha Indonesia perlu terus diperkuat agar mampu membaca pasar digital. Rel lama perlu

diperiksa kembali: apakah masih cukup kuat untuk menahan kecepatan lokomotif

digital? Jika tidak, negara harus memperbarui instrumen pengawasan, memperkuat akses data, dan membangun

kemampuan analisis teknologi dalam penegakan hukum persaingan.

Keadilan Sosial sebagai Stasiun

Akhir Persaingan Sehat

Persaingan usaha

bukan tujuan akhir.

Ia adalah jalan

menuju kesejahteraan, efisiensi, inovasi, dan keadilan sosial. Jika persaingan hanya

menghasilkan konsentrasi kekayaan, menyingkirkan pelaku kecil, dan melemahkan

konsumen, maka kereta ekonomi telah salah arah.Pasal 33 UUD 1945 menjadi kompas bahwa

ekonomi Indonesia harus bergerak menuju kemakmuran rakyat. Hukum persaingan usaha tidak boleh hanya meniru

logika pasar bebas,tetapi harus disesuaikan dengan cita hukum ekonomi Indonesia yang berkeadilan sosial. Persaingan sehat harus ditempatkan

dalam kerangka demokrasi ekonomi.

Mohammad Hatta menekankan bahwa ekonomi Indonesia

harus dibangun berdasarkan asas kebersamaan, koperasi, dan kepentingan rakyat banyak, bukan

penguasaan ekonomi oleh segelintir orang (Hatta, 2015). Pandangan Hatta

memperkuat bahwa penegakan hukum persaingan usaha di Indonesia tidak cukup

hanya mengukur efisiensi, tetapi juga harus memperhatikan pemerataan kesempatan

ekonomi.

Dalam metafora kereta,

stasiun akhir persaingan usaha bukanlah kemenangan satu lokomotif paling

kuat, tetapi tibanya seluruh penumpang pada tujuan keadilan. Konsumen

terlindungi, pelaku usaha kecil memperoleh ruang, inovasi berkembang, harga

wajar, dan pasar tidak dikuasai oleh kekuatan yang menyalahgunakan dominasinya.

Tantangan Penegakan Hukum Persaingan Usaha

Penegakan hukum persaingan usaha di Indonesia

menghadapi beberapa tantangan. Pertama, pembuktian praktik anti-persaingan sering sulit karena

pelanggaran dilakukan secara tersembunyi. Kedua, perkembangan ekonomi digital

melahirkan bentuk penguasaan pasar yang tidak selalu mudah diukur dengan

indikator konvensional. Ketiga, koordinasi antarlembaga belum selalu efektif.

Keempat, literasi pelaku usaha terhadap hukum persaingan masih perlu diperkuat.

Kelima, sanksi harus cukup memberikan efek jera.

Tantangan lainnya adalah menjaga

keseimbangan antara penegakan hukum dan kepastian berusaha. Hukum tidak boleh

menakut-nakuti pelaku usaha yang berinovasi secara sehat. Namun, hukum juga

tidak boleh lemah terhadap pelaku usaha yang menyalahgunakan kekuasaan pasar. Keseimbangan

ini penting agar kereta ekonomi

tetap bergerak cepat, tetapi tidak keluar rel.

Menurut Joseph E.

Stiglitz, pasar dapat gagal karena ketimpangan informasi, kekuasaan pasar, dan kelemahan institusi (Stiglitz, 2012). Oleh karena itu, penegakan hukum persaingan

usaha harus disertai penguatan institusi, keterbukaan data, perlindungan

konsumen, dan keberpihakan kepada struktur pasar yang inklusif.

Strategi Mencegah Persaingan Usaha

Tidak Sehat

Untuk mencegah

persaingan usaha tidak sehat, diperlukan beberapa strategi. Pertama, memperkuat kewenangan dan kapasitas KPPU dalam analisis

ekonomi, teknologi digital,

dan pembuktian perkara. Kedua, memperkuat koordinasi antara KPPU,

pemerintah, pengadilan, regulator sektor, dan pemerintah daerah. Ketiga,

meningkatkan kepatuhan pelaku usaha melalui program

competition compliance

Keempat, memperbaiki transparansi dalam

pengadaan barang dan jasa agar persekongkolan tender dapat dicegah sejak awal.

Kelima, mengawasi sektor-sektor strategis yang berkaitan dengan hajat hidup

orang banyak, seperti pangan, energi, transportasi, kesehatan, jasa keuangan,

dan platform digital. Keenam, memperkuat perlindungan UMKM dalam rantai pasok dan ekosistem digital.

Ketujuh, meningkatkan literasi

konsumen agar masyarakat dapat mengenali praktik pasar yang merugikan.

Hukum persaingan

usaha harus bekerja seperti petugas yang terus memeriksa rel. Ia tidak menunggu kereta

tergelincir baru bergerak. Ia harus mencegah kerusakan sejak tanda-tanda

awal muncul. Pencegahan lebih baik daripada memperbaiki kerugian setelah pasar

rusak.

Penutup

Persaingan usaha

tidak sehat adalah kereta yang keluar dari rel keadilan. Ia mungkin tetap

bergerak, bahkan tampak

cepat dan menguntungkan bagi sebagian pelaku.

Namun, di balik kecepatannya, ia membawa risiko

besar: konsumen dirugikan, UMKM tersingkir, harga dikendalikan, tender

dipalsukan, pasar dikuasai, dan demokrasi ekonomi melemah.

Hukum persaingan

usaha hadir sebagai rel yang menjaga agar perjalanan ekonomi tetap berada pada

jalur yang benar. UU No. 5 Tahun 1999 menjadi dasar penting untuk mencegah

monopoli, kartel, persekongkolan tender, penguasaan pasar, dan penyalahgunaan

posisi dominan. KPPU menjadi

penjaga rel agar pasar tidak

dibengkokkan oleh kekuasaan ekonomi yang tidak bertanggung jawab.

Namun, rel hukum tidak

cukup hanya ada. Ia harus kuat, dirawat,

dan disesuaikan dengan perkembangan zaman. Ekonomi

digital, platform, algoritma, dan konsentrasi data telah menciptakan jalur baru

yang membutuhkan pengawasan baru. Negara harus memastikan bahwa kereta ekonomi

digital tidak melaju meninggalkan keadilan sosial di stasiun lama.

Pada akhirnya,

persaingan usaha yang sehat bukan hanya tentang siapa yang menang di pasar, tetapi tentang

bagaimana pasar bekerja

untuk kepentingan masyarakat. Kereta ekonomi

Indonesia harus berjalan di atas rel konstitusi, membawa seluruh gerbong rakyat

menuju stasiun kesejahteraan. Jika rel itu dijaga, persaingan akan menjadi

energi kemajuan. Jika rel itu dibiarkan rusak, persaingan akan berubah menjadi

tabrakan kepentingan yang melukai keadilan.

Editor /Layout : Tasrif

Daftar

Pustaka

Bork, R. H. (1978).

The antitrust

paradox: A policy at

war with itself

. New York: Basic Books.

Fox, E. M. (2003). We protect competition, you protect competitors.

World Competition, 26

(2),

149–165.

Friedman, L. M. (1975).

The legal system: A social science

perspective

. New York: Russell

Sage Foundation.

Hatta, M. (2015).

Membangun koperasi dan koperasi

membangun

. Jakarta: Kompas.

Hovenkamp,

H. (2005).

The antitrust

enterprise: Principle and execution

. Cambridge, MA: Harvard

University Press.

Lubis, A. F., Anggraini, A. M. T., Toha, K., Kagramanto, L. B., Hawin, M., Sirait,

N. N., Prananingtyas, P.,

Sukarmi, Maarif, S., & Silalahi, U. (2017).

Hukum persaingan usaha: Buku teks

. Jakarta: Komisi Pengawas Persaingan

Usaha.

Pasquale,

F. (2015).

The black

box society: The secret algorithms that control money and information

. Cambridge, MA:

Harvard University Press.

Posner, R. A. (2001).

Antitrust law

(2nd ed.).

Chicago: University of Chicago Press.

Rahardjo, S. (2009).

Hukum progresif: Sebuah sintesa

hukum Indonesia

. Yogyakarta: Genta Publishing.

Rawls, J. (1999).

theory of justice

revised edition.

Cambridge, MA: Harvard

University Press.

Sen, A. (1999).

Development as freedom

. New York: Alfred

A. Knopf.

Stiglitz, J. E. (2012).

The price

of inequality: How today’s divided

society endangers our future

. New York: W. W. Norton

& Company.

Tirole, J. (1988).

The theory of industrial organization

. Cambridge, MA: MIT Press. Undang-Undang Dasar Negara Republik

Indonesia Tahun 1945.

Undang-Undang Republik

Indonesia Nomor 5 Tahun 1999 tentang Larangan

Praktek Monopoli dan Persaingan Usaha Tidak Sehat.

Peraturan Pemerintah Republik Indonesia Nomor

44 Tahun 2021 tentang Pelaksanaan Larangan Praktek Monopoli dan

Persaingan Usaha Tidak Sehat.

Peraturan Pemerintah Republik

Indonesia Nomor 57 Tahun 2010 tentang Penggabungan atau Peleburan Badan Usaha dan Pengambilalihan Saham Perusahaan yang Dapat Mengakibatkan Terjadinya Praktik Monopoli

dan Persaingan Usaha Tidak Sehat.

di dalam

Essai

Humas IAIN Parepare

27 Juli 2026

blog kami

Riset

Opini

Kerja sama

Zona Integitasme

Berita

Pengumuman

Podcast

Media Highlights

Kisah Inspiratif

Essai

Arsip

Semua tanggal

Juni

2026

Juli

2026

Agustus

2026

September

2026

Oktober

2026

Masuk

untuk meninggalkan komentar

Baca Berikutnya

“BAMBU” DAN ETIKA BISNIS DIGITAL DI INDONESIA

Oleh: Dr. Zainal Said.,MH (Dosen Fakultas Syariah dan Ilmu Hukum IAIN Parepare)",https://ppid.iainpare.ac.id/web/image/9153-426f4a8e/700x0/gedung-rektorat.png
https://www.iainpare.ac.id/blog/berita-1/harapan-baru-dimulai-dari-ruang-ujian-iain-parepare-gelar-seleksi-mandiri-gelombang-ii-6451,"Harapan Baru Dimulai dari Ruang Ujian, IAIN Parepare Gelar Seleksi Mandiri Gelombang II","30 Juli, 2026","Harapan Baru Dimulai dari Ruang Ujian, IAIN Parepare Gelar Seleksi Mandiri Gelombang II

30 Juli, 2026

oleh

Humas IAIN Parepare

Humas IAIN Parepare--- Suasana penuh harap tampak menyelimuti Lantai 2 Gedung Laboratorium Terpadu IAIN Parepare, Selasa (28/7/2026). Puluhan calon mahasiswa baru bersama orang tua atau wali hadir sejak pagi untuk mengikuti rangkaian Ujian Masuk Jalur Mandiri Gelombang II sebagai langkah awal meraih cita-cita menempuh pendidikan tinggi.

Seleksi diawali dengan Computer Based Test (CBT) yang diikuti seluruh peserta. Setelah menyelesaikan ujian berbasis komputer tersebut, para calon mahasiswa tidak langsung meninggalkan lokasi. Bersama orang tua atau wali, mereka mengikuti sesi wawancara mengenai kondisi ekonomi keluarga yang akan menjadi salah satu dasar penetapan Uang Kuliah Tunggal (UKT) apabila dinyatakan lulus.

Bagi banyak keluarga, hari itu bukan sekadar mengikuti proses seleksi, tetapi juga menjadi momen yang penuh doa dan harapan.

Salah satunya dirasakan Muhammad Ali Hafid, yang datang mendampingi putranya mengikuti seluruh tahapan seleksi. Ia mengaku bangga karena anaknya memilih melanjutkan pendidikan di IAIN Parepare pada Program Studi Hukum Keluarga Islam.

""Alhamdulillah hari ini mendampingi anak kami untuk ujian sekaligus wawancara masuk di perguruan tinggi IAIN Parepare. Anak kami memilih Hukum Keluarga Islam karena memang memiliki motivasi besar untuk kuliah di sini. Saya sendiri memiliki latar belakang pendidikan dari universitas Islam, sehingga berharap anak kami dapat menimba ilmu di IAIN Parepare. Semoga diberikan kesehatan dan kekuatan dalam melanjutkan pendidikannya. Kami juga berharap IAIN Parepare semakin unggul secara akademik dan semakin profesional,"" tuturnya.

Pelaksanaan seleksi berlangsung tertib dengan pengawasan panitia di setiap tahapan. Seluruh peserta mengikuti proses sesuai jadwal yang telah ditentukan sehingga kegiatan berjalan lancar.

Kepala Pusat Admisi IAIN Parepare, Dirga Ahmad, mengatakan bahwa penyelenggaraan seleksi merupakan bagian dari komitmen IAIN Parepare dalam memberikan kesempatan yang lebih luas kepada lulusan SMA, MA, SMK, maupun sederajat untuk melanjutkan pendidikan tinggi.

""Seluruh tahapan seleksi kami laksanakan dengan mengedepankan prinsip transparansi, objektivitas, akuntabilitas, dan profesionalisme sehingga setiap peserta memperoleh kesempatan yang sama untuk menunjukkan kemampuan terbaiknya,"" ujarnya.

Menurut Dirga, Jalur Mandiri Gelombang II menjadi alternatif bagi calon mahasiswa yang belum sempat mengikuti ataupun belum berhasil pada jalur seleksi sebelumnya. Melalui jalur ini, IAIN Parepare berharap dapat menjaring generasi muda yang tidak hanya memiliki kemampuan akademik, tetapi juga karakter, integritas, dan semangat untuk berkontribusi bagi masyarakat.

Ia juga mengajak masyarakat untuk terus mempercayakan pendidikan putra-putrinya di IAIN Parepare sebagai satu-satunya Perguruan Tinggi Keagamaan Islam Negeri di kawasan Ajatappareng yang terus berkomitmen menghadirkan pendidikan tinggi berkualitas, adaptif, dan berdaya saing.

Pelaksanaan Ujian Mandiri Gelombang II ini menjadi salah satu upaya IAIN Parepare dalam menghadirkan proses seleksi yang adil sekaligus membuka akses pendidikan tinggi yang lebih luas. Di balik setiap peserta yang mengikuti ujian, tersimpan harapan besar keluarga agar mereka dapat melanjutkan pendidikan dan menggapai masa depan yang lebih baik melalui IAIN Parepare. (Hyn)

di dalam

Berita

Humas IAIN Parepare

30 Juli 2026

blog kami

Riset

Opini

Kerja sama

Zona Integitasme

Berita

Pengumuman

Podcast

Media Highlights

Kisah Inspiratif

Essai

Arsip

Semua tanggal

Desember

2013

2014

Juni

2014

Desember

2015

Januari

2016

Februari

2016

Maret

2016

April

2016

2016

Juni

2016

Juli

2016

Agustus

2016

September

2016

Oktober

2016

November

2016

Desember

2016

Januari

2017

Februari

2017

Maret

2017

April

2017

2017

Juni

2017

Juli

2017

Agustus

2017

Oktober

2017

November

2017

Desember

2017

Januari

2018

Februari

2018

Maret

2018

April

2018

2018

Juni

2018

Juli

2018

Agustus

2018

September

2018

Oktober

2018

November

2018

Desember

2018

Januari

2019

Februari

2019

Maret

2019

April

2019

2019

Juli

2019

Januari

2020

Februari

2020

Maret

2020

April

2020

2020

September

2020

Oktober

2020

November

2020

Desember

2020

Januari

2021

Februari

2021

Maret

2021

April

2021

2021

Juni

2021

Juli

2021

Agustus

2021

September

2021

Oktober

2021

November

2021

Desember

2021

Januari

2022

Februari

2022

Maret

2022

April

2022

2022

Juni

2022

Juli

2022

Agustus

2022

September

2022

Oktober

2022

November

2022

Desember

2022

Januari

2023

Februari

2023

Maret

2023

April

2023

2023

Juni

2023

Juli

2023

Agustus

2023

September

2023

Oktober

2023

November

2023

Desember

2023

Januari

2024

Februari

2024

Maret

2024

April

2024

2024

Juni

2024

Juli

2024

Agustus

2024

September

2024

Oktober

2024

November

2024

Desember

2024

Januari

2025

Februari

2025

Maret

2025

April

2025

2025

Juni

2025

Juli

2025

Agustus

2025

September

2025

Oktober

2025

November

2025

Desember

2025

Januari

2026

Februari

2026

Maret

2026

April

2026

2026

Juni

2026

Juli

2026

Agustus

2026

September

2026

Oktober

2026

Masuk

untuk meninggalkan komentar

Baca Berikutnya

1 Agustus di Monas Ada Zikir dan Doa Kebangsaan, Terbuka untuk Umum",https://ppid.iainpare.ac.id/web/image/9153-426f4a8e/700x0/gedung-rektorat.png
https://www.iainpare.ac.id/blog/berita-1/28-jurnal-iain-parepare-kini-terakreditasi-sinta-al-maiyyah-melonjak-ke-sinta-2-6446,"28 Jurnal IAIN Parepare Kini Terakreditasi SINTA, Al-Maiyyah Melonjak ke SINTA 2","29 Juli, 2026","28 Jurnal IAIN Parepare Kini Terakreditasi SINTA, Al-Maiyyah Melonjak ke SINTA 2

29 Juli, 2026

oleh

Humas IAIN Parepare

Humas IAIN Parepare — Kabar membanggakan kembali datang dari IAIN Parepare. Berdasarkan Pengumuman Hasil Akreditasi Jurnal Ilmiah Periode 3 Tahun 2025 yang diterbitkan Direktorat Jenderal Sains dan Teknologi Kementerian Pendidikan Tinggi, Sains, dan Teknologi melalui Surat Nomor **862/DST/D.D1/HM.01.01/2026 tertanggal 28 Juli 2026, jumlah jurnal ilmiah terakreditasi SINTA yang dikelola IAIN Parepare resmi bertambah menjadi 28 jurnal.

Capaian ini menjadi tonggak penting dalam penguatan budaya akademik di lingkungan IAIN Parepare. Pada periode akreditasi kali ini, sebanyak tujuh jurnal berhasil meraih akreditasi SINTA untuk pertama kalinya, sekaligus memperluas kontribusi institusi dalam pengembangan publikasi ilmiah nasional.

Tujuh jurnal yang memperoleh akreditasi baru tersebut meliputi:

* Dialektika PAI – SINTA 5

* Anakta: Jurnal Pendidikan Islam Anak Usia Dini (PIAUD) – SINTA 5

* Delictum: Jurnal Hukum Pidana Islam (HPI) – SINTA 4

* Shigat: Jurnal Hukum Ekonomi Syariah (HES) – SINTA 4

* Sosiologia: Jurnal Sosiologi Agama (SA) – SINTA 4

* Jourmich: Journal of Islamic Communication (KPI)– SINTA 5

* Ijaza Mazawa – SINTA 5

Selain hadirnya tujuh jurnal baru, capaian yang tak kalah membanggakan juga ditorehkan oleh dua jurnal unggulan IAIN Parepare yang berhasil meningkatkan peringkat akreditasinya.

Al-Islah: Jurnal Pendidikan Islam yang diterbitkan Fakultas Tarbiyah berhasil naik satu tingkat dari SINTA 4 menjadi SINTA 3, menandai meningkatnya kualitas tata kelola jurnal, substansi artikel, dan dampak akademiknya.

Sementara itu, AL-MAIYYAH: Media Transformasi Gender dalam Paradigma Sosial Keagamaan yang diterbitkan LP2M IAIN Parepare mencatat lompatan prestasi dengan naik dua peringkat sekaligus, dari SINTA 4 menjadi SINTA 2. Pencapaian ini menempatkan AL-MAIYYAH sebagai salah satu jurnal bereputasi nasional yang semakin diperhitungkan dalam kajian gender, sosial, dan keagamaan.

Editor in Chief AL-MAIYYAH, Fawziah Zahrawati B, M.Pd., menyampaikan rasa syukur atas capaian tersebut. Menurutnya, peningkatan peringkat merupakan hasil kerja kolektif seluruh tim editor, reviewer, penulis, dan mitra bestari yang selama ini berkomitmen menjaga kualitas publikasi.

""Naiknya AL-MAIYYAH ke SINTA 2 merupakan amanah yang harus dijaga. Capaian ini bukan garis akhir, melainkan awal untuk terus meningkatkan kualitas tata kelola jurnal sesuai standar internasional. Terima kasih kepada seluruh editor, reviewer, penulis, dan pimpinan IAIN Parepare yang terus memberikan dukungan sehingga AL-MAIYYAH dapat berkembang secara berkelanjutan,"" ujar Fawziah.

Ketua LP2M IAIN Parepare, M. Majdy Amiruddin, M.M.A., mengungkapkan bahwa keberhasilan ini merupakan buah dari kolaborasi seluruh unsur di lingkungan kampus.

""Kami mengucapkan terima kasih kepada Rektor beserta seluruh pimpinan IAIN Parepare atas dukungan morel maupun materiel yang selama ini diberikan kepada pengelola jurnal. Dukungan tersebut menjadi energi bagi teman-teman editor untuk tetap bersemangat mengelola jurnal di tengah padatnya aktivitas tridarma perguruan tinggi. Semoga capaian ini menjadi motivasi untuk terus meningkatkan kualitas publikasi ilmiah dan membawa lebih banyak jurnal IAIN Parepare menuju peringkat yang lebih tinggi,"" ungkapnya.

Sementara itu, Kepala Pusat Publikasi dan Penerbitan LP2M IAIN Parepare, Dr. Suhartina, M.Pd., menilai bahwa bertambahnya jumlah jurnal terakreditasi menjadi 28 merupakan indikator semakin kuatnya ekosistem publikasi ilmiah di kampus.

""Peningkatan jumlah jurnal terakreditasi hingga mencapai 28 jurnal menunjukkan bahwa budaya mutu publikasi di IAIN Parepare terus tumbuh. Capaian ini tentu tidak diraih secara instan, tetapi melalui proses pendampingan, penguatan tata kelola OJS, peningkatan kualitas artikel, serta komitmen seluruh pengelola jurnal. Ke depan, fokus kami bukan hanya menambah jumlah jurnal terakreditasi, tetapi juga mendorong lebih banyak jurnal naik ke SINTA 2, SINTA 1, bahkan menuju indeksasi internasional bereputasi, mengikuti jejak Jurnal Banco"" jelasnya.

Dengan bertambahnya tujuh jurnal baru serta meningkatnya peringkat dua jurnal unggulan, IAIN Parepare semakin memperkuat posisinya sebagai salah satu perguruan tinggi keagamaan Islam yang konsisten membangun budaya riset dan publikasi ilmiah berkualitas. Capaian 28 jurnal terakreditasi SINTA diharapkan menjadi fondasi penting dalam meningkatkan daya saing institusi di tingkat nasional maupun internasional.

Penulis: Irmawati

Editor: Violet

di dalam

Berita

Humas IAIN Parepare

29 Juli 2026

blog kami

Riset

Opini

Kerja sama

Zona Integitasme

Berita

Pengumuman

Podcast

Media Highlights

Kisah Inspiratif

Essai

Arsip

Semua tanggal

Desember

2013

2014

Juni

2014

Desember

2015

Januari

2016

Februari

2016

Maret

2016

April

2016

2016

Juni

2016

Juli

2016

Agustus

2016

September

2016

Oktober

2016

November

2016

Desember

2016

Januari

2017

Februari

2017

Maret

2017

April

2017

2017

Juni

2017

Juli

2017

Agustus

2017

Oktober

2017

November

2017

Desember

2017

Januari

2018

Februari

2018

Maret

2018

April

2018

2018

Juni

2018

Juli

2018

Agustus

2018

September

2018

Oktober

2018

November

2018

Desember

2018

Januari

2019

Februari

2019

Maret

2019

April

2019

2019

Juli

2019

Januari

2020

Februari

2020

Maret

2020

April

2020

2020

September

2020

Oktober

2020

November

2020

Desember

2020

Januari

2021

Februari

2021

Maret

2021

April

2021

2021

Juni

2021

Juli

2021

Agustus

2021

September

2021

Oktober

2021

November

2021

Desember

2021

Januari

2022

Februari

2022

Maret

2022

April

2022

2022

Juni

2022

Juli

2022

Agustus

2022

September

2022

Oktober

2022

November

2022

Desember

2022

Januari

2023

Februari

2023

Maret

2023

April

2023

2023

Juni

2023

Juli

2023

Agustus

2023

September

2023

Oktober

2023

November

2023

Desember

2023

Januari

2024

Februari

2024

Maret

2024

April

2024

2024

Juni

2024

Juli

2024

Agustus

2024

September

2024

Oktober

2024

November

2024

Desember

2024

Januari

2025

Februari

2025

Maret

2025

April

2025

2025

Juni

2025

Juli

2025

Agustus

2025

September

2025

Oktober

2025

November

2025

Desember

2025

Januari

2026

Februari

2026

Maret

2026

April

2026

2026

Juni

2026

Juli

2026

Agustus

2026

September

2026

Oktober

2026

Masuk

untuk meninggalkan komentar

Baca Berikutnya

Hadapi Era AI, IAIN Parepare dan Unsulbar Perkuat Sinergi",https://ppid.iainpare.ac.id/web/image/9153-426f4a8e/700x0/gedung-rektorat.png
